ward_code,population_2011,area_sq_km,population_density_per_sq_km,healthcare_stress,healthcare_indicator_count,healthcare_indicator_total,healthcare_coverage_pct,education_stress,education_indicator_count,education_indicator_total,education_coverage_pct,sanitation_stress,sanitation_indicator_count,sanitation_indicator_total,sanitation_coverage_pct,safety_stress,safety_indicator_count,safety_indicator_total,safety_coverage_pct,transport_stress,transport_indicator_count,transport_indicator_total,transport_coverage_pct,civic_stress,civic_indicator_count,civic_indicator_total,civic_coverage_pct,green_space_stress,green_space_indicator_count,green_space_indicator_total,green_space_coverage_pct,urban_stress_index,urban_stress_domain_count,urban_stress_domain_coverage_pct,urban_stress_band
GS,377749,9.7411,38778.81,12.5,1,1,100.0,19.44444444444444,3,3,100.0,83.33333333333334,1,1,100.0,72.82608695652175,2,2,100.0,29.166666666666664,2,2,100.0,40.97222222222222,3,3,100.0,81.25,2,2,100.0,48.498964803312624,7,100.0,Moderate
FN,529034,12.8536,41158.27,54.16666666666666,1,1,100.0,59.02777777777777,3,3,100.0,70.83333333333334,1,1,100.0,22.134387351778656,2,2,100.0,16.666666666666664,2,2,100.0,45.833333333333336,3,3,100.0,70.83333333333334,2,2,100.0,48.49935692326996,7,100.0,Moderate
MW,411893,17.6202,23376.21,20.833333333333336,1,1,100.0,68.05555555555556,3,3,100.0,54.16666666666666,1,1,100.0,63.63636363636363,1,2,50.0,47.91666666666667,2,2,100.0,45.138888888888886,3,3,100.0,22.916666666666664,2,2,100.0,46.09487734487734,7,100.0,Moderate
HW,307581,8.6504,35556.96,29.166666666666668,1,1,100.0,73.61111111111111,3,3,100.0,50.0,1,1,100.0,26.877470355731226,2,2,100.0,27.083333333333336,2,2,100.0,75.0,3,3,100.0,2.0833333333333317,2,2,100.0,40.54598782859652,7,100.0,Moderate
GN,599039,8.3154,72039.79,66.66666666666666,1,1,100.0,37.50000000000001,3,3,100.0,66.66666666666666,1,1,100.0,65.9090909090909,2,2,100.0,45.83333333333333,2,2,100.0,58.333333333333336,3,3,100.0,83.33333333333333,2,2,100.0,60.6060606060606,7,100.0,High
ME,807720,38.2257,21130.28,75.0,1,1,100.0,37.5,3,3,100.0,45.83333333333333,1,1,100.0,49.11067193675889,2,2,100.0,93.75,2,2,100.0,20.13888888888889,3,3,100.0,45.833333333333336,2,2,100.0,52.45231821318777,7,100.0,Moderate
E,393286,7.1725,54832.83,16.666666666666664,1,1,100.0,69.44444444444444,3,3,100.0,100.0,1,1,100.0,38.14229249011858,2,2,100.0,24.999999999999996,2,2,100.0,86.11111111111113,3,3,100.0,22.91666666666666,2,2,100.0,51.18302591128679,7,100.0,Moderate
HE,557239,12.8415,43393.53,79.16666666666666,1,1,100.0,40.27777777777778,3,3,100.0,37.5,1,1,100.0,62.64822134387352,2,2,100.0,64.58333333333334,2,2,100.0,38.88888888888889,3,3,100.0,64.58333333333334,2,2,100.0,55.37831733483909,7,100.0,Moderate
RS,691229,18.5563,37250.32,91.66666666666666,1,1,100.0,65.27777777777777,3,3,100.0,41.66666666666667,1,1,100.0,66.10671936758894,2,2,100.0,77.08333333333334,2,2,100.0,6.944444444444443,3,3,100.0,20.833333333333332,2,2,100.0,52.7969916556873,7,100.0,Moderate
T,341463,45.1307,7566.1,41.66666666666667,1,1,100.0,24.305555555555554,3,3,100.0,33.33333333333333,1,1,100.0,50.29644268774704,2,2,100.0,52.08333333333334,2,2,100.0,52.77777777777777,3,3,100.0,35.416666666666664,2,2,100.0,41.411396574440055,7,100.0,Moderate
N,622853,30.6023,20353.16,87.5,1,1,100.0,66.66666666666667,3,3,100.0,25.0,1,1,100.0,75.88932806324111,2,2,100.0,85.41666666666667,2,2,100.0,38.888888888888886,3,3,100.0,68.75,2,2,100.0,64.0159357550662,7,100.0,High
PS,463507,25.3956,18251.45,83.33333333333334,1,1,100.0,70.83333333333333,3,3,100.0,29.166666666666668,1,1,100.0,41.897233201581024,2,2,100.0,41.666666666666664,2,2,100.0,69.44444444444444,3,3,100.0,43.75,2,2,100.0,54.29881109228936,7,100.0,Moderate
PN,941366,46.7005,20157.51,62.5,1,1,100.0,50.0,3,3,100.0,8.333333333333332,1,1,100.0,75.59288537549406,2,2,100.0,75.0,2,2,100.0,66.66666666666667,3,3,100.0,79.16666666666666,2,2,100.0,59.608507434594394,7,100.0,Moderate
B,127290,2.6582,47885.44,70.83333333333334,1,1,100.0,29.861111111111114,3,3,100.0,87.5,1,1,100.0,8.893280632411066,2,2,100.0,35.41666666666667,2,2,100.0,98.61111111111113,3,3,100.0,93.75,2,2,100.0,60.695071836376194,7,100.0,High
RC,562162,47.95,11723.92,58.333333333333336,1,1,100.0,23.611111111111104,3,3,100.0,62.5,1,1,100.0,69.26877470355731,2,2,100.0,54.16666666666667,2,2,100.0,33.333333333333336,3,3,100.0,33.333333333333336,2,2,100.0,47.792364640190726,7,100.0,Moderate
KE,823885,23.9827,34353.28,33.33333333333333,1,1,100.0,51.388888888888886,3,3,100.0,12.5,1,1,100.0,51.48221343873517,2,2,100.0,54.166666666666664,2,2,100.0,66.66666666666666,3,3,100.0,29.166666666666668,2,2,100.0,42.672062237279626,7,100.0,Moderate
L,902225,15.6254,57740.88,45.83333333333333,1,1,100.0,70.83333333333333,3,3,100.0,20.833333333333336,1,1,100.0,91.30434782608695,2,2,100.0,66.66666666666666,2,2,100.0,36.80555555555555,3,3,100.0,33.333333333333336,2,2,100.0,52.2299861973775,7,100.0,Moderate
S,743783,32.5545,22847.32,37.5,1,1,100.0,48.611111111111114,3,3,100.0,4.166666666666666,1,1,100.0,69.56521739130434,1,2,50.0,70.83333333333334,2,2,100.0,66.66666666666667,3,3,100.0,31.25,2,2,100.0,46.94185645272602,7,100.0,Moderate
RN,431368,14.1767,30427.95,50.0,1,1,100.0,39.583333333333336,3,3,100.0,16.666666666666664,1,1,100.0,75.49407114624506,2,2,100.0,56.25,2,2,100.0,8.333333333333332,3,3,100.0,14.583333333333332,2,2,100.0,37.27296254470168,7,100.0,Low
KW,748688,24.354,30741.91,95.83333333333334,1,1,100.0,63.88888888888889,3,3,100.0,79.16666666666666,1,1,100.0,71.6403162055336,2,2,100.0,41.66666666666667,2,2,100.0,72.91666666666667,3,3,100.0,43.75,2,2,100.0,66.98036263253655,7,100.0,High
A,185014,11.2095,16505.12,8.333333333333332,1,1,100.0,76.38888888888889,3,3,100.0,58.333333333333336,1,1,100.0,4.446640316205533,2,2,100.0,10.416666666666668,2,2,100.0,90.97222222222221,3,3,100.0,37.5,2,2,100.0,40.91301210866428,7,100.0,Moderate
C,166161,1.913,86857.7,4.166666666666666,1,1,100.0,63.888888888888886,3,3,100.0,95.83333333333334,1,1,100.0,65.21739130434783,1,2,50.0,31.25,2,2,100.0,69.44444444444444,3,3,100.0,62.5,2,2,100.0,56.042960662525886,7,100.0,Moderate
D,346866,8.302,41780.87,100.0,1,1,100.0,31.944444444444443,3,3,100.0,91.66666666666666,1,1,100.0,37.944664031620555,2,2,100.0,4.166666666666663,2,2,100.0,35.416666666666664,3,3,100.0,35.41666666666667,2,2,100.0,48.079396448961674,7,100.0,Moderate
FS,360972,9.8724,36563.59,25.0,1,1,100.0,34.72222222222222,3,3,100.0,75.0,1,1,100.0,17.885375494071145,2,2,100.0,43.75,2,2,100.0,25.694444444444446,3,3,100.0,93.75,2,2,100.0,45.11457745153398,7,100.0,Moderate
