openaq_location_id,station_name,urban_ward_code,provider,sensor_id,parameter_name,parameter_display,unit,value,datetime_utc,datetime_local,latitude,longitude,source,data_age_hours,freshness_status,value_valid,environmental_parameter
6927,"Colaba, Mumbai - MPCB",A,CPCB,20137,co,CO mass,µg/m³,1340.0,2022-10-31 01:45:00+00:00,2022-10-31T07:15:00+05:30,18.91,72.82,OpenAQ,34006.25,HISTORICAL,True,True
6927,"Colaba, Mumbai - MPCB",A,CPCB,12235921,co,CO,ppb,1.12,2026-05-27 00:15:00+00:00,2026-05-27T05:45:00+05:30,18.91,72.82,OpenAQ,2711.75,HISTORICAL,True,True
6927,"Colaba, Mumbai - MPCB",A,CPCB,12235922,no,NO,ppb,27.3,2026-06-22 00:00:00+00:00,2026-06-22T05:30:00+05:30,18.91,72.82,OpenAQ,2088.0,STALE_90D,True,False
6927,"Colaba, Mumbai - MPCB",A,CPCB,19892,no2,NO₂ mass,µg/m³,58.79,2022-10-31 01:45:00+00:00,2022-10-31T07:15:00+05:30,18.91,72.82,OpenAQ,34006.25,HISTORICAL,True,True
6927,"Colaba, Mumbai - MPCB",A,CPCB,12235923,no2,NO₂,ppb,21.9,2026-06-22 00:00:00+00:00,2026-06-22T05:30:00+05:30,18.91,72.82,OpenAQ,2088.0,STALE_90D,True,True
6927,"Colaba, Mumbai - MPCB",A,CPCB,14341960,nox,NOX,ppb,0.04919,2026-06-22 00:00:00+00:00,2026-06-22T05:30:00+05:30,18.91,72.82,OpenAQ,2088.0,STALE_90D,True,False
6927,"Colaba, Mumbai - MPCB",A,CPCB,20139,o3,O₃ mass,µg/m³,2.49,2022-10-31 01:45:00+00:00,2022-10-31T07:15:00+05:30,18.91,72.82,OpenAQ,34006.25,HISTORICAL,True,True
6927,"Colaba, Mumbai - MPCB",A,CPCB,12235924,o3,O₃ mass,µg/m³,11.16,2026-06-22 00:00:00+00:00,2026-06-22T05:30:00+05:30,18.91,72.82,OpenAQ,2088.0,STALE_90D,True,True
6927,"Colaba, Mumbai - MPCB",A,CPCB,20142,pm10,PM10,µg/m³,157.8,2022-10-31 01:45:00+00:00,2022-10-31T07:15:00+05:30,18.91,72.82,OpenAQ,34006.25,HISTORICAL,True,True
6927,"Colaba, Mumbai - MPCB",A,CPCB,12235925,pm10,PM10,µg/m³,138.0,2026-05-28 18:15:00+00:00,2026-05-28T23:45:00+05:30,18.91,72.82,OpenAQ,2669.75,HISTORICAL,True,True
6927,"Colaba, Mumbai - MPCB",A,CPCB,20143,pm25,PM2.5,µg/m³,72.16,2022-10-31 01:45:00+00:00,2022-10-31T07:15:00+05:30,18.91,72.82,OpenAQ,34006.25,HISTORICAL,True,True
6927,"Colaba, Mumbai - MPCB",A,CPCB,12235926,pm25,PM2.5,µg/m³,738.75,2026-06-22 00:15:00+00:00,2026-06-22T05:45:00+05:30,18.91,72.82,OpenAQ,2087.75,STALE_90D,True,True
6927,"Colaba, Mumbai - MPCB",A,CPCB,12235927,relativehumidity,RH,%,87.75,2026-03-06 07:15:00+00:00,2026-03-06T12:45:00+05:30,18.91,72.82,OpenAQ,4672.75,HISTORICAL,True,True
6927,"Colaba, Mumbai - MPCB",A,CPCB,20144,so2,SO₂ mass,µg/m³,6.03,2022-10-31 01:45:00+00:00,2022-10-31T07:15:00+05:30,18.91,72.82,OpenAQ,34006.25,HISTORICAL,True,True
6927,"Colaba, Mumbai - MPCB",A,CPCB,12235928,so2,SO₂,ppb,16.76,2026-05-30 06:15:00+00:00,2026-05-30T11:45:00+05:30,18.91,72.82,OpenAQ,2633.75,HISTORICAL,True,True
6927,"Colaba, Mumbai - MPCB",A,CPCB,12235929,temperature,Temperature (C),c,38.39,2026-03-06 07:15:00+00:00,2026-03-06T12:45:00+05:30,18.91,72.82,OpenAQ,4672.75,HISTORICAL,True,True
6927,"Colaba, Mumbai - MPCB",A,CPCB,14341961,wind_direction,Wind direction,deg,232.85,2026-03-06 07:15:00+00:00,2026-03-06T12:45:00+05:30,18.91,72.82,OpenAQ,4672.75,HISTORICAL,True,True
6927,"Colaba, Mumbai - MPCB",A,CPCB,14341962,wind_speed,Wind speed,m/s,4.08,2026-03-06 07:15:00+00:00,2026-03-06T12:45:00+05:30,18.91,72.82,OpenAQ,4672.75,HISTORICAL,True,True
3409510,"Byculla, Mumbai - BMC",E,CPCB,12238562,co,CO,ppb,0.93,2026-09-11 10:30:00+00:00,2026-09-11T16:00:00+05:30,18.9767,72.838,OpenAQ,133.5,RECENT_7D,True,True
3409510,"Byculla, Mumbai - BMC",E,CPCB,12238563,no,NO,ppb,3.69,2026-09-11 10:30:00+00:00,2026-09-11T16:00:00+05:30,18.9767,72.838,OpenAQ,133.5,RECENT_7D,True,False
3409510,"Byculla, Mumbai - BMC",E,CPCB,12238564,no2,NO₂,ppb,7.22,2026-09-11 10:30:00+00:00,2026-09-11T16:00:00+05:30,18.9767,72.838,OpenAQ,133.5,RECENT_7D,True,True
3409510,"Byculla, Mumbai - BMC",E,CPCB,14341639,nox,NOX,ppb,0.00673,2026-09-11 10:30:00+00:00,2026-09-11T16:00:00+05:30,18.9767,72.838,OpenAQ,133.5,RECENT_7D,True,False
3409510,"Byculla, Mumbai - BMC",E,CPCB,12238565,o3,O₃ mass,µg/m³,9.06,2026-09-11 10:30:00+00:00,2026-09-11T16:00:00+05:30,18.9767,72.838,OpenAQ,133.5,RECENT_7D,True,True
3409510,"Byculla, Mumbai - BMC",E,CPCB,12238566,pm10,PM10,µg/m³,23.47,2026-09-11 10:30:00+00:00,2026-09-11T16:00:00+05:30,18.9767,72.838,OpenAQ,133.5,RECENT_7D,True,True
3409510,"Byculla, Mumbai - BMC",E,CPCB,12238567,pm25,PM2.5,µg/m³,9.01,2026-09-11 10:30:00+00:00,2026-09-11T16:00:00+05:30,18.9767,72.838,OpenAQ,133.5,RECENT_7D,True,True
3409510,"Byculla, Mumbai - BMC",E,CPCB,12238568,relativehumidity,RH,%,66.68,2026-09-11 10:30:00+00:00,2026-09-11T16:00:00+05:30,18.9767,72.838,OpenAQ,133.5,RECENT_7D,True,True
3409510,"Byculla, Mumbai - BMC",E,CPCB,12238569,so2,SO₂,ppb,0.82,2026-09-11 10:30:00+00:00,2026-09-11T16:00:00+05:30,18.9767,72.838,OpenAQ,133.5,RECENT_7D,True,True
3409510,"Byculla, Mumbai - BMC",E,CPCB,12238570,temperature,Temperature (C),c,31.17,2026-09-11 10:30:00+00:00,2026-09-11T16:00:00+05:30,18.9767,72.838,OpenAQ,133.5,RECENT_7D,True,True
3409510,"Byculla, Mumbai - BMC",E,CPCB,14341640,wind_direction,Wind direction,deg,268.26,2026-09-11 10:30:00+00:00,2026-09-11T16:00:00+05:30,18.9767,72.838,OpenAQ,133.5,RECENT_7D,True,True
3409510,"Byculla, Mumbai - BMC",E,CPCB,14341641,wind_speed,Wind speed,m/s,1.56,2026-09-11 10:30:00+00:00,2026-09-11T16:00:00+05:30,18.9767,72.838,OpenAQ,133.5,RECENT_7D,True,True
6967,"Sion, Mumbai - MPCB",FN,CPCB,12243925,co,CO,ppb,0.33,2026-09-11 10:30:00+00:00,2026-09-11T16:00:00+05:30,19.047,72.8746,OpenAQ,133.5,RECENT_7D,True,True
6967,"Sion, Mumbai - MPCB",FN,CPCB,20109,co,CO mass,µg/m³,1960.0,2022-09-16 09:00:00+00:00,2022-09-16T14:30:00+05:30,19.047,72.8746,OpenAQ,35079.0,HISTORICAL,True,True
6967,"Sion, Mumbai - MPCB",FN,CPCB,12243926,no,NO,ppb,90.64,2026-09-11 10:30:00+00:00,2026-09-11T16:00:00+05:30,19.047,72.8746,OpenAQ,133.5,RECENT_7D,True,False
6967,"Sion, Mumbai - MPCB",FN,CPCB,12243927,no2,NO₂,ppb,87.07,2026-09-11 10:30:00+00:00,2026-09-11T16:00:00+05:30,19.047,72.8746,OpenAQ,133.5,RECENT_7D,True,True
6967,"Sion, Mumbai - MPCB",FN,CPCB,20107,no2,NO₂ mass,µg/m³,84.9,2022-10-31 01:45:00+00:00,2022-10-31T07:15:00+05:30,19.047,72.8746,OpenAQ,34006.25,HISTORICAL,True,True
6967,"Sion, Mumbai - MPCB",FN,CPCB,14340938,nox,NOX,ppb,0.17771,2026-09-11 10:30:00+00:00,2026-09-11T16:00:00+05:30,19.047,72.8746,OpenAQ,133.5,RECENT_7D,True,False
6967,"Sion, Mumbai - MPCB",FN,CPCB,12243928,o3,O₃ mass,µg/m³,125.37,2026-07-07 10:30:00+00:00,2026-07-07T16:00:00+05:30,19.047,72.8746,OpenAQ,1717.5,STALE_90D,True,True
6967,"Sion, Mumbai - MPCB",FN,CPCB,20098,o3,O₃ mass,µg/m³,7.38,2022-10-31 01:45:00+00:00,2022-10-31T07:15:00+05:30,19.047,72.8746,OpenAQ,34006.25,HISTORICAL,True,True
6967,"Sion, Mumbai - MPCB",FN,CPCB,12243929,pm10,PM10,µg/m³,10.2,2026-09-11 10:30:00+00:00,2026-09-11T16:00:00+05:30,19.047,72.8746,OpenAQ,133.5,RECENT_7D,True,True
6967,"Sion, Mumbai - MPCB",FN,CPCB,20097,pm10,PM10,µg/m³,130.97,2022-10-31 01:45:00+00:00,2022-10-31T07:15:00+05:30,19.047,72.8746,OpenAQ,34006.25,HISTORICAL,True,True
6967,"Sion, Mumbai - MPCB",FN,CPCB,12243930,pm25,PM2.5,µg/m³,4.3,2026-09-11 10:30:00+00:00,2026-09-11T16:00:00+05:30,19.047,72.8746,OpenAQ,133.5,RECENT_7D,True,True
6967,"Sion, Mumbai - MPCB",FN,CPCB,20096,pm25,PM2.5,µg/m³,56.7,2022-10-31 01:45:00+00:00,2022-10-31T07:15:00+05:30,19.047,72.8746,OpenAQ,34006.25,HISTORICAL,True,True
6967,"Sion, Mumbai - MPCB",FN,CPCB,12243931,relativehumidity,RH,%,83.49,2026-09-11 10:30:00+00:00,2026-09-11T16:00:00+05:30,19.047,72.8746,OpenAQ,133.5,RECENT_7D,True,True
6967,"Sion, Mumbai - MPCB",FN,CPCB,12243932,so2,SO₂,ppb,4.13,2026-09-11 10:30:00+00:00,2026-09-11T16:00:00+05:30,19.047,72.8746,OpenAQ,133.5,RECENT_7D,True,True
6967,"Sion, Mumbai - MPCB",FN,CPCB,20095,so2,SO₂ mass,µg/m³,9.56,2022-10-31 01:45:00+00:00,2022-10-31T07:15:00+05:30,19.047,72.8746,OpenAQ,34006.25,HISTORICAL,True,True
6967,"Sion, Mumbai - MPCB",FN,CPCB,12243933,temperature,Temperature (C),c,34.03,2026-09-11 10:30:00+00:00,2026-09-11T16:00:00+05:30,19.047,72.8746,OpenAQ,133.5,RECENT_7D,True,True
6967,"Sion, Mumbai - MPCB",FN,CPCB,14340939,wind_direction,Wind direction,deg,150.24,2026-09-11 10:30:00+00:00,2026-09-11T16:00:00+05:30,19.047,72.8746,OpenAQ,133.5,RECENT_7D,True,True
6967,"Sion, Mumbai - MPCB",FN,CPCB,14340940,wind_speed,Wind speed,m/s,1.36,2026-09-11 10:30:00+00:00,2026-09-11T16:00:00+05:30,19.047,72.8746,OpenAQ,133.5,RECENT_7D,True,True
3409513,"Sewri, Mumbai - BMC",FS,CPCB,12238589,co,CO,ppb,0.51,2026-09-11 10:30:00+00:00,2026-09-11T16:00:00+05:30,19.000084,72.85673,OpenAQ,133.5,RECENT_7D,True,True
3409513,"Sewri, Mumbai - BMC",FS,CPCB,12238590,no,NO,ppb,1.22,2026-09-11 10:30:00+00:00,2026-09-11T16:00:00+05:30,19.000084,72.85673,OpenAQ,133.5,RECENT_7D,True,False
3409513,"Sewri, Mumbai - BMC",FS,CPCB,12238591,no2,NO₂,ppb,20.52,2026-09-11 10:30:00+00:00,2026-09-11T16:00:00+05:30,19.000084,72.85673,OpenAQ,133.5,RECENT_7D,True,True
3409513,"Sewri, Mumbai - BMC",FS,CPCB,14342264,nox,NOX,ppb,0.0116899999999999,2026-09-11 10:30:00+00:00,2026-09-11T16:00:00+05:30,19.000084,72.85673,OpenAQ,133.5,RECENT_7D,True,False
3409513,"Sewri, Mumbai - BMC",FS,CPCB,12238592,o3,O₃ mass,µg/m³,15.85,2026-09-11 10:30:00+00:00,2026-09-11T16:00:00+05:30,19.000084,72.85673,OpenAQ,133.5,RECENT_7D,True,True
3409513,"Sewri, Mumbai - BMC",FS,CPCB,12238593,pm10,PM10,µg/m³,41.49,2026-09-11 10:30:00+00:00,2026-09-11T16:00:00+05:30,19.000084,72.85673,OpenAQ,133.5,RECENT_7D,True,True
3409513,"Sewri, Mumbai - BMC",FS,CPCB,12238594,pm25,PM2.5,µg/m³,16.31,2026-09-11 10:30:00+00:00,2026-09-11T16:00:00+05:30,19.000084,72.85673,OpenAQ,133.5,RECENT_7D,True,True
3409513,"Sewri, Mumbai - BMC",FS,CPCB,12238595,relativehumidity,RH,%,53.99,2026-09-11 10:30:00+00:00,2026-09-11T16:00:00+05:30,19.000084,72.85673,OpenAQ,133.5,RECENT_7D,True,True
3409513,"Sewri, Mumbai - BMC",FS,CPCB,12238596,so2,SO₂,ppb,2.96,2026-09-11 10:30:00+00:00,2026-09-11T16:00:00+05:30,19.000084,72.85673,OpenAQ,133.5,RECENT_7D,True,True
3409513,"Sewri, Mumbai - BMC",FS,CPCB,12238597,temperature,Temperature (C),c,23.52,2026-09-11 10:30:00+00:00,2026-09-11T16:00:00+05:30,19.000084,72.85673,OpenAQ,133.5,RECENT_7D,True,True
3409513,"Sewri, Mumbai - BMC",FS,CPCB,14342265,wind_direction,Wind direction,deg,109.3,2026-09-11 10:30:00+00:00,2026-09-11T16:00:00+05:30,19.000084,72.85673,OpenAQ,133.5,RECENT_7D,True,True
3409513,"Sewri, Mumbai - BMC",FS,CPCB,14342266,wind_speed,Wind speed,m/s,0.84,2026-09-11 10:30:00+00:00,2026-09-11T16:00:00+05:30,19.000084,72.85673,OpenAQ,133.5,RECENT_7D,True,True
6959,"Siddharth Nagar-Worli, Mumbai - IITM",GS,CPCB,12236430,co,CO,ppb,0.03,2026-09-11 10:30:00+00:00,2026-09-11T16:00:00+05:30,19.000083,72.813993,OpenAQ,133.5,RECENT_7D,True,True
6959,"Siddharth Nagar-Worli, Mumbai - IITM",GS,CPCB,20029,co,CO mass,µg/m³,1400.0,2022-10-31 02:00:00+00:00,2022-10-31T07:30:00+05:30,19.000083,72.813993,OpenAQ,34006.0,HISTORICAL,True,True
60661,"Siddharth Nagar-Worli, Mumbai - IITM",GS,caaqm,389760,co,CO mass,µg/m³,1740.0,2022-10-16 16:00:00+00:00,2022-10-16T21:30:00+05:30,19.000083,72.813993,OpenAQ,34352.0,HISTORICAL,True,True
6959,"Siddharth Nagar-Worli, Mumbai - IITM",GS,CPCB,12236431,no,NO,ppb,2.93,2026-09-11 10:30:00+00:00,2026-09-11T16:00:00+05:30,19.000083,72.813993,OpenAQ,133.5,RECENT_7D,True,False
6959,"Siddharth Nagar-Worli, Mumbai - IITM",GS,CPCB,12236432,no2,NO₂,ppb,15.82,2026-09-11 10:30:00+00:00,2026-09-11T16:00:00+05:30,19.000083,72.813993,OpenAQ,133.5,RECENT_7D,True,True
6959,"Siddharth Nagar-Worli, Mumbai - IITM",GS,CPCB,20030,no2,NO₂ mass,µg/m³,0.08,2022-10-31 02:00:00+00:00,2022-10-31T07:30:00+05:30,19.000083,72.813993,OpenAQ,34006.0,HISTORICAL,True,True
60661,"Siddharth Nagar-Worli, Mumbai - IITM",GS,caaqm,389767,no2,NO₂ mass,µg/m³,45.37,2022-10-16 16:00:00+00:00,2022-10-16T21:30:00+05:30,19.000083,72.813993,OpenAQ,34352.0,HISTORICAL,True,True
6959,"Siddharth Nagar-Worli, Mumbai - IITM",GS,CPCB,14342065,nox,NOX,ppb,0.00841,2026-09-11 10:30:00+00:00,2026-09-11T16:00:00+05:30,19.000083,72.813993,OpenAQ,133.5,RECENT_7D,True,False
6959,"Siddharth Nagar-Worli, Mumbai - IITM",GS,CPCB,12236433,o3,O₃ mass,µg/m³,28.0,2026-09-11 10:30:00+00:00,2026-09-11T16:00:00+05:30,19.000083,72.813993,OpenAQ,133.5,RECENT_7D,True,True
6959,"Siddharth Nagar-Worli, Mumbai - IITM",GS,CPCB,20031,o3,O₃ mass,µg/m³,3.99,2022-10-31 02:00:00+00:00,2022-10-31T07:30:00+05:30,19.000083,72.813993,OpenAQ,34006.0,HISTORICAL,True,True
60661,"Siddharth Nagar-Worli, Mumbai - IITM",GS,caaqm,389777,o3,O₃ mass,µg/m³,19.0,2022-10-16 16:00:00+00:00,2022-10-16T21:30:00+05:30,19.000083,72.813993,OpenAQ,34352.0,HISTORICAL,True,True
6959,"Siddharth Nagar-Worli, Mumbai - IITM",GS,CPCB,12236434,pm10,PM10,µg/m³,32.2,2026-09-11 10:30:00+00:00,2026-09-11T16:00:00+05:30,19.000083,72.813993,OpenAQ,133.5,RECENT_7D,True,True
6959,"Siddharth Nagar-Worli, Mumbai - IITM",GS,CPCB,20032,pm10,PM10,µg/m³,121.0,2022-10-31 02:00:00+00:00,2022-10-31T07:30:00+05:30,19.000083,72.813993,OpenAQ,34006.0,HISTORICAL,True,True
60661,"Siddharth Nagar-Worli, Mumbai - IITM",GS,caaqm,389771,pm10,PM10,µg/m³,102.6,2022-10-16 16:00:00+00:00,2022-10-16T21:30:00+05:30,19.000083,72.813993,OpenAQ,34352.0,HISTORICAL,True,True
6959,"Siddharth Nagar-Worli, Mumbai - IITM",GS,CPCB,12236435,pm25,PM2.5,µg/m³,7.01,2026-09-11 10:30:00+00:00,2026-09-11T16:00:00+05:30,19.000083,72.813993,OpenAQ,133.5,RECENT_7D,True,True
6959,"Siddharth Nagar-Worli, Mumbai - IITM",GS,CPCB,20033,pm25,PM2.5,µg/m³,66.0,2022-10-31 02:00:00+00:00,2022-10-31T07:30:00+05:30,19.000083,72.813993,OpenAQ,34006.0,HISTORICAL,True,True
60661,"Siddharth Nagar-Worli, Mumbai - IITM",GS,caaqm,389761,pm25,PM2.5,µg/m³,62.24,2022-10-16 16:00:00+00:00,2022-10-16T21:30:00+05:30,19.000083,72.813993,OpenAQ,34352.0,HISTORICAL,True,True
6959,"Siddharth Nagar-Worli, Mumbai - IITM",GS,CPCB,12236436,relativehumidity,RH,%,0.0,2026-06-26 07:15:00+00:00,2026-06-26T12:45:00+05:30,19.000083,72.813993,OpenAQ,1984.75,STALE_90D,True,True
6959,"Siddharth Nagar-Worli, Mumbai - IITM",GS,CPCB,20034,so2,SO₂ mass,µg/m³,12.56,2022-10-31 02:00:00+00:00,2022-10-31T07:30:00+05:30,19.000083,72.813993,OpenAQ,34006.0,HISTORICAL,True,True
6959,"Siddharth Nagar-Worli, Mumbai - IITM",GS,CPCB,12236437,temperature,Temperature (C),c,0.0,2026-06-26 07:15:00+00:00,2026-06-26T12:45:00+05:30,19.000083,72.813993,OpenAQ,1984.75,STALE_90D,True,True
6959,"Siddharth Nagar-Worli, Mumbai - IITM",GS,CPCB,14342066,wind_direction,Wind direction,deg,0.0,2026-06-26 07:15:00+00:00,2026-06-26T12:45:00+05:30,19.000083,72.813993,OpenAQ,1984.75,STALE_90D,True,True
6959,"Siddharth Nagar-Worli, Mumbai - IITM",GS,CPCB,14342067,wind_speed,Wind speed,m/s,0.0,2026-06-26 07:15:00+00:00,2026-06-26T12:45:00+05:30,19.000083,72.813993,OpenAQ,1984.75,STALE_90D,True,True
3409323,"Worli, Mumbai - MPCB",GS,CPCB,12235909,co,CO,ppb,0.82,2026-09-11 10:30:00+00:00,2026-09-11T16:00:00+05:30,18.9936162,72.8128113,OpenAQ,133.5,RECENT_7D,True,True
3409323,"Worli, Mumbai - MPCB",GS,CPCB,12235910,no,NO,ppb,3.9,2026-09-11 10:30:00+00:00,2026-09-11T16:00:00+05:30,18.9936162,72.8128113,OpenAQ,133.5,RECENT_7D,True,False
3409323,"Worli, Mumbai - MPCB",GS,CPCB,12235911,no2,NO₂,ppb,6.0,2026-09-11 10:30:00+00:00,2026-09-11T16:00:00+05:30,18.9936162,72.8128113,OpenAQ,133.5,RECENT_7D,True,True
3409323,"Worli, Mumbai - MPCB",GS,CPCB,14341954,nox,NOX,ppb,0.0063,2026-09-11 10:30:00+00:00,2026-09-11T16:00:00+05:30,18.9936162,72.8128113,OpenAQ,133.5,RECENT_7D,True,False
3409323,"Worli, Mumbai - MPCB",GS,CPCB,12235912,o3,O₃ mass,µg/m³,4.8,2026-09-11 10:30:00+00:00,2026-09-11T16:00:00+05:30,18.9936162,72.8128113,OpenAQ,133.5,RECENT_7D,True,True
3409323,"Worli, Mumbai - MPCB",GS,CPCB,12235913,pm10,PM10,µg/m³,42.0,2026-09-11 10:30:00+00:00,2026-09-11T16:00:00+05:30,18.9936162,72.8128113,OpenAQ,133.5,RECENT_7D,True,True
3409323,"Worli, Mumbai - MPCB",GS,CPCB,12235914,pm25,PM2.5,µg/m³,2.0,2026-09-11 10:30:00+00:00,2026-09-11T16:00:00+05:30,18.9936162,72.8128113,OpenAQ,133.5,RECENT_7D,True,True
3409323,"Worli, Mumbai - MPCB",GS,CPCB,12235915,relativehumidity,RH,%,72.0,2026-09-11 10:30:00+00:00,2026-09-11T16:00:00+05:30,18.9936162,72.8128113,OpenAQ,133.5,RECENT_7D,True,True
3409323,"Worli, Mumbai - MPCB",GS,CPCB,12235916,so2,SO₂,ppb,2.9,2026-09-11 10:30:00+00:00,2026-09-11T16:00:00+05:30,18.9936162,72.8128113,OpenAQ,133.5,RECENT_7D,True,True
3409323,"Worli, Mumbai - MPCB",GS,CPCB,12235917,temperature,Temperature (C),c,33.5,2026-09-11 10:30:00+00:00,2026-09-11T16:00:00+05:30,18.9936162,72.8128113,OpenAQ,133.5,RECENT_7D,True,True
3409323,"Worli, Mumbai - MPCB",GS,CPCB,14341955,wind_direction,Wind direction,deg,136.0,2026-09-11 10:30:00+00:00,2026-09-11T16:00:00+05:30,18.9936162,72.8128113,OpenAQ,133.5,RECENT_7D,True,True
3409323,"Worli, Mumbai - MPCB",GS,CPCB,14341956,wind_speed,Wind speed,m/s,0.7,2026-09-11 10:30:00+00:00,2026-09-11T16:00:00+05:30,18.9936162,72.8128113,OpenAQ,133.5,RECENT_7D,True,True
11602,"Bandra Kurla Complex, Mumbai - IITM",HE,caaqm,39408,co,CO mass,µg/m³,4230.0,2022-10-16 15:45:00+00:00,2022-10-16T21:15:00+05:30,19.053536000000005,72.84643,OpenAQ,34352.25,HISTORICAL,True,True
3409328,"Bandra Kurla Complex, Mumbai - IITM",HE,CPCB,12708241,co,CO,ppb,0.57,2026-09-11 10:30:00+00:00,2026-09-11T16:00:00+05:30,19.0627,72.84614,OpenAQ,133.5,RECENT_7D,True,True
3409328,"Bandra Kurla Complex, Mumbai - IITM",HE,CPCB,12708242,no,NO,ppb,14.72,2026-09-11 10:30:00+00:00,2026-09-11T16:00:00+05:30,19.0627,72.84614,OpenAQ,133.5,RECENT_7D,True,False
11602,"Bandra Kurla Complex, Mumbai - IITM",HE,caaqm,39406,no2,NO₂ mass,µg/m³,143.05,2022-10-16 15:45:00+00:00,2022-10-16T21:15:00+05:30,19.053536000000005,72.84643,OpenAQ,34352.25,HISTORICAL,True,True
3409328,"Bandra Kurla Complex, Mumbai - IITM",HE,CPCB,12708243,no2,NO₂,ppb,11.64,2026-09-11 10:30:00+00:00,2026-09-11T16:00:00+05:30,19.0627,72.84614,OpenAQ,133.5,RECENT_7D,True,True
3409328,"Bandra Kurla Complex, Mumbai - IITM",HE,CPCB,14342047,nox,NOX,ppb,0.02626,2026-09-11 10:30:00+00:00,2026-09-11T16:00:00+05:30,19.0627,72.84614,OpenAQ,133.5,RECENT_7D,True,False
11602,"Bandra Kurla Complex, Mumbai - IITM",HE,caaqm,39409,o3,O₃ mass,µg/m³,5.0,2022-10-16 15:45:00+00:00,2022-10-16T21:15:00+05:30,19.053536000000005,72.84643,OpenAQ,34352.25,HISTORICAL,True,True
3409328,"Bandra Kurla Complex, Mumbai - IITM",HE,CPCB,12708244,o3,O₃ mass,µg/m³,18.0,2026-09-11 10:30:00+00:00,2026-09-11T16:00:00+05:30,19.0627,72.84614,OpenAQ,133.5,RECENT_7D,True,True
11602,"Bandra Kurla Complex, Mumbai - IITM",HE,caaqm,39405,pm10,PM10,µg/m³,152.38,2022-10-16 15:45:00+00:00,2022-10-16T21:15:00+05:30,19.053536000000005,72.84643,OpenAQ,34352.25,HISTORICAL,True,True
3409328,"Bandra Kurla Complex, Mumbai - IITM",HE,CPCB,12708245,pm10,PM10,µg/m³,52.51,2026-09-11 10:30:00+00:00,2026-09-11T16:00:00+05:30,19.0627,72.84614,OpenAQ,133.5,RECENT_7D,True,True
11602,"Bandra Kurla Complex, Mumbai - IITM",HE,caaqm,39404,pm25,PM2.5,µg/m³,26.81,2022-10-16 15:45:00+00:00,2022-10-16T21:15:00+05:30,19.053536000000005,72.84643,OpenAQ,34352.25,HISTORICAL,True,True
3409328,"Bandra Kurla Complex, Mumbai - IITM",HE,CPCB,12708246,pm25,PM2.5,µg/m³,18.11,2026-09-11 10:30:00+00:00,2026-09-11T16:00:00+05:30,19.0627,72.84614,OpenAQ,133.5,RECENT_7D,True,True
3409328,"Bandra Kurla Complex, Mumbai - IITM",HE,CPCB,12708247,relativehumidity,RH,%,0.0,2026-01-27 18:00:00+00:00,2026-01-27T23:30:00+05:30,19.0627,72.84614,OpenAQ,5574.0,HISTORICAL,True,True
11602,"Bandra Kurla Complex, Mumbai - IITM",HE,caaqm,39407,so2,SO₂ mass,µg/m³,19.12,2022-10-16 15:45:00+00:00,2022-10-16T21:15:00+05:30,19.053536000000005,72.84643,OpenAQ,34352.25,HISTORICAL,True,True
3409328,"Bandra Kurla Complex, Mumbai - IITM",HE,CPCB,12708248,so2,SO₂,ppb,2.5,2026-09-11 10:30:00+00:00,2026-09-11T16:00:00+05:30,19.0627,72.84614,OpenAQ,133.5,RECENT_7D,True,True
3409328,"Bandra Kurla Complex, Mumbai - IITM",HE,CPCB,12708249,temperature,Temperature (C),c,0.0,2026-01-27 18:00:00+00:00,2026-01-27T23:30:00+05:30,19.0627,72.84614,OpenAQ,5574.0,HISTORICAL,True,True
3409328,"Bandra Kurla Complex, Mumbai - IITM",HE,CPCB,14342048,wind_direction,Wind direction,deg,0.0,2026-01-27 18:00:00+00:00,2026-01-27T23:30:00+05:30,19.0627,72.84614,OpenAQ,5574.0,HISTORICAL,True,True
3409328,"Bandra Kurla Complex, Mumbai - IITM",HE,CPCB,14342049,wind_speed,Wind speed,m/s,0.0,2026-01-27 18:00:00+00:00,2026-01-27T23:30:00+05:30,19.0627,72.84614,OpenAQ,5574.0,HISTORICAL,True,True
3409482,"Bandra Kurla Complex, Mumbai - MPCB",HE,CPCB,12238370,co,CO,ppb,0.5,2026-09-11 10:30:00+00:00,2026-09-11T16:00:00+05:30,19.065931,72.862131,OpenAQ,133.5,RECENT_7D,True,True
3409482,"Bandra Kurla Complex, Mumbai - MPCB",HE,CPCB,12238371,no,NO,ppb,1.48,2026-09-11 10:30:00+00:00,2026-09-11T16:00:00+05:30,19.065931,72.862131,OpenAQ,133.5,RECENT_7D,True,False
3409482,"Bandra Kurla Complex, Mumbai - MPCB",HE,CPCB,12238372,no2,NO₂,ppb,9.33,2026-09-11 10:30:00+00:00,2026-09-11T16:00:00+05:30,19.065931,72.862131,OpenAQ,133.5,RECENT_7D,True,True
3409482,"Bandra Kurla Complex, Mumbai - MPCB",HE,CPCB,14341573,nox,NOX,ppb,0.0103,2026-09-11 10:30:00+00:00,2026-09-11T16:00:00+05:30,19.065931,72.862131,OpenAQ,133.5,RECENT_7D,True,False
3409482,"Bandra Kurla Complex, Mumbai - MPCB",HE,CPCB,12238373,o3,O₃ mass,µg/m³,29.04,2026-09-11 10:30:00+00:00,2026-09-11T16:00:00+05:30,19.065931,72.862131,OpenAQ,133.5,RECENT_7D,True,True
3409482,"Bandra Kurla Complex, Mumbai - MPCB",HE,CPCB,12238374,pm10,PM10,µg/m³,59.17,2026-09-11 10:30:00+00:00,2026-09-11T16:00:00+05:30,19.065931,72.862131,OpenAQ,133.5,RECENT_7D,True,True
3409482,"Bandra Kurla Complex, Mumbai - MPCB",HE,CPCB,12238375,pm25,PM2.5,µg/m³,31.72,2026-09-11 10:30:00+00:00,2026-09-11T16:00:00+05:30,19.065931,72.862131,OpenAQ,133.5,RECENT_7D,True,True
3409482,"Bandra Kurla Complex, Mumbai - MPCB",HE,CPCB,12238376,relativehumidity,RH,%,91.73,2026-09-11 10:30:00+00:00,2026-09-11T16:00:00+05:30,19.065931,72.862131,OpenAQ,133.5,RECENT_7D,True,True
3409482,"Bandra Kurla Complex, Mumbai - MPCB",HE,CPCB,12238377,so2,SO₂,ppb,2.37,2026-09-11 10:30:00+00:00,2026-09-11T16:00:00+05:30,19.065931,72.862131,OpenAQ,133.5,RECENT_7D,True,True
3409482,"Bandra Kurla Complex, Mumbai - MPCB",HE,CPCB,12238378,temperature,Temperature (C),c,31.23,2026-09-11 10:30:00+00:00,2026-09-11T16:00:00+05:30,19.065931,72.862131,OpenAQ,133.5,RECENT_7D,True,True
3409482,"Bandra Kurla Complex, Mumbai - MPCB",HE,CPCB,14341574,wind_direction,Wind direction,deg,57.83,2026-09-11 10:30:00+00:00,2026-09-11T16:00:00+05:30,19.065931,72.862131,OpenAQ,133.5,RECENT_7D,True,True
3409482,"Bandra Kurla Complex, Mumbai - MPCB",HE,CPCB,14341575,wind_speed,Wind speed,m/s,1.71,2026-09-11 10:30:00+00:00,2026-09-11T16:00:00+05:30,19.065931,72.862131,OpenAQ,133.5,RECENT_7D,True,True
7850,"Bandra, Mumbai - MPCB",HE,caaqm,36455,co,CO mass,µg/m³,250.0,2021-11-19 11:00:00+00:00,2021-11-19T16:30:00+05:30,19.0627,72.84614,OpenAQ,42301.0,HISTORICAL,True,True
7850,"Bandra, Mumbai - MPCB",HE,caaqm,36453,no2,NO₂ mass,µg/m³,0.0,2021-11-19 11:00:00+00:00,2021-11-19T16:30:00+05:30,19.0627,72.84614,OpenAQ,42301.0,HISTORICAL,True,True
7850,"Bandra, Mumbai - MPCB",HE,caaqm,36451,o3,O₃ mass,µg/m³,722.78,2021-11-19 11:30:00+00:00,2021-11-19T17:00:00+05:30,19.0627,72.84614,OpenAQ,42300.5,HISTORICAL,True,True
7850,"Bandra, Mumbai - MPCB",HE,caaqm,22798,pm10,PM10,µg/m³,104.3,2021-12-24 04:45:00+00:00,2021-12-24T10:15:00+05:30,19.0627,72.84614,OpenAQ,41467.25,HISTORICAL,True,True
7850,"Bandra, Mumbai - MPCB",HE,caaqm,36447,pm25,PM2.5,µg/m³,38.0,2021-12-24 04:45:00+00:00,2021-12-24T10:15:00+05:30,19.0627,72.84614,OpenAQ,41467.25,HISTORICAL,True,True
7850,"Bandra, Mumbai - MPCB",HE,caaqm,36446,so2,SO₂ mass,µg/m³,24.06,2021-12-24 04:45:00+00:00,2021-12-24T10:15:00+05:30,19.0627,72.84614,OpenAQ,41467.25,HISTORICAL,True,True
3409486,"Kherwadi_Bandra East, Mumbai - MPCB",HE,CPCB,12238406,co,CO,ppb,0.36,2026-09-11 10:30:00+00:00,2026-09-11T16:00:00+05:30,19.0632143,72.8456324,OpenAQ,133.5,RECENT_7D,True,True
3409486,"Kherwadi_Bandra East, Mumbai - MPCB",HE,CPCB,12238407,no,NO,ppb,3.86,2026-09-11 10:30:00+00:00,2026-09-11T16:00:00+05:30,19.0632143,72.8456324,OpenAQ,133.5,RECENT_7D,True,False
3409486,"Kherwadi_Bandra East, Mumbai - MPCB",HE,CPCB,12238408,no2,NO₂,ppb,3.55,2026-09-11 10:30:00+00:00,2026-09-11T16:00:00+05:30,19.0632143,72.8456324,OpenAQ,133.5,RECENT_7D,True,True
3409486,"Kherwadi_Bandra East, Mumbai - MPCB",HE,CPCB,14341585,nox,NOX,ppb,0.0077599999999999,2026-09-11 10:30:00+00:00,2026-09-11T16:00:00+05:30,19.0632143,72.8456324,OpenAQ,133.5,RECENT_7D,True,False
3409486,"Kherwadi_Bandra East, Mumbai - MPCB",HE,CPCB,12238409,o3,O₃ mass,µg/m³,31.19,2026-09-11 10:30:00+00:00,2026-09-11T16:00:00+05:30,19.0632143,72.8456324,OpenAQ,133.5,RECENT_7D,True,True
3409486,"Kherwadi_Bandra East, Mumbai - MPCB",HE,CPCB,12238410,pm10,PM10,µg/m³,51.48,2026-09-11 10:30:00+00:00,2026-09-11T16:00:00+05:30,19.0632143,72.8456324,OpenAQ,133.5,RECENT_7D,True,True
3409486,"Kherwadi_Bandra East, Mumbai - MPCB",HE,CPCB,12238411,pm25,PM2.5,µg/m³,20.13,2026-09-11 10:30:00+00:00,2026-09-11T16:00:00+05:30,19.0632143,72.8456324,OpenAQ,133.5,RECENT_7D,True,True
3409486,"Kherwadi_Bandra East, Mumbai - MPCB",HE,CPCB,12238412,relativehumidity,RH,%,85.93,2026-09-11 10:30:00+00:00,2026-09-11T16:00:00+05:30,19.0632143,72.8456324,OpenAQ,133.5,RECENT_7D,True,True
3409486,"Kherwadi_Bandra East, Mumbai - MPCB",HE,CPCB,12238413,so2,SO₂,ppb,2.88,2026-09-11 10:30:00+00:00,2026-09-11T16:00:00+05:30,19.0632143,72.8456324,OpenAQ,133.5,RECENT_7D,True,True
3409486,"Kherwadi_Bandra East, Mumbai - MPCB",HE,CPCB,12238414,temperature,Temperature (C),c,31.23,2026-09-11 10:30:00+00:00,2026-09-11T16:00:00+05:30,19.0632143,72.8456324,OpenAQ,133.5,RECENT_7D,True,True
3409486,"Kherwadi_Bandra East, Mumbai - MPCB",HE,CPCB,14341586,wind_direction,Wind direction,deg,290.61,2026-09-11 10:30:00+00:00,2026-09-11T16:00:00+05:30,19.0632143,72.8456324,OpenAQ,133.5,RECENT_7D,True,True
3409486,"Kherwadi_Bandra East, Mumbai - MPCB",HE,CPCB,14341587,wind_speed,Wind speed,m/s,0.99,2026-09-11 10:30:00+00:00,2026-09-11T16:00:00+05:30,19.0632143,72.8456324,OpenAQ,133.5,RECENT_7D,True,True
12024,"Chakala-Andheri East, Mumbai - IITM",KE,CPCB,12236406,co,CO,ppb,0.32,2026-09-11 10:30:00+00:00,2026-09-11T16:00:00+05:30,19.11074,72.86084,OpenAQ,133.5,RECENT_7D,True,True
12024,"Chakala-Andheri East, Mumbai - IITM",KE,CPCB,40569,co,CO mass,µg/m³,1000.0,2022-10-16 13:00:00+00:00,2022-10-16T18:30:00+05:30,19.11074,72.86084,OpenAQ,34355.0,HISTORICAL,True,True
12024,"Chakala-Andheri East, Mumbai - IITM",KE,CPCB,12236407,no,NO,ppb,2.37,2026-09-11 10:30:00+00:00,2026-09-11T16:00:00+05:30,19.11074,72.86084,OpenAQ,133.5,RECENT_7D,True,False
12024,"Chakala-Andheri East, Mumbai - IITM",KE,CPCB,12236408,no2,NO₂,ppb,7.36,2026-09-11 10:30:00+00:00,2026-09-11T16:00:00+05:30,19.11074,72.86084,OpenAQ,133.5,RECENT_7D,True,True
12024,"Chakala-Andheri East, Mumbai - IITM",KE,CPCB,40574,no2,NO₂ mass,µg/m³,116.44,2022-10-16 13:00:00+00:00,2022-10-16T18:30:00+05:30,19.11074,72.86084,OpenAQ,34355.0,HISTORICAL,True,True
12024,"Chakala-Andheri East, Mumbai - IITM",KE,CPCB,14341017,nox,NOX,ppb,0.00971,2026-09-11 10:30:00+00:00,2026-09-11T16:00:00+05:30,19.11074,72.86084,OpenAQ,133.5,RECENT_7D,True,False
12024,"Chakala-Andheri East, Mumbai - IITM",KE,CPCB,12236409,o3,O₃ mass,µg/m³,11.0,2026-09-11 10:30:00+00:00,2026-09-11T16:00:00+05:30,19.11074,72.86084,OpenAQ,133.5,RECENT_7D,True,True
12024,"Chakala-Andheri East, Mumbai - IITM",KE,CPCB,40570,o3,O₃ mass,µg/m³,11.0,2022-10-16 13:00:00+00:00,2022-10-16T18:30:00+05:30,19.11074,72.86084,OpenAQ,34355.0,HISTORICAL,True,True
12024,"Chakala-Andheri East, Mumbai - IITM",KE,CPCB,12442195,pm10,PM10,µg/m³,57.14,2026-09-11 10:30:00+00:00,2026-09-11T16:00:00+05:30,19.11074,72.86084,OpenAQ,133.5,RECENT_7D,True,True
12024,"Chakala-Andheri East, Mumbai - IITM",KE,CPCB,40572,pm10,PM10,µg/m³,41.66,2022-10-16 13:00:00+00:00,2022-10-16T18:30:00+05:30,19.11074,72.86084,OpenAQ,34355.0,HISTORICAL,True,True
12024,"Chakala-Andheri East, Mumbai - IITM",KE,CPCB,12442196,pm25,PM2.5,µg/m³,3.14,2026-09-11 10:30:00+00:00,2026-09-11T16:00:00+05:30,19.11074,72.86084,OpenAQ,133.5,RECENT_7D,True,True
12024,"Chakala-Andheri East, Mumbai - IITM",KE,CPCB,40571,pm25,PM2.5,µg/m³,32.74,2022-10-16 13:00:00+00:00,2022-10-16T18:30:00+05:30,19.11074,72.86084,OpenAQ,34355.0,HISTORICAL,True,True
12024,"Chakala-Andheri East, Mumbai - IITM",KE,CPCB,12236410,relativehumidity,RH,%,51.01,2026-06-16 07:30:00+00:00,2026-06-16T13:00:00+05:30,19.11074,72.86084,OpenAQ,2224.5,HISTORICAL,True,True
12024,"Chakala-Andheri East, Mumbai - IITM",KE,CPCB,12236411,so2,SO₂,ppb,2.24,2026-09-11 10:30:00+00:00,2026-09-11T16:00:00+05:30,19.11074,72.86084,OpenAQ,133.5,RECENT_7D,True,True
12024,"Chakala-Andheri East, Mumbai - IITM",KE,CPCB,40573,so2,SO₂ mass,µg/m³,0.0,2022-10-16 13:00:00+00:00,2022-10-16T18:30:00+05:30,19.11074,72.86084,OpenAQ,34355.0,HISTORICAL,True,True
12024,"Chakala-Andheri East, Mumbai - IITM",KE,CPCB,12236412,temperature,Temperature (C),c,23.515,2026-06-16 07:30:00+00:00,2026-06-16T13:00:00+05:30,19.11074,72.86084,OpenAQ,2224.5,HISTORICAL,True,True
12024,"Chakala-Andheri East, Mumbai - IITM",KE,CPCB,14341018,wind_direction,Wind direction,deg,303.62,2026-06-16 07:30:00+00:00,2026-06-16T13:00:00+05:30,19.11074,72.86084,OpenAQ,2224.5,HISTORICAL,True,True
12024,"Chakala-Andheri East, Mumbai - IITM",KE,CPCB,14341019,wind_speed,Wind speed,m/s,0.34,2026-06-16 07:30:00+00:00,2026-06-16T13:00:00+05:30,19.11074,72.86084,OpenAQ,2224.5,HISTORICAL,True,True
6948,"Chhatrapati Shivaji Intl. Airport (T2), Mumbai - MPCB",KE,CPCB,12235855,co,CO,ppb,0.31,2025-12-09 12:30:00+00:00,2025-12-09T18:00:00+05:30,19.10078,72.87462,OpenAQ,6755.5,HISTORICAL,True,True
6948,"Chhatrapati Shivaji Intl. Airport (T2), Mumbai - MPCB",KE,CPCB,19976,co,CO mass,µg/m³,830.0,2022-10-31 01:45:00+00:00,2022-10-31T07:15:00+05:30,19.10078,72.87462,OpenAQ,34006.25,HISTORICAL,True,True
6948,"Chhatrapati Shivaji Intl. Airport (T2), Mumbai - MPCB",KE,CPCB,12235856,no,NO,ppb,19.71,2026-09-11 10:30:00+00:00,2026-09-11T16:00:00+05:30,19.10078,72.87462,OpenAQ,133.5,RECENT_7D,True,False
6948,"Chhatrapati Shivaji Intl. Airport (T2), Mumbai - MPCB",KE,CPCB,12235857,no2,NO₂,ppb,10.62,2026-09-11 10:30:00+00:00,2026-09-11T16:00:00+05:30,19.10078,72.87462,OpenAQ,133.5,RECENT_7D,True,True
6948,"Chhatrapati Shivaji Intl. Airport (T2), Mumbai - MPCB",KE,CPCB,19977,no2,NO₂ mass,µg/m³,15.97,2022-10-31 01:45:00+00:00,2022-10-31T07:15:00+05:30,19.10078,72.87462,OpenAQ,34006.25,HISTORICAL,True,True
6948,"Chhatrapati Shivaji Intl. Airport (T2), Mumbai - MPCB",KE,CPCB,14340928,nox,NOX,ppb,0.03034,2026-09-11 10:30:00+00:00,2026-09-11T16:00:00+05:30,19.10078,72.87462,OpenAQ,133.5,RECENT_7D,True,False
6948,"Chhatrapati Shivaji Intl. Airport (T2), Mumbai - MPCB",KE,CPCB,12235858,o3,O₃ mass,µg/m³,6.73,2026-02-17 10:15:00+00:00,2026-02-17T15:45:00+05:30,19.10078,72.87462,OpenAQ,5077.75,HISTORICAL,True,True
6948,"Chhatrapati Shivaji Intl. Airport (T2), Mumbai - MPCB",KE,CPCB,19979,o3,O₃ mass,µg/m³,29.5,2022-10-31 01:45:00+00:00,2022-10-31T07:15:00+05:30,19.10078,72.87462,OpenAQ,34006.25,HISTORICAL,True,True
6948,"Chhatrapati Shivaji Intl. Airport (T2), Mumbai - MPCB",KE,CPCB,12235859,pm10,PM10,µg/m³,29.9,2026-09-11 10:30:00+00:00,2026-09-11T16:00:00+05:30,19.10078,72.87462,OpenAQ,133.5,RECENT_7D,True,True
6948,"Chhatrapati Shivaji Intl. Airport (T2), Mumbai - MPCB",KE,CPCB,19980,pm10,PM10,µg/m³,184.0,2022-10-31 01:45:00+00:00,2022-10-31T07:15:00+05:30,19.10078,72.87462,OpenAQ,34006.25,HISTORICAL,True,True
6948,"Chhatrapati Shivaji Intl. Airport (T2), Mumbai - MPCB",KE,CPCB,12235860,pm25,PM2.5,µg/m³,15.8,2026-09-11 10:30:00+00:00,2026-09-11T16:00:00+05:30,19.10078,72.87462,OpenAQ,133.5,RECENT_7D,True,True
6948,"Chhatrapati Shivaji Intl. Airport (T2), Mumbai - MPCB",KE,CPCB,19981,pm25,PM2.5,µg/m³,44.0,2022-10-31 01:45:00+00:00,2022-10-31T07:15:00+05:30,19.10078,72.87462,OpenAQ,34006.25,HISTORICAL,True,True
6948,"Chhatrapati Shivaji Intl. Airport (T2), Mumbai - MPCB",KE,CPCB,12235861,relativehumidity,RH,%,59.21,2026-02-21 04:00:00+00:00,2026-02-21T09:30:00+05:30,19.10078,72.87462,OpenAQ,4988.0,HISTORICAL,True,True
6948,"Chhatrapati Shivaji Intl. Airport (T2), Mumbai - MPCB",KE,CPCB,12235862,so2,SO₂,ppb,6.18,2026-09-11 10:30:00+00:00,2026-09-11T16:00:00+05:30,19.10078,72.87462,OpenAQ,133.5,RECENT_7D,True,True
6948,"Chhatrapati Shivaji Intl. Airport (T2), Mumbai - MPCB",KE,CPCB,19982,so2,SO₂ mass,µg/m³,6.54,2022-10-31 01:45:00+00:00,2022-10-31T07:15:00+05:30,19.10078,72.87462,OpenAQ,34006.25,HISTORICAL,True,True
6948,"Chhatrapati Shivaji Intl. Airport (T2), Mumbai - MPCB",KE,CPCB,12235863,temperature,Temperature (C),c,30.71,2026-02-21 04:00:00+00:00,2026-02-21T09:30:00+05:30,19.10078,72.87462,OpenAQ,4988.0,HISTORICAL,True,True
6948,"Chhatrapati Shivaji Intl. Airport (T2), Mumbai - MPCB",KE,CPCB,14340929,wind_direction,Wind direction,deg,165.77,2026-02-21 04:00:00+00:00,2026-02-21T09:30:00+05:30,19.10078,72.87462,OpenAQ,4988.0,HISTORICAL,True,True
6948,"Chhatrapati Shivaji Intl. Airport (T2), Mumbai - MPCB",KE,CPCB,14340930,wind_speed,Wind speed,m/s,0.71,2026-02-21 04:00:00+00:00,2026-02-21T09:30:00+05:30,19.10078,72.87462,OpenAQ,4988.0,HISTORICAL,True,True
6987,"Vile Parle West, Mumbai - MPCB",KW,CPCB,12235846,co,CO,ppb,0.76,2026-05-30 09:30:00+00:00,2026-05-30T15:00:00+05:30,19.10861,72.83622,OpenAQ,2630.5,HISTORICAL,True,True
6987,"Vile Parle West, Mumbai - MPCB",KW,CPCB,20236,co,CO mass,µg/m³,1080.0,2022-10-31 01:45:00+00:00,2022-10-31T07:15:00+05:30,19.10861,72.83622,OpenAQ,34006.25,HISTORICAL,True,True
6987,"Vile Parle West, Mumbai - MPCB",KW,CPCB,12235847,no,NO,ppb,31.0,2026-05-30 09:30:00+00:00,2026-05-30T15:00:00+05:30,19.10861,72.83622,OpenAQ,2630.5,HISTORICAL,True,False
6987,"Vile Parle West, Mumbai - MPCB",KW,CPCB,12235848,no2,NO₂,ppb,8.7,2026-05-30 09:30:00+00:00,2026-05-30T15:00:00+05:30,19.10861,72.83622,OpenAQ,2630.5,HISTORICAL,True,True
6987,"Vile Parle West, Mumbai - MPCB",KW,CPCB,20239,no2,NO₂ mass,µg/m³,5.36,2022-10-31 01:45:00+00:00,2022-10-31T07:15:00+05:30,19.10861,72.83622,OpenAQ,34006.25,HISTORICAL,True,True
6987,"Vile Parle West, Mumbai - MPCB",KW,CPCB,14340925,nox,NOX,ppb,0.05633,2025-12-08 04:15:00+00:00,2025-12-08T09:45:00+05:30,19.10861,72.83622,OpenAQ,6787.75,HISTORICAL,True,False
6987,"Vile Parle West, Mumbai - MPCB",KW,CPCB,12235849,o3,O₃ mass,µg/m³,26.82,2025-12-08 04:15:00+00:00,2025-12-08T09:45:00+05:30,19.10861,72.83622,OpenAQ,6787.75,HISTORICAL,True,True
6987,"Vile Parle West, Mumbai - MPCB",KW,CPCB,20240,o3,O₃ mass,µg/m³,35.09,2022-10-31 01:45:00+00:00,2022-10-31T07:15:00+05:30,19.10861,72.83622,OpenAQ,34006.25,HISTORICAL,True,True
6987,"Vile Parle West, Mumbai - MPCB",KW,CPCB,12235850,pm10,PM10,µg/m³,1253.51,2026-05-20 19:45:00+00:00,2026-05-21T01:15:00+05:30,19.10861,72.83622,OpenAQ,2860.25,HISTORICAL,True,True
6987,"Vile Parle West, Mumbai - MPCB",KW,CPCB,20243,pm10,PM10,µg/m³,113.13,2022-10-31 01:45:00+00:00,2022-10-31T07:15:00+05:30,19.10861,72.83622,OpenAQ,34006.25,HISTORICAL,True,True
6987,"Vile Parle West, Mumbai - MPCB",KW,CPCB,12235851,pm25,PM2.5,µg/m³,987.0,2026-05-30 09:30:00+00:00,2026-05-30T15:00:00+05:30,19.10861,72.83622,OpenAQ,2630.5,HISTORICAL,True,True
6987,"Vile Parle West, Mumbai - MPCB",KW,CPCB,20251,pm25,PM2.5,µg/m³,56.6,2022-10-31 01:45:00+00:00,2022-10-31T07:15:00+05:30,19.10861,72.83622,OpenAQ,34006.25,HISTORICAL,True,True
6987,"Vile Parle West, Mumbai - MPCB",KW,CPCB,12235852,relativehumidity,RH,%,79.1,2026-01-10 12:15:00+00:00,2026-01-10T17:45:00+05:30,19.10861,72.83622,OpenAQ,5987.75,HISTORICAL,True,True
6987,"Vile Parle West, Mumbai - MPCB",KW,CPCB,12235853,so2,SO₂,ppb,42.85,2026-05-30 09:30:00+00:00,2026-05-30T15:00:00+05:30,19.10861,72.83622,OpenAQ,2630.5,HISTORICAL,True,True
6987,"Vile Parle West, Mumbai - MPCB",KW,CPCB,20254,so2,SO₂ mass,µg/m³,0.0,2022-10-31 01:45:00+00:00,2022-10-31T07:15:00+05:30,19.10861,72.83622,OpenAQ,34006.25,HISTORICAL,True,True
6987,"Vile Parle West, Mumbai - MPCB",KW,CPCB,12235854,temperature,Temperature (C),c,27.93,2026-01-10 12:15:00+00:00,2026-01-10T17:45:00+05:30,19.10861,72.83622,OpenAQ,5987.75,HISTORICAL,True,True
6987,"Vile Parle West, Mumbai - MPCB",KW,CPCB,14340926,wind_direction,Wind direction,deg,19.43,2026-01-10 12:15:00+00:00,2026-01-10T17:45:00+05:30,19.10861,72.83622,OpenAQ,5987.75,HISTORICAL,True,True
6987,"Vile Parle West, Mumbai - MPCB",KW,CPCB,14340927,wind_speed,Wind speed,m/s,1.49,2026-01-10 12:15:00+00:00,2026-01-10T17:45:00+05:30,19.10861,72.83622,OpenAQ,5987.75,HISTORICAL,True,True
6945,"Kurla, Mumbai - MPCB",L,CPCB,12235829,co,CO,ppb,0.5,2026-09-11 10:30:00+00:00,2026-09-11T16:00:00+05:30,19.0863,72.8888,OpenAQ,133.5,RECENT_7D,True,True
6945,"Kurla, Mumbai - MPCB",L,CPCB,19993,co,CO mass,µg/m³,640.0,2022-10-31 02:00:00+00:00,2022-10-31T07:30:00+05:30,19.0863,72.8888,OpenAQ,34006.0,HISTORICAL,True,True
6945,"Kurla, Mumbai - MPCB",L,CPCB,12235830,no,NO,ppb,10.08,2026-09-11 10:30:00+00:00,2026-09-11T16:00:00+05:30,19.0863,72.8888,OpenAQ,133.5,RECENT_7D,True,False
6945,"Kurla, Mumbai - MPCB",L,CPCB,12235831,no2,NO₂,ppb,7.08,2026-09-11 10:30:00+00:00,2026-09-11T16:00:00+05:30,19.0863,72.8888,OpenAQ,133.5,RECENT_7D,True,True
6945,"Kurla, Mumbai - MPCB",L,CPCB,20076,no2,NO₂ mass,µg/m³,38.05,2022-10-31 02:00:00+00:00,2022-10-31T07:30:00+05:30,19.0863,72.8888,OpenAQ,34006.0,HISTORICAL,True,True
6945,"Kurla, Mumbai - MPCB",L,CPCB,14340922,nox,NOX,ppb,0.01716,2026-09-11 10:30:00+00:00,2026-09-11T16:00:00+05:30,19.0863,72.8888,OpenAQ,133.5,RECENT_7D,True,False
6945,"Kurla, Mumbai - MPCB",L,CPCB,12235832,o3,O₃ mass,µg/m³,28.01,2026-09-11 10:30:00+00:00,2026-09-11T16:00:00+05:30,19.0863,72.8888,OpenAQ,133.5,RECENT_7D,True,True
6945,"Kurla, Mumbai - MPCB",L,CPCB,19968,o3,O₃ mass,µg/m³,37.15,2022-10-31 02:00:00+00:00,2022-10-31T07:30:00+05:30,19.0863,72.8888,OpenAQ,34006.0,HISTORICAL,True,True
6945,"Kurla, Mumbai - MPCB",L,CPCB,12235833,pm10,PM10,µg/m³,49.14,2026-09-11 10:30:00+00:00,2026-09-11T16:00:00+05:30,19.0863,72.8888,OpenAQ,133.5,RECENT_7D,True,True
6945,"Kurla, Mumbai - MPCB",L,CPCB,19975,pm10,PM10,µg/m³,67.0,2022-10-31 02:00:00+00:00,2022-10-31T07:30:00+05:30,19.0863,72.8888,OpenAQ,34006.0,HISTORICAL,True,True
6945,"Kurla, Mumbai - MPCB",L,CPCB,12235834,pm25,PM2.5,µg/m³,25.2,2026-09-11 10:30:00+00:00,2026-09-11T16:00:00+05:30,19.0863,72.8888,OpenAQ,133.5,RECENT_7D,True,True
6945,"Kurla, Mumbai - MPCB",L,CPCB,19978,pm25,PM2.5,µg/m³,72.0,2022-10-31 02:00:00+00:00,2022-10-31T07:30:00+05:30,19.0863,72.8888,OpenAQ,34006.0,HISTORICAL,True,True
6945,"Kurla, Mumbai - MPCB",L,CPCB,12235835,relativehumidity,RH,%,88.18,2026-09-11 10:30:00+00:00,2026-09-11T16:00:00+05:30,19.0863,72.8888,OpenAQ,133.5,RECENT_7D,True,True
6945,"Kurla, Mumbai - MPCB",L,CPCB,12289836,so2,SO₂,ppb,23.41,2026-09-11 10:30:00+00:00,2026-09-11T16:00:00+05:30,19.0863,72.8888,OpenAQ,133.5,RECENT_7D,True,True
6945,"Kurla, Mumbai - MPCB",L,CPCB,19987,so2,SO₂ mass,µg/m³,12.58,2022-10-31 02:00:00+00:00,2022-10-31T07:30:00+05:30,19.0863,72.8888,OpenAQ,34006.0,HISTORICAL,True,True
6945,"Kurla, Mumbai - MPCB",L,CPCB,12235836,temperature,Temperature (C),c,39.22,2026-09-11 10:30:00+00:00,2026-09-11T16:00:00+05:30,19.0863,72.8888,OpenAQ,133.5,RECENT_7D,True,True
6945,"Kurla, Mumbai - MPCB",L,CPCB,14340923,wind_direction,Wind direction,deg,109.3,2026-09-11 10:30:00+00:00,2026-09-11T16:00:00+05:30,19.0863,72.8888,OpenAQ,133.5,RECENT_7D,True,True
6945,"Kurla, Mumbai - MPCB",L,CPCB,14340924,wind_speed,Wind speed,m/s,27.59,2026-09-11 10:30:00+00:00,2026-09-11T16:00:00+05:30,19.0863,72.8888,OpenAQ,133.5,RECENT_7D,True,True
8039,Mumbai,L,AirNow,23320,pm25,PM2.5,µg/m³,23.0,2026-09-16 21:30:00+00:00,2026-09-17T03:00:00+05:30,19.07283,72.88261,OpenAQ,2.5,CURRENT_24H,True,True
3409483,"Chembur, Mumbai - MPCB",ME,CPCB,12238379,co,CO,ppb,0.31,2026-09-11 10:30:00+00:00,2026-09-11T16:00:00+05:30,19.0364585,72.8954371,OpenAQ,133.5,RECENT_7D,True,True
3409483,"Chembur, Mumbai - MPCB",ME,CPCB,12238380,no,NO,ppb,5.65,2026-09-11 10:30:00+00:00,2026-09-11T16:00:00+05:30,19.0364585,72.8954371,OpenAQ,133.5,RECENT_7D,True,False
3409483,"Chembur, Mumbai - MPCB",ME,CPCB,12238381,no2,NO₂,ppb,6.86,2026-09-11 10:30:00+00:00,2026-09-11T16:00:00+05:30,19.0364585,72.8954371,OpenAQ,133.5,RECENT_7D,True,True
3409483,"Chembur, Mumbai - MPCB",ME,CPCB,14341576,nox,NOX,ppb,0.00848,2026-09-11 10:30:00+00:00,2026-09-11T16:00:00+05:30,19.0364585,72.8954371,OpenAQ,133.5,RECENT_7D,True,False
3409483,"Chembur, Mumbai - MPCB",ME,CPCB,12238382,o3,O₃ mass,µg/m³,6.15,2026-09-11 10:30:00+00:00,2026-09-11T16:00:00+05:30,19.0364585,72.8954371,OpenAQ,133.5,RECENT_7D,True,True
3409483,"Chembur, Mumbai - MPCB",ME,CPCB,12238383,pm10,PM10,µg/m³,46.2,2026-09-11 10:30:00+00:00,2026-09-11T16:00:00+05:30,19.0364585,72.8954371,OpenAQ,133.5,RECENT_7D,True,True
3409483,"Chembur, Mumbai - MPCB",ME,CPCB,12238384,pm25,PM2.5,µg/m³,13.31,2026-09-11 10:30:00+00:00,2026-09-11T16:00:00+05:30,19.0364585,72.8954371,OpenAQ,133.5,RECENT_7D,True,True
3409483,"Chembur, Mumbai - MPCB",ME,CPCB,12238385,relativehumidity,RH,%,88.45,2026-09-11 08:15:00+00:00,2026-09-11T13:45:00+05:30,19.0364585,72.8954371,OpenAQ,135.75,RECENT_7D,True,True
3409483,"Chembur, Mumbai - MPCB",ME,CPCB,12238386,so2,SO₂,ppb,1.28,2026-09-11 10:30:00+00:00,2026-09-11T16:00:00+05:30,19.0364585,72.8954371,OpenAQ,133.5,RECENT_7D,True,True
3409483,"Chembur, Mumbai - MPCB",ME,CPCB,12238387,temperature,Temperature (C),c,28.29,2026-09-10 22:00:00+00:00,2026-09-11T03:30:00+05:30,19.0364585,72.8954371,OpenAQ,146.0,RECENT_7D,True,True
3409483,"Chembur, Mumbai - MPCB",ME,CPCB,14341577,wind_direction,Wind direction,deg,288.04,2026-09-11 10:30:00+00:00,2026-09-11T16:00:00+05:30,19.0364585,72.8954371,OpenAQ,133.5,RECENT_7D,True,True
3409483,"Chembur, Mumbai - MPCB",ME,CPCB,14341578,wind_speed,Wind speed,m/s,0.64,2026-09-11 10:30:00+00:00,2026-09-11T16:00:00+05:30,19.0364585,72.8954371,OpenAQ,133.5,RECENT_7D,True,True
11604,"Deonar, Mumbai - IITM",ME,caaqm,39420,co,CO mass,µg/m³,2340.0,2022-10-16 15:45:00+00:00,2022-10-16T21:15:00+05:30,19.04946,72.923,OpenAQ,34352.25,HISTORICAL,True,True
3409329,"Deonar, Mumbai - IITM",ME,CPCB,12236380,co,CO,ppb,0.85,2026-09-11 10:30:00+00:00,2026-09-11T16:00:00+05:30,19.04946,72.923,OpenAQ,133.5,RECENT_7D,True,True
3409329,"Deonar, Mumbai - IITM",ME,CPCB,12236381,no,NO,ppb,7.8,2026-09-11 10:30:00+00:00,2026-09-11T16:00:00+05:30,19.04946,72.923,OpenAQ,133.5,RECENT_7D,True,False
11604,"Deonar, Mumbai - IITM",ME,caaqm,39418,no2,NO₂ mass,µg/m³,4.53,2022-10-16 15:45:00+00:00,2022-10-16T21:15:00+05:30,19.04946,72.923,OpenAQ,34352.25,HISTORICAL,True,True
3409329,"Deonar, Mumbai - IITM",ME,CPCB,12236382,no2,NO₂,ppb,10.34,2026-09-11 10:30:00+00:00,2026-09-11T16:00:00+05:30,19.04946,72.923,OpenAQ,133.5,RECENT_7D,True,True
3409329,"Deonar, Mumbai - IITM",ME,CPCB,14341011,nox,NOX,ppb,0.04133,2026-09-11 10:30:00+00:00,2026-09-11T16:00:00+05:30,19.04946,72.923,OpenAQ,133.5,RECENT_7D,True,False
11604,"Deonar, Mumbai - IITM",ME,caaqm,39421,o3,O₃ mass,µg/m³,0.0,2022-10-16 15:45:00+00:00,2022-10-16T21:15:00+05:30,19.04946,72.923,OpenAQ,34352.25,HISTORICAL,True,True
3409329,"Deonar, Mumbai - IITM",ME,CPCB,12236383,o3,O₃ mass,µg/m³,15.0,2026-09-11 10:30:00+00:00,2026-09-11T16:00:00+05:30,19.04946,72.923,OpenAQ,133.5,RECENT_7D,True,True
11604,"Deonar, Mumbai - IITM",ME,caaqm,39417,pm10,PM10,µg/m³,156.78,2022-10-16 15:45:00+00:00,2022-10-16T21:15:00+05:30,19.04946,72.923,OpenAQ,34352.25,HISTORICAL,True,True
3409329,"Deonar, Mumbai - IITM",ME,CPCB,12236384,pm10,PM10,µg/m³,44.61,2026-09-11 10:30:00+00:00,2026-09-11T16:00:00+05:30,19.04946,72.923,OpenAQ,133.5,RECENT_7D,True,True
11604,"Deonar, Mumbai - IITM",ME,caaqm,39416,pm25,PM2.5,µg/m³,75.1,2022-10-16 15:45:00+00:00,2022-10-16T21:15:00+05:30,19.04946,72.923,OpenAQ,34352.25,HISTORICAL,True,True
3409329,"Deonar, Mumbai - IITM",ME,CPCB,12236385,pm25,PM2.5,µg/m³,12.55,2026-09-11 10:30:00+00:00,2026-09-11T16:00:00+05:30,19.04946,72.923,OpenAQ,133.5,RECENT_7D,True,True
3409329,"Deonar, Mumbai - IITM",ME,CPCB,12236386,relativehumidity,RH,%,0.0,2026-06-26 07:30:00+00:00,2026-06-26T13:00:00+05:30,19.04946,72.923,OpenAQ,1984.5,STALE_90D,True,True
11604,"Deonar, Mumbai - IITM",ME,caaqm,39419,so2,SO₂ mass,µg/m³,4.43,2022-10-16 15:45:00+00:00,2022-10-16T21:15:00+05:30,19.04946,72.923,OpenAQ,34352.25,HISTORICAL,True,True
3409329,"Deonar, Mumbai - IITM",ME,CPCB,12236387,so2,SO₂,ppb,1.67,2026-09-11 10:30:00+00:00,2026-09-11T16:00:00+05:30,19.04946,72.923,OpenAQ,133.5,RECENT_7D,True,True
3409329,"Deonar, Mumbai - IITM",ME,CPCB,12236388,temperature,Temperature (C),c,0.0,2026-06-26 07:30:00+00:00,2026-06-26T13:00:00+05:30,19.04946,72.923,OpenAQ,1984.5,STALE_90D,True,True
3409329,"Deonar, Mumbai - IITM",ME,CPCB,14341012,wind_direction,Wind direction,deg,0.0,2026-06-26 07:30:00+00:00,2026-06-26T13:00:00+05:30,19.04946,72.923,OpenAQ,1984.5,STALE_90D,True,True
3409329,"Deonar, Mumbai - IITM",ME,CPCB,14341013,wind_speed,Wind speed,m/s,0.0,2026-06-26 07:30:00+00:00,2026-06-26T13:00:00+05:30,19.04946,72.923,OpenAQ,1984.5,STALE_90D,True,True
3409511,"Shivaji Nagar, Mumbai - BMC",ME,CPCB,12238571,co,CO,ppb,0.31,2026-09-11 10:30:00+00:00,2026-09-11T16:00:00+05:30,19.060498,72.923356,OpenAQ,133.5,RECENT_7D,True,True
3409511,"Shivaji Nagar, Mumbai - BMC",ME,CPCB,12238572,no,NO,ppb,6.49,2026-09-11 10:30:00+00:00,2026-09-11T16:00:00+05:30,19.060498,72.923356,OpenAQ,133.5,RECENT_7D,True,False
3409511,"Shivaji Nagar, Mumbai - BMC",ME,CPCB,12238573,no2,NO₂,ppb,6.35,2026-09-11 10:30:00+00:00,2026-09-11T16:00:00+05:30,19.060498,72.923356,OpenAQ,133.5,RECENT_7D,True,True
3409511,"Shivaji Nagar, Mumbai - BMC",ME,CPCB,14341642,nox,NOX,ppb,0.00839,2026-09-11 10:30:00+00:00,2026-09-11T16:00:00+05:30,19.060498,72.923356,OpenAQ,133.5,RECENT_7D,True,False
3409511,"Shivaji Nagar, Mumbai - BMC",ME,CPCB,12238574,o3,O₃ mass,µg/m³,11.53,2026-09-11 10:30:00+00:00,2026-09-11T16:00:00+05:30,19.060498,72.923356,OpenAQ,133.5,RECENT_7D,True,True
3409511,"Shivaji Nagar, Mumbai - BMC",ME,CPCB,12238575,pm10,PM10,µg/m³,57.95,2026-09-11 10:30:00+00:00,2026-09-11T16:00:00+05:30,19.060498,72.923356,OpenAQ,133.5,RECENT_7D,True,True
3409511,"Shivaji Nagar, Mumbai - BMC",ME,CPCB,12238576,pm25,PM2.5,µg/m³,14.53,2026-09-11 10:30:00+00:00,2026-09-11T16:00:00+05:30,19.060498,72.923356,OpenAQ,133.5,RECENT_7D,True,True
3409511,"Shivaji Nagar, Mumbai - BMC",ME,CPCB,12238577,relativehumidity,RH,%,75.96,2026-09-11 10:30:00+00:00,2026-09-11T16:00:00+05:30,19.060498,72.923356,OpenAQ,133.5,RECENT_7D,True,True
3409511,"Shivaji Nagar, Mumbai - BMC",ME,CPCB,12238578,so2,SO₂,ppb,0.01,2026-09-11 08:45:00+00:00,2026-09-11T14:15:00+05:30,19.060498,72.923356,OpenAQ,135.25,RECENT_7D,True,True
3409511,"Shivaji Nagar, Mumbai - BMC",ME,CPCB,12238579,temperature,Temperature (C),c,29.64,2026-09-11 10:30:00+00:00,2026-09-11T16:00:00+05:30,19.060498,72.923356,OpenAQ,133.5,RECENT_7D,True,True
3409511,"Shivaji Nagar, Mumbai - BMC",ME,CPCB,14341643,wind_direction,Wind direction,deg,264.18,2026-09-11 10:30:00+00:00,2026-09-11T16:00:00+05:30,19.060498,72.923356,OpenAQ,133.5,RECENT_7D,True,True
3409511,"Shivaji Nagar, Mumbai - BMC",ME,CPCB,14341644,wind_speed,Wind speed,m/s,1.22,2026-09-11 10:30:00+00:00,2026-09-11T16:00:00+05:30,19.060498,72.923356,OpenAQ,133.5,RECENT_7D,True,True
3409514,"Ghatkopar, Mumbai - BMC",N,CPCB,12238598,co,CO,ppb,0.4,2026-09-11 10:30:00+00:00,2026-09-11T16:00:00+05:30,19.083694,72.920967,OpenAQ,133.5,RECENT_7D,True,True
3409514,"Ghatkopar, Mumbai - BMC",N,CPCB,12238599,no,NO,ppb,6.97,2026-09-11 10:30:00+00:00,2026-09-11T16:00:00+05:30,19.083694,72.920967,OpenAQ,133.5,RECENT_7D,True,False
3409514,"Ghatkopar, Mumbai - BMC",N,CPCB,12238600,no2,NO₂,ppb,21.34,2026-09-11 10:30:00+00:00,2026-09-11T16:00:00+05:30,19.083694,72.920967,OpenAQ,133.5,RECENT_7D,True,True
3409514,"Ghatkopar, Mumbai - BMC",N,CPCB,14341645,nox,NOX,ppb,0.02141,2026-09-11 10:30:00+00:00,2026-09-11T16:00:00+05:30,19.083694,72.920967,OpenAQ,133.5,RECENT_7D,True,False
3409514,"Ghatkopar, Mumbai - BMC",N,CPCB,12238601,o3,O₃ mass,µg/m³,3.0,2026-09-11 10:30:00+00:00,2026-09-11T16:00:00+05:30,19.083694,72.920967,OpenAQ,133.5,RECENT_7D,True,True
3409514,"Ghatkopar, Mumbai - BMC",N,CPCB,12238602,pm10,PM10,µg/m³,45.86,2026-09-11 10:30:00+00:00,2026-09-11T16:00:00+05:30,19.083694,72.920967,OpenAQ,133.5,RECENT_7D,True,True
3409514,"Ghatkopar, Mumbai - BMC",N,CPCB,12238603,pm25,PM2.5,µg/m³,28.13,2026-09-11 10:30:00+00:00,2026-09-11T16:00:00+05:30,19.083694,72.920967,OpenAQ,133.5,RECENT_7D,True,True
3409514,"Ghatkopar, Mumbai - BMC",N,CPCB,12238604,relativehumidity,RH,%,98.08,2026-09-11 10:30:00+00:00,2026-09-11T16:00:00+05:30,19.083694,72.920967,OpenAQ,133.5,RECENT_7D,True,True
3409514,"Ghatkopar, Mumbai - BMC",N,CPCB,12238605,so2,SO₂,ppb,1.49,2026-09-11 10:30:00+00:00,2026-09-11T16:00:00+05:30,19.083694,72.920967,OpenAQ,133.5,RECENT_7D,True,True
3409514,"Ghatkopar, Mumbai - BMC",N,CPCB,12238606,temperature,Temperature (C),c,30.04,2026-09-11 10:30:00+00:00,2026-09-11T16:00:00+05:30,19.083694,72.920967,OpenAQ,133.5,RECENT_7D,True,True
3409514,"Ghatkopar, Mumbai - BMC",N,CPCB,14341646,wind_direction,Wind direction,deg,226.54,2026-09-11 10:30:00+00:00,2026-09-11T16:00:00+05:30,19.083694,72.920967,OpenAQ,133.5,RECENT_7D,True,True
3409514,"Ghatkopar, Mumbai - BMC",N,CPCB,14341647,wind_speed,Wind speed,m/s,1.8,2026-09-11 10:30:00+00:00,2026-09-11T16:00:00+05:30,19.083694,72.920967,OpenAQ,133.5,RECENT_7D,True,True
11611,"Malad West, Mumbai - IITM",PN,CPCB,12236421,co,CO,ppb,0.45,2026-09-11 10:30:00+00:00,2026-09-11T16:00:00+05:30,19.19709,72.82204,OpenAQ,133.5,RECENT_7D,True,True
11611,"Malad West, Mumbai - IITM",PN,CPCB,39458,co,CO mass,µg/m³,3340.0,2022-10-16 15:45:00+00:00,2022-10-16T21:15:00+05:30,19.19709,72.82204,OpenAQ,34352.25,HISTORICAL,True,True
11611,"Malad West, Mumbai - IITM",PN,CPCB,12236422,no,NO,ppb,2.62,2026-09-11 10:30:00+00:00,2026-09-11T16:00:00+05:30,19.19709,72.82204,OpenAQ,133.5,RECENT_7D,True,False
11611,"Malad West, Mumbai - IITM",PN,CPCB,12236423,no2,NO₂,ppb,3.48,2026-09-11 10:30:00+00:00,2026-09-11T16:00:00+05:30,19.19709,72.82204,OpenAQ,133.5,RECENT_7D,True,True
11611,"Malad West, Mumbai - IITM",PN,CPCB,39456,no2,NO₂ mass,µg/m³,1.96,2022-10-16 15:45:00+00:00,2022-10-16T21:15:00+05:30,19.19709,72.82204,OpenAQ,34352.25,HISTORICAL,True,True
11611,"Malad West, Mumbai - IITM",PN,CPCB,14341021,nox,NOX,ppb,0.00448,2026-09-11 10:30:00+00:00,2026-09-11T16:00:00+05:30,19.19709,72.82204,OpenAQ,133.5,RECENT_7D,True,False
11611,"Malad West, Mumbai - IITM",PN,CPCB,12236424,o3,O₃ mass,µg/m³,11.09,2026-09-11 10:30:00+00:00,2026-09-11T16:00:00+05:30,19.19709,72.82204,OpenAQ,133.5,RECENT_7D,True,True
11611,"Malad West, Mumbai - IITM",PN,CPCB,39459,o3,O₃ mass,µg/m³,2.0,2022-10-16 15:45:00+00:00,2022-10-16T21:15:00+05:30,19.19709,72.82204,OpenAQ,34352.25,HISTORICAL,True,True
11611,"Malad West, Mumbai - IITM",PN,CPCB,12236425,pm10,PM10,µg/m³,25.77,2026-09-11 10:30:00+00:00,2026-09-11T16:00:00+05:30,19.19709,72.82204,OpenAQ,133.5,RECENT_7D,True,True
11611,"Malad West, Mumbai - IITM",PN,CPCB,39455,pm10,PM10,µg/m³,101.09,2022-10-16 15:45:00+00:00,2022-10-16T21:15:00+05:30,19.19709,72.82204,OpenAQ,34352.25,HISTORICAL,True,True
11611,"Malad West, Mumbai - IITM",PN,CPCB,12236426,pm25,PM2.5,µg/m³,5.06,2026-09-11 10:30:00+00:00,2026-09-11T16:00:00+05:30,19.19709,72.82204,OpenAQ,133.5,RECENT_7D,True,True
11611,"Malad West, Mumbai - IITM",PN,CPCB,39454,pm25,PM2.5,µg/m³,3.99,2022-10-16 15:45:00+00:00,2022-10-16T21:15:00+05:30,19.19709,72.82204,OpenAQ,34352.25,HISTORICAL,True,True
11611,"Malad West, Mumbai - IITM",PN,CPCB,12236427,relativehumidity,RH,%,0.0,2026-03-07 15:15:00+00:00,2026-03-07T20:45:00+05:30,19.19709,72.82204,OpenAQ,4640.75,HISTORICAL,True,True
11611,"Malad West, Mumbai - IITM",PN,CPCB,12236428,so2,SO₂,ppb,8.66,2026-09-11 10:30:00+00:00,2026-09-11T16:00:00+05:30,19.19709,72.82204,OpenAQ,133.5,RECENT_7D,True,True
11611,"Malad West, Mumbai - IITM",PN,CPCB,39457,so2,SO₂ mass,µg/m³,18.84,2022-10-16 15:45:00+00:00,2022-10-16T21:15:00+05:30,19.19709,72.82204,OpenAQ,34352.25,HISTORICAL,True,True
11611,"Malad West, Mumbai - IITM",PN,CPCB,12236429,temperature,Temperature (C),c,0.0,2026-03-07 15:15:00+00:00,2026-03-07T20:45:00+05:30,19.19709,72.82204,OpenAQ,4640.75,HISTORICAL,True,True
11611,"Malad West, Mumbai - IITM",PN,CPCB,14342063,wind_direction,Wind direction,deg,0.0,2026-03-07 15:15:00+00:00,2026-03-07T20:45:00+05:30,19.19709,72.82204,OpenAQ,4640.75,HISTORICAL,True,True
11611,"Malad West, Mumbai - IITM",PN,CPCB,14342064,wind_speed,Wind speed,m/s,0.01,2026-03-07 15:15:00+00:00,2026-03-07T20:45:00+05:30,19.19709,72.82204,OpenAQ,4640.75,HISTORICAL,True,True
3409479,"Mindspace-Malad West, Mumbai - MPCB",PN,CPCB,12238343,co,CO,ppb,0.31,2026-09-11 10:30:00+00:00,2026-09-11T16:00:00+05:30,19.1878657,72.8304069,OpenAQ,133.5,RECENT_7D,True,True
3409479,"Mindspace-Malad West, Mumbai - MPCB",PN,CPCB,12238344,no,NO,ppb,1.84,2026-09-11 10:30:00+00:00,2026-09-11T16:00:00+05:30,19.1878657,72.8304069,OpenAQ,133.5,RECENT_7D,True,False
3409479,"Mindspace-Malad West, Mumbai - MPCB",PN,CPCB,12238345,no2,NO₂,ppb,14.1,2026-09-11 10:30:00+00:00,2026-09-11T16:00:00+05:30,19.1878657,72.8304069,OpenAQ,133.5,RECENT_7D,True,True
3409479,"Mindspace-Malad West, Mumbai - MPCB",PN,CPCB,14341564,nox,NOX,ppb,0.01001,2026-09-11 10:30:00+00:00,2026-09-11T16:00:00+05:30,19.1878657,72.8304069,OpenAQ,133.5,RECENT_7D,True,False
3409479,"Mindspace-Malad West, Mumbai - MPCB",PN,CPCB,12238346,o3,O₃ mass,µg/m³,18.37,2026-09-11 10:30:00+00:00,2026-09-11T16:00:00+05:30,19.1878657,72.8304069,OpenAQ,133.5,RECENT_7D,True,True
3409479,"Mindspace-Malad West, Mumbai - MPCB",PN,CPCB,12238347,pm10,PM10,µg/m³,55.92,2026-09-11 10:30:00+00:00,2026-09-11T16:00:00+05:30,19.1878657,72.8304069,OpenAQ,133.5,RECENT_7D,True,True
3409479,"Mindspace-Malad West, Mumbai - MPCB",PN,CPCB,12238348,pm25,PM2.5,µg/m³,22.37,2026-09-11 10:30:00+00:00,2026-09-11T16:00:00+05:30,19.1878657,72.8304069,OpenAQ,133.5,RECENT_7D,True,True
3409479,"Mindspace-Malad West, Mumbai - MPCB",PN,CPCB,12238349,relativehumidity,RH,%,0.1,2026-09-11 10:30:00+00:00,2026-09-11T16:00:00+05:30,19.1878657,72.8304069,OpenAQ,133.5,RECENT_7D,True,True
3409479,"Mindspace-Malad West, Mumbai - MPCB",PN,CPCB,12238350,so2,SO₂,ppb,3.16,2026-09-11 10:30:00+00:00,2026-09-11T16:00:00+05:30,19.1878657,72.8304069,OpenAQ,133.5,RECENT_7D,True,True
3409479,"Mindspace-Malad West, Mumbai - MPCB",PN,CPCB,12238351,temperature,Temperature (C),c,23.23,2026-09-11 10:30:00+00:00,2026-09-11T16:00:00+05:30,19.1878657,72.8304069,OpenAQ,133.5,RECENT_7D,True,True
3409479,"Mindspace-Malad West, Mumbai - MPCB",PN,CPCB,14341565,wind_direction,Wind direction,deg,265.66,2026-09-11 10:30:00+00:00,2026-09-11T16:00:00+05:30,19.1878657,72.8304069,OpenAQ,133.5,RECENT_7D,True,True
3409479,"Mindspace-Malad West, Mumbai - MPCB",PN,CPCB,14341566,wind_speed,Wind speed,m/s,2.53,2026-09-11 10:30:00+00:00,2026-09-11T16:00:00+05:30,19.1878657,72.8304069,OpenAQ,133.5,RECENT_7D,True,True
11606,"Borivali East, Mumbai - IITM",RC,CPCB,12236413,co,CO,ppb,0.41,2026-09-11 10:30:00+00:00,2026-09-11T16:00:00+05:30,19.23241,72.86895,OpenAQ,133.5,RECENT_7D,True,True
11606,"Borivali East, Mumbai - IITM",RC,CPCB,39431,co,CO mass,µg/m³,370.0,2022-07-08 07:15:00+00:00,2022-07-08T12:45:00+05:30,19.23241,72.86895,OpenAQ,36760.75,HISTORICAL,True,True
11606,"Borivali East, Mumbai - IITM",RC,CPCB,12236414,no,NO,ppb,1.83,2026-09-11 10:30:00+00:00,2026-09-11T16:00:00+05:30,19.23241,72.86895,OpenAQ,133.5,RECENT_7D,True,False
11606,"Borivali East, Mumbai - IITM",RC,CPCB,12236415,no2,NO₂,ppb,4.63,2026-09-11 10:30:00+00:00,2026-09-11T16:00:00+05:30,19.23241,72.86895,OpenAQ,133.5,RECENT_7D,True,True
11606,"Borivali East, Mumbai - IITM",RC,CPCB,39430,no2,NO₂ mass,µg/m³,1.44,2022-07-08 07:15:00+00:00,2022-07-08T12:45:00+05:30,19.23241,72.86895,OpenAQ,36760.75,HISTORICAL,True,True
11606,"Borivali East, Mumbai - IITM",RC,CPCB,14341020,nox,NOX,ppb,0.00425,2026-09-11 10:30:00+00:00,2026-09-11T16:00:00+05:30,19.23241,72.86895,OpenAQ,133.5,RECENT_7D,True,False
11606,"Borivali East, Mumbai - IITM",RC,CPCB,12236416,o3,O₃ mass,µg/m³,31.0,2026-09-11 10:30:00+00:00,2026-09-11T16:00:00+05:30,19.23241,72.86895,OpenAQ,133.5,RECENT_7D,True,True
11606,"Borivali East, Mumbai - IITM",RC,CPCB,39432,o3,O₃ mass,µg/m³,8.0,2022-07-08 07:15:00+00:00,2022-07-08T12:45:00+05:30,19.23241,72.86895,OpenAQ,36760.75,HISTORICAL,True,True
11606,"Borivali East, Mumbai - IITM",RC,CPCB,12236417,pm10,PM10,µg/m³,43.06,2026-09-11 10:30:00+00:00,2026-09-11T16:00:00+05:30,19.23241,72.86895,OpenAQ,133.5,RECENT_7D,True,True
11606,"Borivali East, Mumbai - IITM",RC,CPCB,39429,pm10,PM10,µg/m³,36.65,2022-07-08 07:15:00+00:00,2022-07-08T12:45:00+05:30,19.23241,72.86895,OpenAQ,36760.75,HISTORICAL,True,True
11606,"Borivali East, Mumbai - IITM",RC,CPCB,12236418,pm25,PM2.5,µg/m³,22.11,2026-09-11 10:30:00+00:00,2026-09-11T16:00:00+05:30,19.23241,72.86895,OpenAQ,133.5,RECENT_7D,True,True
11606,"Borivali East, Mumbai - IITM",RC,CPCB,39428,pm25,PM2.5,µg/m³,0.0,2022-07-08 07:15:00+00:00,2022-07-08T12:45:00+05:30,19.23241,72.86895,OpenAQ,36760.75,HISTORICAL,True,True
11606,"Borivali East, Mumbai - IITM",RC,CPCB,12236419,relativehumidity,RH,%,0.0,2026-02-13 09:00:00+00:00,2026-02-13T14:30:00+05:30,19.23241,72.86895,OpenAQ,5175.0,HISTORICAL,True,True
11606,"Borivali East, Mumbai - IITM",RC,CPCB,12236420,temperature,Temperature (C),c,0.0,2026-02-13 09:00:00+00:00,2026-02-13T14:30:00+05:30,19.23241,72.86895,OpenAQ,5175.0,HISTORICAL,True,True
11606,"Borivali East, Mumbai - IITM",RC,CPCB,14342059,wind_direction,Wind direction,deg,0.0,2026-02-13 09:00:00+00:00,2026-02-13T14:30:00+05:30,19.23241,72.86895,OpenAQ,5175.0,HISTORICAL,True,True
11606,"Borivali East, Mumbai - IITM",RC,CPCB,14342060,wind_speed,Wind speed,m/s,0.0,2026-02-13 09:00:00+00:00,2026-02-13T14:30:00+05:30,19.23241,72.86895,OpenAQ,5175.0,HISTORICAL,True,True
6965,"Borivali East, Mumbai - MPCB",RC,CPCB,12252653,co,CO,ppb,0.15,2026-09-11 10:30:00+00:00,2026-09-11T16:00:00+05:30,19.227474,72.864394,OpenAQ,133.5,RECENT_7D,True,True
6965,"Borivali East, Mumbai - MPCB",RC,CPCB,20075,co,CO mass,µg/m³,1070.0,2022-10-31 02:00:00+00:00,2022-10-31T07:30:00+05:30,19.227474,72.864394,OpenAQ,34006.0,HISTORICAL,True,True
6965,"Borivali East, Mumbai - MPCB",RC,CPCB,12252654,no,NO,ppb,10.7,2026-09-11 10:30:00+00:00,2026-09-11T16:00:00+05:30,19.227474,72.864394,OpenAQ,133.5,RECENT_7D,True,False
6965,"Borivali East, Mumbai - MPCB",RC,CPCB,12252655,no2,NO₂,ppb,7.6,2026-09-11 10:30:00+00:00,2026-09-11T16:00:00+05:30,19.227474,72.864394,OpenAQ,133.5,RECENT_7D,True,True
6965,"Borivali East, Mumbai - MPCB",RC,CPCB,20081,no2,NO₂ mass,µg/m³,11.5,2022-10-31 02:00:00+00:00,2022-10-31T07:30:00+05:30,19.227474,72.864394,OpenAQ,34006.0,HISTORICAL,True,True
6965,"Borivali East, Mumbai - MPCB",RC,CPCB,14341949,nox,NOX,ppb,0.0182,2026-09-11 10:30:00+00:00,2026-09-11T16:00:00+05:30,19.227474,72.864394,OpenAQ,133.5,RECENT_7D,True,False
6965,"Borivali East, Mumbai - MPCB",RC,CPCB,12252656,o3,O₃ mass,µg/m³,4.26,2026-06-18 02:45:00+00:00,2026-06-18T08:15:00+05:30,19.227474,72.864394,OpenAQ,2181.25,HISTORICAL,True,True
6965,"Borivali East, Mumbai - MPCB",RC,CPCB,20084,o3,O₃ mass,µg/m³,16.72,2022-10-31 02:00:00+00:00,2022-10-31T07:30:00+05:30,19.227474,72.864394,OpenAQ,34006.0,HISTORICAL,True,True
6965,"Borivali East, Mumbai - MPCB",RC,CPCB,12252657,pm10,PM10,µg/m³,31.2,2026-09-11 10:30:00+00:00,2026-09-11T16:00:00+05:30,19.227474,72.864394,OpenAQ,133.5,RECENT_7D,True,True
6965,"Borivali East, Mumbai - MPCB",RC,CPCB,20085,pm10,PM10,µg/m³,55.0,2022-10-31 02:00:00+00:00,2022-10-31T07:30:00+05:30,19.227474,72.864394,OpenAQ,34006.0,HISTORICAL,True,True
6965,"Borivali East, Mumbai - MPCB",RC,CPCB,12252658,pm25,PM2.5,µg/m³,11.0,2026-09-11 10:30:00+00:00,2026-09-11T16:00:00+05:30,19.227474,72.864394,OpenAQ,133.5,RECENT_7D,True,True
6965,"Borivali East, Mumbai - MPCB",RC,CPCB,20087,pm25,PM2.5,µg/m³,57.0,2022-10-31 02:00:00+00:00,2022-10-31T07:30:00+05:30,19.227474,72.864394,OpenAQ,34006.0,HISTORICAL,True,True
6965,"Borivali East, Mumbai - MPCB",RC,CPCB,12252659,relativehumidity,RH,%,78.54,2026-08-14 07:15:00+00:00,2026-08-14T12:45:00+05:30,19.227474,72.864394,OpenAQ,808.75,STALE_90D,True,True
6965,"Borivali East, Mumbai - MPCB",RC,CPCB,12252660,so2,SO₂,ppb,14.83,2026-09-11 10:30:00+00:00,2026-09-11T16:00:00+05:30,19.227474,72.864394,OpenAQ,133.5,RECENT_7D,True,True
6965,"Borivali East, Mumbai - MPCB",RC,CPCB,20090,so2,SO₂ mass,µg/m³,9.58,2022-10-31 02:00:00+00:00,2022-10-31T07:30:00+05:30,19.227474,72.864394,OpenAQ,34006.0,HISTORICAL,True,True
6965,"Borivali East, Mumbai - MPCB",RC,CPCB,12252661,temperature,Temperature (C),c,41.07,2026-08-22 05:00:00+00:00,2026-08-22T10:30:00+05:30,19.227474,72.864394,OpenAQ,619.0,STALE_30D,True,True
6965,"Borivali East, Mumbai - MPCB",RC,CPCB,14341950,wind_direction,Wind direction,deg,301.19,2026-08-14 07:15:00+00:00,2026-08-14T12:45:00+05:30,19.227474,72.864394,OpenAQ,808.75,STALE_90D,True,True
6965,"Borivali East, Mumbai - MPCB",RC,CPCB,14341951,wind_speed,Wind speed,m/s,5.49,2026-09-11 10:30:00+00:00,2026-09-11T16:00:00+05:30,19.227474,72.864394,OpenAQ,133.5,RECENT_7D,True,True
3409512,"Kandivali West, Mumbai - BMC",RC,CPCB,12238580,co,CO,ppb,0.14,2026-09-11 10:30:00+00:00,2026-09-11T16:00:00+05:30,19.215859,72.831718,OpenAQ,133.5,RECENT_7D,True,True
3409512,"Kandivali West, Mumbai - BMC",RC,CPCB,12238581,no,NO,ppb,0.34,2026-09-11 10:30:00+00:00,2026-09-11T16:00:00+05:30,19.215859,72.831718,OpenAQ,133.5,RECENT_7D,True,False
3409512,"Kandivali West, Mumbai - BMC",RC,CPCB,12238582,no2,NO₂,ppb,3.48,2026-09-11 10:30:00+00:00,2026-09-11T16:00:00+05:30,19.215859,72.831718,OpenAQ,133.5,RECENT_7D,True,True
3409512,"Kandivali West, Mumbai - BMC",RC,CPCB,14342261,nox,NOX,ppb,0.00209,2026-09-11 10:30:00+00:00,2026-09-11T16:00:00+05:30,19.215859,72.831718,OpenAQ,133.5,RECENT_7D,True,False
3409512,"Kandivali West, Mumbai - BMC",RC,CPCB,12238583,o3,O₃ mass,µg/m³,27.06,2026-09-11 10:30:00+00:00,2026-09-11T16:00:00+05:30,19.215859,72.831718,OpenAQ,133.5,RECENT_7D,True,True
3409512,"Kandivali West, Mumbai - BMC",RC,CPCB,12238584,pm10,PM10,µg/m³,34.74,2026-09-11 10:30:00+00:00,2026-09-11T16:00:00+05:30,19.215859,72.831718,OpenAQ,133.5,RECENT_7D,True,True
3409512,"Kandivali West, Mumbai - BMC",RC,CPCB,12238585,pm25,PM2.5,µg/m³,19.3,2026-09-11 10:30:00+00:00,2026-09-11T16:00:00+05:30,19.215859,72.831718,OpenAQ,133.5,RECENT_7D,True,True
3409512,"Kandivali West, Mumbai - BMC",RC,CPCB,12238586,relativehumidity,RH,%,60.01,2026-09-11 10:30:00+00:00,2026-09-11T16:00:00+05:30,19.215859,72.831718,OpenAQ,133.5,RECENT_7D,True,True
3409512,"Kandivali West, Mumbai - BMC",RC,CPCB,12238587,so2,SO₂,ppb,1.13,2026-09-11 10:30:00+00:00,2026-09-11T16:00:00+05:30,19.215859,72.831718,OpenAQ,133.5,RECENT_7D,True,True
3409512,"Kandivali West, Mumbai - BMC",RC,CPCB,12238588,temperature,Temperature (C),c,30.77,2026-09-11 10:30:00+00:00,2026-09-11T16:00:00+05:30,19.215859,72.831718,OpenAQ,133.5,RECENT_7D,True,True
3409512,"Kandivali West, Mumbai - BMC",RC,CPCB,14342262,wind_direction,Wind direction,deg,231.94,2026-09-11 10:30:00+00:00,2026-09-11T16:00:00+05:30,19.215859,72.831718,OpenAQ,133.5,RECENT_7D,True,True
3409512,"Kandivali West, Mumbai - BMC",RC,CPCB,14342263,wind_speed,Wind speed,m/s,1.65,2026-09-11 10:30:00+00:00,2026-09-11T16:00:00+05:30,19.215859,72.831718,OpenAQ,133.5,RECENT_7D,True,True
12044,"Kandivali East, Mumbai - MPCB",RS,CPCB,12236467,co,CO,ppb,0.96,2026-04-18 05:45:00+00:00,2026-04-18T11:15:00+05:30,19.2058,72.8682,OpenAQ,3642.25,HISTORICAL,True,True
12044,"Kandivali East, Mumbai - MPCB",RS,CPCB,40616,co,CO mass,µg/m³,270.0,2022-10-16 15:45:00+00:00,2022-10-16T21:15:00+05:30,19.2058,72.8682,OpenAQ,34352.25,HISTORICAL,True,True
12044,"Kandivali East, Mumbai - MPCB",RS,CPCB,12236468,no,NO,ppb,43.33,2026-04-18 05:45:00+00:00,2026-04-18T11:15:00+05:30,19.2058,72.8682,OpenAQ,3642.25,HISTORICAL,True,False
12044,"Kandivali East, Mumbai - MPCB",RS,CPCB,12236469,no2,NO₂,ppb,28.85,2026-04-18 05:45:00+00:00,2026-04-18T11:15:00+05:30,19.2058,72.8682,OpenAQ,3642.25,HISTORICAL,True,True
12044,"Kandivali East, Mumbai - MPCB",RS,CPCB,40624,no2,NO₂ mass,µg/m³,13.64,2022-10-16 15:45:00+00:00,2022-10-16T21:15:00+05:30,19.2058,72.8682,OpenAQ,34352.25,HISTORICAL,True,True
12044,"Kandivali East, Mumbai - MPCB",RS,CPCB,14341025,nox,NOX,ppb,0.07219,2026-04-18 05:45:00+00:00,2026-04-18T11:15:00+05:30,19.2058,72.8682,OpenAQ,3642.25,HISTORICAL,True,False
12044,"Kandivali East, Mumbai - MPCB",RS,CPCB,12236470,o3,O₃ mass,µg/m³,14.3,2026-04-16 00:15:00+00:00,2026-04-16T05:45:00+05:30,19.2058,72.8682,OpenAQ,3695.75,HISTORICAL,True,True
12044,"Kandivali East, Mumbai - MPCB",RS,CPCB,40627,o3,O₃ mass,µg/m³,8.57,2022-10-12 08:45:00+00:00,2022-10-12T14:15:00+05:30,19.2058,72.8682,OpenAQ,34455.25,HISTORICAL,True,True
12044,"Kandivali East, Mumbai - MPCB",RS,CPCB,12236471,pm10,PM10,µg/m³,2186.85,2026-04-18 05:45:00+00:00,2026-04-18T11:15:00+05:30,19.2058,72.8682,OpenAQ,3642.25,HISTORICAL,True,True
12044,"Kandivali East, Mumbai - MPCB",RS,CPCB,40652,pm10,PM10,µg/m³,145.42,2022-10-16 15:45:00+00:00,2022-10-16T21:15:00+05:30,19.2058,72.8682,OpenAQ,34352.25,HISTORICAL,True,True
12044,"Kandivali East, Mumbai - MPCB",RS,CPCB,12236472,pm25,PM2.5,µg/m³,985.0,2026-04-18 05:45:00+00:00,2026-04-18T11:15:00+05:30,19.2058,72.8682,OpenAQ,3642.25,HISTORICAL,True,True
12044,"Kandivali East, Mumbai - MPCB",RS,CPCB,40650,pm25,PM2.5,µg/m³,47.5,2022-10-16 15:45:00+00:00,2022-10-16T21:15:00+05:30,19.2058,72.8682,OpenAQ,34352.25,HISTORICAL,True,True
12044,"Kandivali East, Mumbai - MPCB",RS,CPCB,12236473,relativehumidity,RH,%,50.39,2026-04-03 07:00:00+00:00,2026-04-03T12:30:00+05:30,19.2058,72.8682,OpenAQ,4001.0,HISTORICAL,True,True
12044,"Kandivali East, Mumbai - MPCB",RS,CPCB,12236474,so2,SO₂,ppb,26.6,2026-04-16 00:15:00+00:00,2026-04-16T05:45:00+05:30,19.2058,72.8682,OpenAQ,3695.75,HISTORICAL,True,True
12044,"Kandivali East, Mumbai - MPCB",RS,CPCB,40620,so2,SO₂ mass,µg/m³,14.72,2022-10-16 15:45:00+00:00,2022-10-16T21:15:00+05:30,19.2058,72.8682,OpenAQ,34352.25,HISTORICAL,True,True
12044,"Kandivali East, Mumbai - MPCB",RS,CPCB,12236475,temperature,Temperature (C),c,37.84,2026-04-03 07:00:00+00:00,2026-04-03T12:30:00+05:30,19.2058,72.8682,OpenAQ,4001.0,HISTORICAL,True,True
12044,"Kandivali East, Mumbai - MPCB",RS,CPCB,14342080,wind_direction,Wind direction,deg,113.6,2026-04-03 07:00:00+00:00,2026-04-03T12:30:00+05:30,19.2058,72.8682,OpenAQ,4001.0,HISTORICAL,True,True
12044,"Kandivali East, Mumbai - MPCB",RS,CPCB,14342081,wind_speed,Wind speed,m/s,1.6,2026-04-03 07:00:00+00:00,2026-04-03T12:30:00+05:30,19.2058,72.8682,OpenAQ,4001.0,HISTORICAL,True,True
6956,"Powai, Mumbai - MPCB",S,CPCB,12235891,co,CO,ppb,0.58,2026-08-02 05:30:00+00:00,2026-08-02T11:00:00+05:30,19.1375,72.915056,OpenAQ,1098.5,STALE_90D,True,True
6956,"Powai, Mumbai - MPCB",S,CPCB,20125,co,CO mass,µg/m³,1320.0,2022-10-16 13:15:00+00:00,2022-10-16T18:45:00+05:30,19.1375,72.915056,OpenAQ,34354.75,HISTORICAL,True,True
6956,"Powai, Mumbai - MPCB",S,CPCB,12235892,no,NO,ppb,5.55,2026-09-11 10:30:00+00:00,2026-09-11T16:00:00+05:30,19.1375,72.915056,OpenAQ,133.5,RECENT_7D,True,False
6956,"Powai, Mumbai - MPCB",S,CPCB,12235893,no2,NO₂,ppb,4.88,2026-09-11 10:30:00+00:00,2026-09-11T16:00:00+05:30,19.1375,72.915056,OpenAQ,133.5,RECENT_7D,True,True
6956,"Powai, Mumbai - MPCB",S,CPCB,20083,no2,NO₂ mass,µg/m³,20.45,2022-10-16 13:15:00+00:00,2022-10-16T18:45:00+05:30,19.1375,72.915056,OpenAQ,34354.75,HISTORICAL,True,True
6956,"Powai, Mumbai - MPCB",S,CPCB,14340934,nox,NOX,ppb,0.01877,2026-09-11 10:30:00+00:00,2026-09-11T16:00:00+05:30,19.1375,72.915056,OpenAQ,133.5,RECENT_7D,True,False
6956,"Powai, Mumbai - MPCB",S,CPCB,12235894,o3,O₃ mass,µg/m³,8.75,2026-07-04 07:45:00+00:00,2026-07-04T13:15:00+05:30,19.1375,72.915056,OpenAQ,1792.25,STALE_90D,True,True
6956,"Powai, Mumbai - MPCB",S,CPCB,20054,o3,O₃ mass,µg/m³,7.75,2022-10-16 13:15:00+00:00,2022-10-16T18:45:00+05:30,19.1375,72.915056,OpenAQ,34354.75,HISTORICAL,True,True
6956,"Powai, Mumbai - MPCB",S,CPCB,12235895,pm10,PM10,µg/m³,26.0,2026-09-11 10:30:00+00:00,2026-09-11T16:00:00+05:30,19.1375,72.915056,OpenAQ,133.5,RECENT_7D,True,True
6956,"Powai, Mumbai - MPCB",S,CPCB,20010,pm10,PM10,µg/m³,47.0,2022-10-16 13:15:00+00:00,2022-10-16T18:45:00+05:30,19.1375,72.915056,OpenAQ,34354.75,HISTORICAL,True,True
6956,"Powai, Mumbai - MPCB",S,CPCB,12235896,pm25,PM2.5,µg/m³,12.5,2026-09-11 10:30:00+00:00,2026-09-11T16:00:00+05:30,19.1375,72.915056,OpenAQ,133.5,RECENT_7D,True,True
6956,"Powai, Mumbai - MPCB",S,CPCB,20079,pm25,PM2.5,µg/m³,28.0,2022-10-16 13:15:00+00:00,2022-10-16T18:45:00+05:30,19.1375,72.915056,OpenAQ,34354.75,HISTORICAL,True,True
6956,"Powai, Mumbai - MPCB",S,CPCB,12235897,relativehumidity,RH,%,68.9,2026-08-19 19:15:00+00:00,2026-08-20T00:45:00+05:30,19.1375,72.915056,OpenAQ,676.75,STALE_30D,True,True
6956,"Powai, Mumbai - MPCB",S,CPCB,12235898,so2,SO₂,ppb,6.96,2026-09-11 10:30:00+00:00,2026-09-11T16:00:00+05:30,19.1375,72.915056,OpenAQ,133.5,RECENT_7D,True,True
6956,"Powai, Mumbai - MPCB",S,CPCB,20101,so2,SO₂ mass,µg/m³,21.29,2022-10-16 13:15:00+00:00,2022-10-16T18:45:00+05:30,19.1375,72.915056,OpenAQ,34354.75,HISTORICAL,True,True
6956,"Powai, Mumbai - MPCB",S,CPCB,12235899,temperature,Temperature (C),c,28.71,2026-08-19 19:15:00+00:00,2026-08-20T00:45:00+05:30,19.1375,72.915056,OpenAQ,676.75,STALE_30D,True,True
6956,"Powai, Mumbai - MPCB",S,CPCB,14340935,wind_direction,Wind direction,deg,226.2,2026-08-19 19:15:00+00:00,2026-08-20T00:45:00+05:30,19.1375,72.915056,OpenAQ,676.75,STALE_30D,True,True
6956,"Powai, Mumbai - MPCB",S,CPCB,14340936,wind_speed,Wind speed,m/s,1.48,2026-08-19 19:15:00+00:00,2026-08-20T00:45:00+05:30,19.1375,72.915056,OpenAQ,676.75,STALE_30D,True,True
12039,"Khindipada-Bhandup West, Mumbai - IITM",T,CPCB,12236389,co,CO,ppb,0.65,2026-09-11 10:30:00+00:00,2026-09-11T16:00:00+05:30,19.164394,72.928297,OpenAQ,133.5,RECENT_7D,True,True
12039,"Khindipada-Bhandup West, Mumbai - IITM",T,CPCB,40636,co,CO mass,µg/m³,460.0,2022-09-22 05:30:00+00:00,2022-09-22T11:00:00+05:30,19.164394,72.928297,OpenAQ,34938.5,HISTORICAL,True,True
12039,"Khindipada-Bhandup West, Mumbai - IITM",T,CPCB,12236390,no,NO,ppb,2.21,2026-09-11 10:30:00+00:00,2026-09-11T16:00:00+05:30,19.164394,72.928297,OpenAQ,133.5,RECENT_7D,True,False
12039,"Khindipada-Bhandup West, Mumbai - IITM",T,CPCB,12236391,no2,NO₂,ppb,13.1,2026-09-11 10:30:00+00:00,2026-09-11T16:00:00+05:30,19.164394,72.928297,OpenAQ,133.5,RECENT_7D,True,True
12039,"Khindipada-Bhandup West, Mumbai - IITM",T,CPCB,40639,no2,NO₂ mass,µg/m³,1.34,2022-09-22 05:30:00+00:00,2022-09-22T11:00:00+05:30,19.164394,72.928297,OpenAQ,34938.5,HISTORICAL,True,True
12039,"Khindipada-Bhandup West, Mumbai - IITM",T,CPCB,14342056,nox,NOX,ppb,0.00877,2026-09-11 10:30:00+00:00,2026-09-11T16:00:00+05:30,19.164394,72.928297,OpenAQ,133.5,RECENT_7D,True,False
12039,"Khindipada-Bhandup West, Mumbai - IITM",T,CPCB,12236392,o3,O₃ mass,µg/m³,27.0,2026-09-11 10:30:00+00:00,2026-09-11T16:00:00+05:30,19.164394,72.928297,OpenAQ,133.5,RECENT_7D,True,True
12039,"Khindipada-Bhandup West, Mumbai - IITM",T,CPCB,40634,o3,O₃ mass,µg/m³,22.0,2022-09-22 05:30:00+00:00,2022-09-22T11:00:00+05:30,19.164394,72.928297,OpenAQ,34938.5,HISTORICAL,True,True
12039,"Khindipada-Bhandup West, Mumbai - IITM",T,CPCB,12236393,pm10,PM10,µg/m³,43.92,2026-09-11 10:30:00+00:00,2026-09-11T16:00:00+05:30,19.164394,72.928297,OpenAQ,133.5,RECENT_7D,True,True
12039,"Khindipada-Bhandup West, Mumbai - IITM",T,CPCB,40615,pm10,PM10,µg/m³,11.81,2022-09-22 05:30:00+00:00,2022-09-22T11:00:00+05:30,19.164394,72.928297,OpenAQ,34938.5,HISTORICAL,True,True
12039,"Khindipada-Bhandup West, Mumbai - IITM",T,CPCB,12236394,pm25,PM2.5,µg/m³,8.97,2026-09-11 10:30:00+00:00,2026-09-11T16:00:00+05:30,19.164394,72.928297,OpenAQ,133.5,RECENT_7D,True,True
12039,"Khindipada-Bhandup West, Mumbai - IITM",T,CPCB,40608,pm25,PM2.5,µg/m³,5.21,2022-09-22 05:30:00+00:00,2022-09-22T11:00:00+05:30,19.164394,72.928297,OpenAQ,34938.5,HISTORICAL,True,True
12039,"Khindipada-Bhandup West, Mumbai - IITM",T,CPCB,12236395,relativehumidity,RH,%,40.43,2026-09-11 10:30:00+00:00,2026-09-11T16:00:00+05:30,19.164394,72.928297,OpenAQ,133.5,RECENT_7D,True,True
12039,"Khindipada-Bhandup West, Mumbai - IITM",T,CPCB,12236396,so2,SO₂,ppb,14.81,2026-09-11 10:30:00+00:00,2026-09-11T16:00:00+05:30,19.164394,72.928297,OpenAQ,133.5,RECENT_7D,True,True
12039,"Khindipada-Bhandup West, Mumbai - IITM",T,CPCB,40617,so2,SO₂ mass,µg/m³,0.62,2022-09-22 05:30:00+00:00,2022-09-22T11:00:00+05:30,19.164394,72.928297,OpenAQ,34938.5,HISTORICAL,True,True
12039,"Khindipada-Bhandup West, Mumbai - IITM",T,CPCB,12236397,temperature,Temperature (C),c,29.0,2026-09-11 10:30:00+00:00,2026-09-11T16:00:00+05:30,19.164394,72.928297,OpenAQ,133.5,RECENT_7D,True,True
12039,"Khindipada-Bhandup West, Mumbai - IITM",T,CPCB,14342057,wind_direction,Wind direction,deg,0.0,2026-04-22 18:00:00+00:00,2026-04-22T23:30:00+05:30,19.164394,72.928297,OpenAQ,3534.0,HISTORICAL,True,True
12039,"Khindipada-Bhandup West, Mumbai - IITM",T,CPCB,14342058,wind_speed,Wind speed,m/s,0.0,2026-04-22 18:00:00+00:00,2026-04-22T23:30:00+05:30,19.164394,72.928297,OpenAQ,3534.0,HISTORICAL,True,True
12040,"Mulund West, Mumbai - MPCB",T,CPCB,12236476,co,CO,ppb,0.19,2026-09-10 16:15:00+00:00,2026-09-10T21:45:00+05:30,19.175,72.9419,OpenAQ,151.75,RECENT_7D,True,True
12040,"Mulund West, Mumbai - MPCB",T,CPCB,40609,co,CO mass,µg/m³,640.0,2022-10-16 15:45:00+00:00,2022-10-16T21:15:00+05:30,19.175,72.9419,OpenAQ,34352.25,HISTORICAL,True,True
12040,"Mulund West, Mumbai - MPCB",T,CPCB,12236477,no,NO,ppb,45.59,2026-09-11 10:30:00+00:00,2026-09-11T16:00:00+05:30,19.175,72.9419,OpenAQ,133.5,RECENT_7D,True,False
12040,"Mulund West, Mumbai - MPCB",T,CPCB,12236478,no2,NO₂,ppb,10.23,2026-09-11 10:30:00+00:00,2026-09-11T16:00:00+05:30,19.175,72.9419,OpenAQ,133.5,RECENT_7D,True,True
12040,"Mulund West, Mumbai - MPCB",T,CPCB,40612,no2,NO₂ mass,µg/m³,18.98,2022-10-16 15:45:00+00:00,2022-10-16T21:15:00+05:30,19.175,72.9419,OpenAQ,34352.25,HISTORICAL,True,True
12040,"Mulund West, Mumbai - MPCB",T,CPCB,14342082,nox,NOX,ppb,0.0407999999999999,2026-09-11 10:30:00+00:00,2026-09-11T16:00:00+05:30,19.175,72.9419,OpenAQ,133.5,RECENT_7D,True,False
12040,"Mulund West, Mumbai - MPCB",T,CPCB,12236479,o3,O₃ mass,µg/m³,18.43,2025-12-26 08:00:00+00:00,2025-12-26T13:30:00+05:30,19.175,72.9419,OpenAQ,6352.0,HISTORICAL,True,True
12040,"Mulund West, Mumbai - MPCB",T,CPCB,40644,o3,O₃ mass,µg/m³,9.79,2022-05-14 10:45:00+00:00,2022-05-14T16:15:00+05:30,19.175,72.9419,OpenAQ,38077.25,HISTORICAL,True,True
12040,"Mulund West, Mumbai - MPCB",T,CPCB,12236480,pm10,PM10,µg/m³,61.62,2026-09-11 09:15:00+00:00,2026-09-11T14:45:00+05:30,19.175,72.9419,OpenAQ,134.75,RECENT_7D,True,True
12040,"Mulund West, Mumbai - MPCB",T,CPCB,40628,pm10,PM10,µg/m³,86.0,2022-10-16 15:45:00+00:00,2022-10-16T21:15:00+05:30,19.175,72.9419,OpenAQ,34352.25,HISTORICAL,True,True
12040,"Mulund West, Mumbai - MPCB",T,CPCB,12236481,pm25,PM2.5,µg/m³,11.45,2026-09-11 10:30:00+00:00,2026-09-11T16:00:00+05:30,19.175,72.9419,OpenAQ,133.5,RECENT_7D,True,True
12040,"Mulund West, Mumbai - MPCB",T,CPCB,40641,pm25,PM2.5,µg/m³,47.69,2022-10-16 15:45:00+00:00,2022-10-16T21:15:00+05:30,19.175,72.9419,OpenAQ,34352.25,HISTORICAL,True,True
12040,"Mulund West, Mumbai - MPCB",T,CPCB,12236482,relativehumidity,RH,%,80.09,2026-09-11 10:30:00+00:00,2026-09-11T16:00:00+05:30,19.175,72.9419,OpenAQ,133.5,RECENT_7D,True,True
12040,"Mulund West, Mumbai - MPCB",T,CPCB,12236483,so2,SO₂,ppb,19.32,2026-09-11 00:30:00+00:00,2026-09-11T06:00:00+05:30,19.175,72.9419,OpenAQ,143.5,RECENT_7D,True,True
12040,"Mulund West, Mumbai - MPCB",T,CPCB,40640,so2,SO₂ mass,µg/m³,13.63,2022-10-16 15:45:00+00:00,2022-10-16T21:15:00+05:30,19.175,72.9419,OpenAQ,34352.25,HISTORICAL,True,True
12040,"Mulund West, Mumbai - MPCB",T,CPCB,12236484,temperature,Temperature (C),c,29.4,2026-09-11 10:30:00+00:00,2026-09-11T16:00:00+05:30,19.175,72.9419,OpenAQ,133.5,RECENT_7D,True,True
12040,"Mulund West, Mumbai - MPCB",T,CPCB,14342083,wind_direction,Wind direction,deg,98.71,2026-09-11 10:30:00+00:00,2026-09-11T16:00:00+05:30,19.175,72.9419,OpenAQ,133.5,RECENT_7D,True,True
12040,"Mulund West, Mumbai - MPCB",T,CPCB,14342084,wind_speed,Wind speed,m/s,0.13,2026-09-11 10:30:00+00:00,2026-09-11T16:00:00+05:30,19.175,72.9419,OpenAQ,133.5,RECENT_7D,True,True
