sensor_id,openaq_location_id,station_name,urban_ward_code,provider,parameter_name,parameter_units,datetime_first_utc,datetime_last_utc,observed_count,expected_interval,coverage_from_utc,coverage_to_utc,status_code,history_days,has_2024,has_2025,has_2026
20137,6927,"Colaba, Mumbai - MPCB",A,CPCB,co,µg/m³,2019-06-28 05:30:00+00:00,2022-10-31 01:45:00+00:00,23895.0,01:00:00,2019-06-28 05:30:00+00:00,2022-10-31 01:45:00+00:00,200,1220.84375,False,False,False
12235921,6927,"Colaba, Mumbai - MPCB",A,CPCB,co,ppb,2025-02-18 20:15:00+00:00,2026-05-27 00:15:00+00:00,15529.0,01:00:00,2025-02-18 20:15:00+00:00,2026-05-27 00:15:00+00:00,200,462.1666666666667,True,True,True
12238562,3409510,"Byculla, Mumbai - BMC",E,CPCB,co,ppb,2025-02-18 20:15:00+00:00,2026-09-17 14:30:00+00:00,41744.0,01:00:00,2025-02-18 20:15:00+00:00,2026-09-17 14:30:00+00:00,200,575.7604166666666,True,True,True
20109,6967,"Sion, Mumbai - MPCB",FN,CPCB,co,µg/m³,2019-06-27 06:00:00+00:00,2022-09-16 09:00:00+00:00,23492.0,01:00:00,2019-06-27 06:00:00+00:00,2022-09-16 09:00:00+00:00,200,1177.125,False,False,False
12243925,6967,"Sion, Mumbai - MPCB",FN,CPCB,co,ppb,2025-02-19 09:30:00+00:00,2026-09-17 14:30:00+00:00,35354.0,01:00:00,2025-02-19 09:30:00+00:00,2026-09-17 14:30:00+00:00,200,575.2083333333334,True,True,True
12238589,3409513,"Sewri, Mumbai - BMC",FS,CPCB,co,ppb,2025-02-18 20:45:00+00:00,2026-09-17 14:30:00+00:00,22898.0,01:00:00,2025-02-18 20:45:00+00:00,2026-09-17 14:30:00+00:00,200,575.7395833333334,True,True,True
20029,6959,"Siddharth Nagar-Worli, Mumbai - IITM",GS,CPCB,co,µg/m³,2019-06-20 12:00:00+00:00,2022-10-31 02:00:00+00:00,24579.0,01:00:00,2019-06-20 12:00:00+00:00,2022-10-31 02:00:00+00:00,200,1228.5833333333333,False,False,False
389760,60661,"Siddharth Nagar-Worli, Mumbai - IITM",GS,caaqm,co,µg/m³,2021-01-12 14:00:00+00:00,2022-10-16 16:00:00+00:00,6841.0,00:15:00,2021-01-12 14:00:00+00:00,2022-10-16 16:00:00+00:00,200,642.0833333333334,False,False,False
12235909,3409323,"Worli, Mumbai - MPCB",GS,CPCB,co,ppb,2025-02-18 20:15:00+00:00,2026-09-17 14:30:00+00:00,33455.0,01:00:00,2025-02-18 20:15:00+00:00,2026-09-17 14:30:00+00:00,200,575.7604166666666,True,True,True
12236430,6959,"Siddharth Nagar-Worli, Mumbai - IITM",GS,CPCB,co,ppb,2025-02-18 20:15:00+00:00,2026-09-16 10:00:00+00:00,41132.0,01:00:00,2025-02-18 20:15:00+00:00,2026-09-16 10:00:00+00:00,200,574.5729166666666,True,True,True
36455,7850,"Bandra, Mumbai - MPCB",HE,caaqm,co,µg/m³,2020-01-09 01:00:00+00:00,2021-11-19 11:00:00+00:00,14628.0,00:15:00,2020-01-09 01:00:00+00:00,2021-11-19 11:00:00+00:00,200,680.4166666666666,False,False,False
39408,11602,"Bandra Kurla Complex, Mumbai - IITM",HE,caaqm,co,µg/m³,2020-11-13 12:15:00+00:00,2022-10-16 15:45:00+00:00,7489.0,00:15:00,2020-11-13 12:15:00+00:00,2022-10-16 15:45:00+00:00,200,702.1458333333334,False,False,False
12238370,3409482,"Bandra Kurla Complex, Mumbai - MPCB",HE,CPCB,co,ppb,2025-02-18 20:15:00+00:00,2026-09-17 14:30:00+00:00,41400.0,01:00:00,2025-02-18 20:15:00+00:00,2026-09-17 14:30:00+00:00,200,575.7604166666666,True,True,True
12238406,3409486,"Kherwadi_Bandra East, Mumbai - MPCB",HE,CPCB,co,ppb,2025-02-18 20:15:00+00:00,2026-09-17 14:30:00+00:00,42373.0,01:00:00,2025-02-18 20:15:00+00:00,2026-09-17 14:30:00+00:00,200,575.7604166666666,True,True,True
12708241,3409328,"Bandra Kurla Complex, Mumbai - IITM",HE,CPCB,co,ppb,2025-04-07 13:00:00+00:00,2026-09-17 14:30:00+00:00,29632.0,01:00:00,2025-04-07 13:00:00+00:00,2026-09-17 14:30:00+00:00,200,528.0625,True,True,True
19976,6948,"Chhatrapati Shivaji Intl. Airport (T2), Mumbai - MPCB",KE,CPCB,co,µg/m³,2019-06-18 23:15:00+00:00,2022-10-31 01:45:00+00:00,26512.0,01:00:00,2019-06-18 23:15:00+00:00,2022-10-31 01:45:00+00:00,200,1230.1041666666667,False,False,False
40569,12024,"Chakala-Andheri East, Mumbai - IITM",KE,CPCB,co,µg/m³,2020-12-08 09:00:00+00:00,2022-10-16 13:00:00+00:00,7382.0,01:00:00,2020-12-08 09:00:00+00:00,2022-10-16 13:00:00+00:00,200,677.1666666666666,False,False,False
12235855,6948,"Chhatrapati Shivaji Intl. Airport (T2), Mumbai - MPCB",KE,CPCB,co,ppb,2025-02-18 20:15:00+00:00,2025-12-09 12:30:00+00:00,21473.0,01:00:00,2025-02-18 20:15:00+00:00,2025-12-09 12:30:00+00:00,200,293.6770833333333,True,True,False
12236406,12024,"Chakala-Andheri East, Mumbai - IITM",KE,CPCB,co,ppb,2025-02-18 20:15:00+00:00,2026-09-17 14:30:00+00:00,43119.0,01:00:00,2025-02-18 20:15:00+00:00,2026-09-17 14:30:00+00:00,200,575.7604166666666,True,True,True
20236,6987,"Vile Parle West, Mumbai - MPCB",KW,CPCB,co,µg/m³,2019-06-18 23:00:00+00:00,2022-10-31 01:45:00+00:00,25792.0,01:00:00,2019-06-18 23:00:00+00:00,2022-10-31 01:45:00+00:00,200,1230.1145833333333,False,False,False
12235846,6987,"Vile Parle West, Mumbai - MPCB",KW,CPCB,co,ppb,2025-02-18 20:15:00+00:00,2026-05-30 09:30:00+00:00,28977.0,01:00:00,2025-02-18 20:15:00+00:00,2026-05-30 09:30:00+00:00,200,465.5520833333333,True,True,True
19993,6945,"Kurla, Mumbai - MPCB",L,CPCB,co,µg/m³,2019-06-19 00:00:00+00:00,2022-10-31 02:00:00+00:00,25325.0,01:00:00,2019-06-19 00:00:00+00:00,2022-10-31 02:00:00+00:00,200,1230.0833333333333,False,False,False
12235829,6945,"Kurla, Mumbai - MPCB",L,CPCB,co,ppb,2025-02-18 20:15:00+00:00,2026-09-17 14:30:00+00:00,37325.0,01:00:00,2025-02-18 20:15:00+00:00,2026-09-17 14:30:00+00:00,200,575.7604166666666,True,True,True
39420,11604,"Deonar, Mumbai - IITM",ME,caaqm,co,µg/m³,2020-11-13 12:15:00+00:00,2022-10-16 15:45:00+00:00,7701.0,00:15:00,2020-11-13 12:15:00+00:00,2022-10-16 15:45:00+00:00,200,702.1458333333334,False,False,False
12236380,3409329,"Deonar, Mumbai - IITM",ME,CPCB,co,ppb,2025-02-18 20:30:00+00:00,2026-09-17 14:30:00+00:00,36915.0,01:00:00,2025-02-18 20:30:00+00:00,2026-09-17 14:30:00+00:00,200,575.75,True,True,True
12238379,3409483,"Chembur, Mumbai - MPCB",ME,CPCB,co,ppb,2025-02-18 20:15:00+00:00,2026-09-17 14:30:00+00:00,40944.0,01:00:00,2025-02-18 20:15:00+00:00,2026-09-17 14:30:00+00:00,200,575.7604166666666,True,True,True
12238571,3409511,"Shivaji Nagar, Mumbai - BMC",ME,CPCB,co,ppb,2025-02-18 20:15:00+00:00,2026-09-17 14:30:00+00:00,43153.0,01:00:00,2025-02-18 20:15:00+00:00,2026-09-17 14:30:00+00:00,200,575.7604166666666,True,True,True
12238598,3409514,"Ghatkopar, Mumbai - BMC",N,CPCB,co,ppb,2025-02-18 20:15:00+00:00,2026-09-17 14:30:00+00:00,43111.0,01:00:00,2025-02-18 20:15:00+00:00,2026-09-17 14:30:00+00:00,200,575.7604166666666,True,True,True
39458,11611,"Malad West, Mumbai - IITM",PN,CPCB,co,µg/m³,2020-11-13 12:15:00+00:00,2022-10-16 15:45:00+00:00,6288.0,01:00:00,2020-11-13 12:15:00+00:00,2022-10-16 15:45:00+00:00,200,702.1458333333334,False,False,False
12236421,11611,"Malad West, Mumbai - IITM",PN,CPCB,co,ppb,2025-02-18 20:15:00+00:00,2026-09-17 14:30:00+00:00,41484.0,01:00:00,2025-02-18 20:15:00+00:00,2026-09-17 14:30:00+00:00,200,575.7604166666666,True,True,True
12238343,3409479,"Mindspace-Malad West, Mumbai - MPCB",PN,CPCB,co,ppb,2025-02-18 20:15:00+00:00,2026-09-17 14:30:00+00:00,42755.0,01:00:00,2025-02-18 20:15:00+00:00,2026-09-17 14:30:00+00:00,200,575.7604166666666,True,True,True
20075,6965,"Borivali East, Mumbai - MPCB",RC,CPCB,co,µg/m³,2019-06-20 16:00:00+00:00,2022-10-31 02:00:00+00:00,12907.0,01:00:00,2019-06-20 16:00:00+00:00,2022-10-31 02:00:00+00:00,200,1228.4166666666667,False,False,False
39431,11606,"Borivali East, Mumbai - IITM",RC,CPCB,co,µg/m³,2020-11-13 12:30:00+00:00,2022-07-08 07:15:00+00:00,7651.0,01:00:00,2020-11-13 12:30:00+00:00,2022-07-08 07:15:00+00:00,200,601.78125,False,False,False
12236413,11606,"Borivali East, Mumbai - IITM",RC,CPCB,co,ppb,2025-02-18 20:15:00+00:00,2026-09-17 14:30:00+00:00,44042.0,01:00:00,2025-02-18 20:15:00+00:00,2026-09-17 14:30:00+00:00,200,575.7604166666666,True,True,True
12238580,3409512,"Kandivali West, Mumbai - BMC",RC,CPCB,co,ppb,2025-02-18 20:15:00+00:00,2026-09-17 14:30:00+00:00,30743.0,01:00:00,2025-02-18 20:15:00+00:00,2026-09-17 14:30:00+00:00,200,575.7604166666666,True,True,True
12252653,6965,"Borivali East, Mumbai - MPCB",RC,CPCB,co,ppb,2025-02-20 08:30:00+00:00,2026-09-17 14:30:00+00:00,30833.0,01:00:00,2025-02-20 08:30:00+00:00,2026-09-17 14:30:00+00:00,200,574.25,True,True,True
40616,12044,"Kandivali East, Mumbai - MPCB",RS,CPCB,co,µg/m³,2020-12-16 12:30:00+00:00,2022-10-16 15:45:00+00:00,5833.0,01:00:00,2020-12-16 12:30:00+00:00,2022-10-16 15:45:00+00:00,200,669.1354166666666,False,False,False
12236467,12044,"Kandivali East, Mumbai - MPCB",RS,CPCB,co,ppb,2025-02-18 20:15:00+00:00,2026-04-18 05:45:00+00:00,8214.0,01:00:00,2025-02-18 20:15:00+00:00,2026-04-18 05:45:00+00:00,200,423.3958333333333,True,True,True
20125,6956,"Powai, Mumbai - MPCB",S,CPCB,co,µg/m³,2019-06-18 23:15:00+00:00,2022-10-16 13:15:00+00:00,22796.0,01:00:00,2019-06-18 23:15:00+00:00,2022-10-16 13:15:00+00:00,200,1215.5833333333333,False,False,False
12235891,6956,"Powai, Mumbai - MPCB",S,CPCB,co,ppb,2025-02-18 20:15:00+00:00,2026-08-02 05:30:00+00:00,18276.0,01:00:00,2025-02-18 20:15:00+00:00,2026-08-02 05:30:00+00:00,200,529.3854166666666,True,True,True
40609,12040,"Mulund West, Mumbai - MPCB",T,CPCB,co,µg/m³,2020-12-16 12:30:00+00:00,2022-10-16 15:45:00+00:00,6050.0,01:00:00,2020-12-16 12:30:00+00:00,2022-10-16 15:45:00+00:00,200,669.1354166666666,False,False,False
40636,12039,"Khindipada-Bhandup West, Mumbai - IITM",T,CPCB,co,µg/m³,2020-12-16 12:45:00+00:00,2022-09-22 05:30:00+00:00,1424.0,01:00:00,2020-12-16 12:45:00+00:00,2022-09-22 05:30:00+00:00,200,644.6979166666666,False,False,False
12236389,12039,"Khindipada-Bhandup West, Mumbai - IITM",T,CPCB,co,ppb,2025-02-18 20:15:00+00:00,2026-09-17 14:30:00+00:00,40381.0,01:00:00,2025-02-18 20:15:00+00:00,2026-09-17 14:30:00+00:00,200,575.7604166666666,True,True,True
12236476,12040,"Mulund West, Mumbai - MPCB",T,CPCB,co,ppb,2025-02-18 20:15:00+00:00,2026-09-17 14:30:00+00:00,1181.0,01:00:00,2025-02-18 20:15:00+00:00,2026-09-17 14:30:00+00:00,200,575.7604166666666,True,True,True
12235922,6927,"Colaba, Mumbai - MPCB",A,CPCB,no,ppb,2025-02-18 20:15:00+00:00,2026-06-22 00:00:00+00:00,19422.0,01:00:00,2025-02-18 20:15:00+00:00,2026-06-22 00:00:00+00:00,200,488.15625,True,True,True
12238563,3409510,"Byculla, Mumbai - BMC",E,CPCB,no,ppb,2025-02-18 20:15:00+00:00,2026-09-17 14:30:00+00:00,41733.0,01:00:00,2025-02-18 20:15:00+00:00,2026-09-17 14:30:00+00:00,200,575.7604166666666,True,True,True
12243926,6967,"Sion, Mumbai - MPCB",FN,CPCB,no,ppb,2025-02-19 09:30:00+00:00,2026-09-16 07:00:00+00:00,35672.0,01:00:00,2025-02-19 09:30:00+00:00,2026-09-16 07:00:00+00:00,200,573.8958333333334,True,True,True
12238590,3409513,"Sewri, Mumbai - BMC",FS,CPCB,no,ppb,2025-02-18 21:00:00+00:00,2026-09-17 14:30:00+00:00,22766.0,01:00:00,2025-02-18 21:00:00+00:00,2026-09-17 14:30:00+00:00,200,575.7291666666666,True,True,True
12235910,3409323,"Worli, Mumbai - MPCB",GS,CPCB,no,ppb,2025-02-18 20:15:00+00:00,2026-09-17 14:30:00+00:00,34922.0,01:00:00,2025-02-18 20:15:00+00:00,2026-09-17 14:30:00+00:00,200,575.7604166666666,True,True,True
12236431,6959,"Siddharth Nagar-Worli, Mumbai - IITM",GS,CPCB,no,ppb,2025-02-18 20:15:00+00:00,2026-09-17 14:30:00+00:00,40710.0,01:00:00,2025-02-18 20:15:00+00:00,2026-09-17 14:30:00+00:00,200,575.7604166666666,True,True,True
12238371,3409482,"Bandra Kurla Complex, Mumbai - MPCB",HE,CPCB,no,ppb,2025-02-18 20:15:00+00:00,2026-09-17 14:30:00+00:00,41207.0,01:00:00,2025-02-18 20:15:00+00:00,2026-09-17 14:30:00+00:00,200,575.7604166666666,True,True,True
12238407,3409486,"Kherwadi_Bandra East, Mumbai - MPCB",HE,CPCB,no,ppb,2025-02-18 20:15:00+00:00,2026-09-17 14:30:00+00:00,42688.0,01:00:00,2025-02-18 20:15:00+00:00,2026-09-17 14:30:00+00:00,200,575.7604166666666,True,True,True
12708242,3409328,"Bandra Kurla Complex, Mumbai - IITM",HE,CPCB,no,ppb,2025-04-07 13:00:00+00:00,2026-09-17 14:30:00+00:00,28996.0,01:00:00,2025-04-07 13:00:00+00:00,2026-09-17 14:30:00+00:00,200,528.0625,True,True,True
12235856,6948,"Chhatrapati Shivaji Intl. Airport (T2), Mumbai - MPCB",KE,CPCB,no,ppb,2025-02-18 20:15:00+00:00,2026-09-17 14:30:00+00:00,37716.0,01:00:00,2025-02-18 20:15:00+00:00,2026-09-17 14:30:00+00:00,200,575.7604166666666,True,True,True
12236407,12024,"Chakala-Andheri East, Mumbai - IITM",KE,CPCB,no,ppb,2025-02-18 20:15:00+00:00,2026-09-17 14:30:00+00:00,42220.0,01:00:00,2025-02-18 20:15:00+00:00,2026-09-17 14:30:00+00:00,200,575.7604166666666,True,True,True
12235847,6987,"Vile Parle West, Mumbai - MPCB",KW,CPCB,no,ppb,2025-02-18 20:15:00+00:00,2026-05-30 09:30:00+00:00,29542.0,01:00:00,2025-02-18 20:15:00+00:00,2026-05-30 09:30:00+00:00,200,465.5520833333333,True,True,True
12235830,6945,"Kurla, Mumbai - MPCB",L,CPCB,no,ppb,2025-02-18 20:15:00+00:00,2026-09-17 14:30:00+00:00,38764.0,01:00:00,2025-02-18 20:15:00+00:00,2026-09-17 14:30:00+00:00,200,575.7604166666666,True,True,True
12236381,3409329,"Deonar, Mumbai - IITM",ME,CPCB,no,ppb,2025-02-18 20:30:00+00:00,2026-09-17 14:30:00+00:00,36174.0,01:00:00,2025-02-18 20:30:00+00:00,2026-09-17 14:30:00+00:00,200,575.75,True,True,True
12238380,3409483,"Chembur, Mumbai - MPCB",ME,CPCB,no,ppb,2025-02-18 20:15:00+00:00,2026-09-17 14:30:00+00:00,41377.0,01:00:00,2025-02-18 20:15:00+00:00,2026-09-17 14:30:00+00:00,200,575.7604166666666,True,True,True
12238572,3409511,"Shivaji Nagar, Mumbai - BMC",ME,CPCB,no,ppb,2025-02-18 20:15:00+00:00,2026-09-17 14:30:00+00:00,41992.0,01:00:00,2025-02-18 20:15:00+00:00,2026-09-17 14:30:00+00:00,200,575.7604166666666,True,True,True
12238599,3409514,"Ghatkopar, Mumbai - BMC",N,CPCB,no,ppb,2025-02-18 20:15:00+00:00,2026-09-17 14:30:00+00:00,42802.0,01:00:00,2025-02-18 20:15:00+00:00,2026-09-17 14:30:00+00:00,200,575.7604166666666,True,True,True
12236422,11611,"Malad West, Mumbai - IITM",PN,CPCB,no,ppb,2025-02-18 20:15:00+00:00,2026-09-17 14:30:00+00:00,43495.0,01:00:00,2025-02-18 20:15:00+00:00,2026-09-17 14:30:00+00:00,200,575.7604166666666,True,True,True
12238344,3409479,"Mindspace-Malad West, Mumbai - MPCB",PN,CPCB,no,ppb,2025-02-18 20:15:00+00:00,2026-09-17 14:30:00+00:00,42812.0,01:00:00,2025-02-18 20:15:00+00:00,2026-09-17 14:30:00+00:00,200,575.7604166666666,True,True,True
12236414,11606,"Borivali East, Mumbai - IITM",RC,CPCB,no,ppb,2025-02-18 20:15:00+00:00,2026-09-17 14:30:00+00:00,43109.0,01:00:00,2025-02-18 20:15:00+00:00,2026-09-17 14:30:00+00:00,200,575.7604166666666,True,True,True
12238581,3409512,"Kandivali West, Mumbai - BMC",RC,CPCB,no,ppb,2025-02-18 20:15:00+00:00,2026-09-17 14:30:00+00:00,28391.0,01:00:00,2025-02-18 20:15:00+00:00,2026-09-17 14:30:00+00:00,200,575.7604166666666,True,True,True
12252654,6965,"Borivali East, Mumbai - MPCB",RC,CPCB,no,ppb,2025-02-20 08:30:00+00:00,2026-09-17 14:30:00+00:00,32534.0,01:00:00,2025-02-20 08:30:00+00:00,2026-09-17 14:30:00+00:00,200,574.25,True,True,True
12236468,12044,"Kandivali East, Mumbai - MPCB",RS,CPCB,no,ppb,2025-02-18 20:15:00+00:00,2026-04-18 05:45:00+00:00,29002.0,01:00:00,2025-02-18 20:15:00+00:00,2026-04-18 05:45:00+00:00,200,423.3958333333333,True,True,True
12235892,6956,"Powai, Mumbai - MPCB",S,CPCB,no,ppb,2025-02-18 20:15:00+00:00,2026-09-17 14:30:00+00:00,35669.0,01:00:00,2025-02-18 20:15:00+00:00,2026-09-17 14:30:00+00:00,200,575.7604166666666,True,True,True
12236390,12039,"Khindipada-Bhandup West, Mumbai - IITM",T,CPCB,no,ppb,2025-02-18 20:15:00+00:00,2026-09-17 14:30:00+00:00,39518.0,01:00:00,2025-02-18 20:15:00+00:00,2026-09-17 14:30:00+00:00,200,575.7604166666666,True,True,True
12236477,12040,"Mulund West, Mumbai - MPCB",T,CPCB,no,ppb,2025-02-18 20:15:00+00:00,2026-09-17 14:30:00+00:00,24361.0,01:00:00,2025-02-18 20:15:00+00:00,2026-09-17 14:30:00+00:00,200,575.7604166666666,True,True,True
19892,6927,"Colaba, Mumbai - MPCB",A,CPCB,no2,µg/m³,2019-06-28 05:30:00+00:00,2022-10-31 01:45:00+00:00,24229.0,01:00:00,2019-06-28 05:30:00+00:00,2022-10-31 01:45:00+00:00,200,1220.84375,False,False,False
12235923,6927,"Colaba, Mumbai - MPCB",A,CPCB,no2,ppb,2025-02-18 20:15:00+00:00,2026-06-22 00:00:00+00:00,19422.0,01:00:00,2025-02-18 20:15:00+00:00,2026-06-22 00:00:00+00:00,200,488.15625,True,True,True
12238564,3409510,"Byculla, Mumbai - BMC",E,CPCB,no2,ppb,2025-02-18 20:15:00+00:00,2026-09-17 14:30:00+00:00,41805.0,01:00:00,2025-02-18 20:15:00+00:00,2026-09-17 14:30:00+00:00,200,575.7604166666666,True,True,True
20107,6967,"Sion, Mumbai - MPCB",FN,CPCB,no2,µg/m³,2019-06-27 05:15:00+00:00,2022-10-31 01:45:00+00:00,27069.0,01:00:00,2019-06-27 05:15:00+00:00,2022-10-31 01:45:00+00:00,200,1221.8541666666667,False,False,False
12243927,6967,"Sion, Mumbai - MPCB",FN,CPCB,no2,ppb,2025-02-19 09:30:00+00:00,2026-09-16 07:00:00+00:00,35672.0,01:00:00,2025-02-19 09:30:00+00:00,2026-09-16 07:00:00+00:00,200,573.8958333333334,True,True,True
12238591,3409513,"Sewri, Mumbai - BMC",FS,CPCB,no2,ppb,2025-02-18 20:45:00+00:00,2026-09-17 14:30:00+00:00,22950.0,01:00:00,2025-02-18 20:45:00+00:00,2026-09-17 14:30:00+00:00,200,575.7395833333334,True,True,True
20030,6959,"Siddharth Nagar-Worli, Mumbai - IITM",GS,CPCB,no2,µg/m³,2019-06-20 12:00:00+00:00,2022-10-31 02:00:00+00:00,26595.0,01:00:00,2019-06-20 12:00:00+00:00,2022-10-31 02:00:00+00:00,200,1228.5833333333333,False,False,False
389767,60661,"Siddharth Nagar-Worli, Mumbai - IITM",GS,caaqm,no2,µg/m³,2021-01-12 14:00:00+00:00,2022-10-16 16:00:00+00:00,6842.0,00:15:00,2021-01-12 14:00:00+00:00,2022-10-16 16:00:00+00:00,200,642.0833333333334,False,False,False
12235911,3409323,"Worli, Mumbai - MPCB",GS,CPCB,no2,ppb,2025-02-18 20:15:00+00:00,2026-09-17 14:30:00+00:00,35096.0,01:00:00,2025-02-18 20:15:00+00:00,2026-09-17 14:30:00+00:00,200,575.7604166666666,True,True,True
12236432,6959,"Siddharth Nagar-Worli, Mumbai - IITM",GS,CPCB,no2,ppb,2025-02-18 20:15:00+00:00,2026-09-17 14:30:00+00:00,40704.0,01:00:00,2025-02-18 20:15:00+00:00,2026-09-17 14:30:00+00:00,200,575.7604166666666,True,True,True
36453,7850,"Bandra, Mumbai - MPCB",HE,caaqm,no2,µg/m³,2020-01-09 01:00:00+00:00,2021-11-19 11:00:00+00:00,13814.0,00:15:00,2020-01-09 01:00:00+00:00,2021-11-19 11:00:00+00:00,200,680.4166666666666,False,False,False
39406,11602,"Bandra Kurla Complex, Mumbai - IITM",HE,caaqm,no2,µg/m³,2020-11-13 12:15:00+00:00,2022-10-16 15:45:00+00:00,7481.0,00:15:00,2020-11-13 12:15:00+00:00,2022-10-16 15:45:00+00:00,200,702.1458333333334,False,False,False
12238372,3409482,"Bandra Kurla Complex, Mumbai - MPCB",HE,CPCB,no2,ppb,2025-02-18 20:15:00+00:00,2026-09-17 14:30:00+00:00,41258.0,01:00:00,2025-02-18 20:15:00+00:00,2026-09-17 14:30:00+00:00,200,575.7604166666666,True,True,True
12238408,3409486,"Kherwadi_Bandra East, Mumbai - MPCB",HE,CPCB,no2,ppb,2025-02-18 20:15:00+00:00,2026-09-17 14:30:00+00:00,42670.0,01:00:00,2025-02-18 20:15:00+00:00,2026-09-17 14:30:00+00:00,200,575.7604166666666,True,True,True
12708243,3409328,"Bandra Kurla Complex, Mumbai - IITM",HE,CPCB,no2,ppb,2025-04-07 13:00:00+00:00,2026-09-17 14:30:00+00:00,28864.0,01:00:00,2025-04-07 13:00:00+00:00,2026-09-17 14:30:00+00:00,200,528.0625,True,True,True
19977,6948,"Chhatrapati Shivaji Intl. Airport (T2), Mumbai - MPCB",KE,CPCB,no2,µg/m³,2019-06-18 23:15:00+00:00,2022-10-31 01:45:00+00:00,26045.0,01:00:00,2019-06-18 23:15:00+00:00,2022-10-31 01:45:00+00:00,200,1230.1041666666667,False,False,False
40574,12024,"Chakala-Andheri East, Mumbai - IITM",KE,CPCB,no2,µg/m³,2020-12-08 09:00:00+00:00,2022-10-16 13:00:00+00:00,7380.0,01:00:00,2020-12-08 09:00:00+00:00,2022-10-16 13:00:00+00:00,200,677.1666666666666,False,False,False
12235857,6948,"Chhatrapati Shivaji Intl. Airport (T2), Mumbai - MPCB",KE,CPCB,no2,ppb,2025-02-18 20:15:00+00:00,2026-09-17 14:30:00+00:00,37716.0,01:00:00,2025-02-18 20:15:00+00:00,2026-09-17 14:30:00+00:00,200,575.7604166666666,True,True,True
12236408,12024,"Chakala-Andheri East, Mumbai - IITM",KE,CPCB,no2,ppb,2025-02-18 20:15:00+00:00,2026-09-17 14:30:00+00:00,42235.0,01:00:00,2025-02-18 20:15:00+00:00,2026-09-17 14:30:00+00:00,200,575.7604166666666,True,True,True
20239,6987,"Vile Parle West, Mumbai - MPCB",KW,CPCB,no2,µg/m³,2019-06-18 23:00:00+00:00,2022-10-31 01:45:00+00:00,26176.0,01:00:00,2019-06-18 23:00:00+00:00,2022-10-31 01:45:00+00:00,200,1230.1145833333333,False,False,False
12235848,6987,"Vile Parle West, Mumbai - MPCB",KW,CPCB,no2,ppb,2025-02-18 20:15:00+00:00,2026-05-30 09:30:00+00:00,29542.0,01:00:00,2025-02-18 20:15:00+00:00,2026-05-30 09:30:00+00:00,200,465.5520833333333,True,True,True
20076,6945,"Kurla, Mumbai - MPCB",L,CPCB,no2,µg/m³,2019-06-19 00:00:00+00:00,2022-10-31 02:00:00+00:00,27491.0,01:00:00,2019-06-19 00:00:00+00:00,2022-10-31 02:00:00+00:00,200,1230.0833333333333,False,False,False
12235831,6945,"Kurla, Mumbai - MPCB",L,CPCB,no2,ppb,2025-02-18 20:15:00+00:00,2026-09-17 14:30:00+00:00,38762.0,01:00:00,2025-02-18 20:15:00+00:00,2026-09-17 14:30:00+00:00,200,575.7604166666666,True,True,True
39418,11604,"Deonar, Mumbai - IITM",ME,caaqm,no2,µg/m³,2020-11-13 12:15:00+00:00,2022-10-16 15:45:00+00:00,7718.0,00:15:00,2020-11-13 12:15:00+00:00,2022-10-16 15:45:00+00:00,200,702.1458333333334,False,False,False
12236382,3409329,"Deonar, Mumbai - IITM",ME,CPCB,no2,ppb,2025-02-18 20:30:00+00:00,2026-09-17 14:30:00+00:00,37600.0,01:00:00,2025-02-18 20:30:00+00:00,2026-09-17 14:30:00+00:00,200,575.75,True,True,True
12238381,3409483,"Chembur, Mumbai - MPCB",ME,CPCB,no2,ppb,2025-02-18 20:15:00+00:00,2026-09-17 14:30:00+00:00,41389.0,01:00:00,2025-02-18 20:15:00+00:00,2026-09-17 14:30:00+00:00,200,575.7604166666666,True,True,True
12238573,3409511,"Shivaji Nagar, Mumbai - BMC",ME,CPCB,no2,ppb,2025-02-18 20:15:00+00:00,2026-09-17 14:30:00+00:00,42147.0,01:00:00,2025-02-18 20:15:00+00:00,2026-09-17 14:30:00+00:00,200,575.7604166666666,True,True,True
12238600,3409514,"Ghatkopar, Mumbai - BMC",N,CPCB,no2,ppb,2025-02-18 20:15:00+00:00,2026-09-17 14:30:00+00:00,42670.0,01:00:00,2025-02-18 20:15:00+00:00,2026-09-17 14:30:00+00:00,200,575.7604166666666,True,True,True
39456,11611,"Malad West, Mumbai - IITM",PN,CPCB,no2,µg/m³,2020-11-13 12:15:00+00:00,2022-10-16 15:45:00+00:00,6287.0,01:00:00,2020-11-13 12:15:00+00:00,2022-10-16 15:45:00+00:00,200,702.1458333333334,False,False,False
12236423,11611,"Malad West, Mumbai - IITM",PN,CPCB,no2,ppb,2025-02-18 20:15:00+00:00,2026-09-17 14:30:00+00:00,43478.0,01:00:00,2025-02-18 20:15:00+00:00,2026-09-17 14:30:00+00:00,200,575.7604166666666,True,True,True
12238345,3409479,"Mindspace-Malad West, Mumbai - MPCB",PN,CPCB,no2,ppb,2025-02-18 20:15:00+00:00,2026-09-17 14:30:00+00:00,42786.0,01:00:00,2025-02-18 20:15:00+00:00,2026-09-17 14:30:00+00:00,200,575.7604166666666,True,True,True
20081,6965,"Borivali East, Mumbai - MPCB",RC,CPCB,no2,µg/m³,2019-06-20 16:00:00+00:00,2022-10-31 02:00:00+00:00,14644.0,01:00:00,2019-06-20 16:00:00+00:00,2022-10-31 02:00:00+00:00,200,1228.4166666666667,False,False,False
39430,11606,"Borivali East, Mumbai - IITM",RC,CPCB,no2,µg/m³,2020-11-13 12:30:00+00:00,2022-07-08 07:15:00+00:00,7648.0,01:00:00,2020-11-13 12:30:00+00:00,2022-07-08 07:15:00+00:00,200,601.78125,False,False,False
12236415,11606,"Borivali East, Mumbai - IITM",RC,CPCB,no2,ppb,2025-02-18 20:15:00+00:00,2026-09-17 14:30:00+00:00,43298.0,01:00:00,2025-02-18 20:15:00+00:00,2026-09-17 14:30:00+00:00,200,575.7604166666666,True,True,True
12238582,3409512,"Kandivali West, Mumbai - BMC",RC,CPCB,no2,ppb,2025-02-18 20:15:00+00:00,2026-09-17 14:30:00+00:00,28698.0,01:00:00,2025-02-18 20:15:00+00:00,2026-09-17 14:30:00+00:00,200,575.7604166666666,True,True,True
12252655,6965,"Borivali East, Mumbai - MPCB",RC,CPCB,no2,ppb,2025-02-20 08:30:00+00:00,2026-09-17 14:30:00+00:00,32534.0,01:00:00,2025-02-20 08:30:00+00:00,2026-09-17 14:30:00+00:00,200,574.25,True,True,True
40624,12044,"Kandivali East, Mumbai - MPCB",RS,CPCB,no2,µg/m³,2020-12-16 12:30:00+00:00,2022-10-16 15:45:00+00:00,7014.0,01:00:00,2020-12-16 12:30:00+00:00,2022-10-16 15:45:00+00:00,200,669.1354166666666,False,False,False
12236469,12044,"Kandivali East, Mumbai - MPCB",RS,CPCB,no2,ppb,2025-02-18 20:15:00+00:00,2026-04-18 05:45:00+00:00,29024.0,01:00:00,2025-02-18 20:15:00+00:00,2026-04-18 05:45:00+00:00,200,423.3958333333333,True,True,True
20083,6956,"Powai, Mumbai - MPCB",S,CPCB,no2,µg/m³,2019-06-18 23:15:00+00:00,2022-10-16 13:15:00+00:00,26446.0,01:00:00,2019-06-18 23:15:00+00:00,2022-10-16 13:15:00+00:00,200,1215.5833333333333,False,False,False
12235893,6956,"Powai, Mumbai - MPCB",S,CPCB,no2,ppb,2025-02-18 20:15:00+00:00,2026-09-17 14:30:00+00:00,35650.0,01:00:00,2025-02-18 20:15:00+00:00,2026-09-17 14:30:00+00:00,200,575.7604166666666,True,True,True
40612,12040,"Mulund West, Mumbai - MPCB",T,CPCB,no2,µg/m³,2020-12-16 12:30:00+00:00,2022-10-16 15:45:00+00:00,6368.0,01:00:00,2020-12-16 12:30:00+00:00,2022-10-16 15:45:00+00:00,200,669.1354166666666,False,False,False
40639,12039,"Khindipada-Bhandup West, Mumbai - IITM",T,CPCB,no2,µg/m³,2020-12-16 12:45:00+00:00,2022-09-22 05:30:00+00:00,1426.0,01:00:00,2020-12-16 12:45:00+00:00,2022-09-22 05:30:00+00:00,200,644.6979166666666,False,False,False
12236391,12039,"Khindipada-Bhandup West, Mumbai - IITM",T,CPCB,no2,ppb,2025-02-18 20:15:00+00:00,2026-09-17 14:30:00+00:00,39565.0,01:00:00,2025-02-18 20:15:00+00:00,2026-09-17 14:30:00+00:00,200,575.7604166666666,True,True,True
12236478,12040,"Mulund West, Mumbai - MPCB",T,CPCB,no2,ppb,2025-02-18 20:15:00+00:00,2026-09-17 14:30:00+00:00,24361.0,01:00:00,2025-02-18 20:15:00+00:00,2026-09-17 14:30:00+00:00,200,575.7604166666666,True,True,True
14341960,6927,"Colaba, Mumbai - MPCB",A,CPCB,nox,ppb,2025-10-10 20:30:00+00:00,2026-06-22 00:00:00+00:00,7819.0,01:00:00,2025-10-10 20:30:00+00:00,2026-06-22 00:00:00+00:00,200,254.14583333333334,True,True,True
14341639,3409510,"Byculla, Mumbai - BMC",E,CPCB,nox,ppb,2025-10-10 18:15:00+00:00,2026-09-17 14:30:00+00:00,25157.0,01:00:00,2025-10-10 18:15:00+00:00,2026-09-17 14:30:00+00:00,200,341.84375,True,True,True
14340938,6967,"Sion, Mumbai - MPCB",FN,CPCB,nox,ppb,2025-10-10 18:15:00+00:00,2026-09-16 07:00:00+00:00,22995.0,01:00:00,2025-10-10 18:15:00+00:00,2026-09-16 07:00:00+00:00,200,340.53125,True,True,True
14342264,3409513,"Sewri, Mumbai - BMC",FS,CPCB,nox,ppb,2025-10-10 20:30:00+00:00,2026-09-17 14:30:00+00:00,18082.0,01:00:00,2025-10-10 20:30:00+00:00,2026-09-17 14:30:00+00:00,200,341.75,True,True,True
14341954,3409323,"Worli, Mumbai - MPCB",GS,CPCB,nox,ppb,2025-10-11 06:15:00+00:00,2026-09-17 14:30:00+00:00,20981.0,01:00:00,2025-10-11 06:15:00+00:00,2026-09-17 14:30:00+00:00,200,341.34375,True,True,True
14342065,6959,"Siddharth Nagar-Worli, Mumbai - IITM",GS,CPCB,nox,ppb,2025-10-10 20:15:00+00:00,2026-09-17 14:30:00+00:00,23153.0,01:00:00,2025-10-10 20:15:00+00:00,2026-09-17 14:30:00+00:00,200,341.7604166666667,True,True,True
14341573,3409482,"Bandra Kurla Complex, Mumbai - MPCB",HE,CPCB,nox,ppb,2025-10-10 18:15:00+00:00,2026-09-17 14:30:00+00:00,24074.0,01:00:00,2025-10-10 18:15:00+00:00,2026-09-17 14:30:00+00:00,200,341.84375,True,True,True
14341585,3409486,"Kherwadi_Bandra East, Mumbai - MPCB",HE,CPCB,nox,ppb,2025-10-10 18:15:00+00:00,2026-09-17 14:30:00+00:00,25262.0,01:00:00,2025-10-10 18:15:00+00:00,2026-09-17 14:30:00+00:00,200,341.84375,True,True,True
14342047,3409328,"Bandra Kurla Complex, Mumbai - IITM",HE,CPCB,nox,ppb,2025-10-11 14:15:00+00:00,2026-09-17 14:30:00+00:00,16230.0,01:00:00,2025-10-11 14:15:00+00:00,2026-09-17 14:30:00+00:00,200,341.0104166666667,True,True,True
14340928,6948,"Chhatrapati Shivaji Intl. Airport (T2), Mumbai - MPCB",KE,CPCB,nox,ppb,2025-10-10 18:15:00+00:00,2026-09-17 14:30:00+00:00,20253.0,01:00:00,2025-10-10 18:15:00+00:00,2026-09-17 14:30:00+00:00,200,341.84375,True,True,True
14341017,12024,"Chakala-Andheri East, Mumbai - IITM",KE,CPCB,nox,ppb,2025-10-10 18:15:00+00:00,2026-09-17 14:30:00+00:00,24805.0,01:00:00,2025-10-10 18:15:00+00:00,2026-09-17 14:30:00+00:00,200,341.84375,True,True,True
14340925,6987,"Vile Parle West, Mumbai - MPCB",KW,CPCB,nox,ppb,2025-10-10 18:15:00+00:00,2025-12-08 04:15:00+00:00,4738.0,01:00:00,2025-10-10 18:15:00+00:00,2025-12-08 04:15:00+00:00,200,58.416666666666664,True,True,False
14340922,6945,"Kurla, Mumbai - MPCB",L,CPCB,nox,ppb,2025-10-10 18:15:00+00:00,2026-09-17 14:30:00+00:00,21621.0,01:00:00,2025-10-10 18:15:00+00:00,2026-09-17 14:30:00+00:00,200,341.84375,True,True,True
14341011,3409329,"Deonar, Mumbai - IITM",ME,CPCB,nox,ppb,2025-10-10 18:15:00+00:00,2026-09-17 14:30:00+00:00,24291.0,01:00:00,2025-10-10 18:15:00+00:00,2026-09-17 14:30:00+00:00,200,341.84375,True,True,True
14341576,3409483,"Chembur, Mumbai - MPCB",ME,CPCB,nox,ppb,2025-10-10 18:15:00+00:00,2026-09-17 14:30:00+00:00,23677.0,01:00:00,2025-10-10 18:15:00+00:00,2026-09-17 14:30:00+00:00,200,341.84375,True,True,True
14341642,3409511,"Shivaji Nagar, Mumbai - BMC",ME,CPCB,nox,ppb,2025-10-10 18:15:00+00:00,2026-09-17 14:30:00+00:00,24940.0,01:00:00,2025-10-10 18:15:00+00:00,2026-09-17 14:30:00+00:00,200,341.84375,True,True,True
14341645,3409514,"Ghatkopar, Mumbai - BMC",N,CPCB,nox,ppb,2025-10-10 18:15:00+00:00,2026-09-17 14:30:00+00:00,25412.0,01:00:00,2025-10-10 18:15:00+00:00,2026-09-17 14:30:00+00:00,200,341.84375,True,True,True
14341021,11611,"Malad West, Mumbai - IITM",PN,CPCB,nox,ppb,2025-10-10 18:15:00+00:00,2026-09-17 14:30:00+00:00,24967.0,01:00:00,2025-10-10 18:15:00+00:00,2026-09-17 14:30:00+00:00,200,341.84375,True,True,True
14341564,3409479,"Mindspace-Malad West, Mumbai - MPCB",PN,CPCB,nox,ppb,2025-10-10 18:15:00+00:00,2026-09-17 14:30:00+00:00,23993.0,01:00:00,2025-10-10 18:15:00+00:00,2026-09-17 14:30:00+00:00,200,341.84375,True,True,True
14341020,11606,"Borivali East, Mumbai - IITM",RC,CPCB,nox,ppb,2025-10-10 18:15:00+00:00,2026-09-17 14:30:00+00:00,24647.0,01:00:00,2025-10-10 18:15:00+00:00,2026-09-17 14:30:00+00:00,200,341.84375,True,True,True
14341949,6965,"Borivali East, Mumbai - MPCB",RC,CPCB,nox,ppb,2025-10-10 20:15:00+00:00,2026-09-17 14:30:00+00:00,17595.0,01:00:00,2025-10-10 20:15:00+00:00,2026-09-17 14:30:00+00:00,200,341.7604166666667,True,True,True
14342261,3409512,"Kandivali West, Mumbai - BMC",RC,CPCB,nox,ppb,2025-10-10 20:15:00+00:00,2026-09-17 14:30:00+00:00,21004.0,01:00:00,2025-10-10 20:15:00+00:00,2026-09-17 14:30:00+00:00,200,341.7604166666667,True,True,True
14341025,12044,"Kandivali East, Mumbai - MPCB",RS,CPCB,nox,ppb,2025-10-10 18:15:00+00:00,2026-04-18 05:45:00+00:00,10722.0,01:00:00,2025-10-10 18:15:00+00:00,2026-04-18 05:45:00+00:00,200,189.47916666666666,True,True,True
14340934,6956,"Powai, Mumbai - MPCB",S,CPCB,nox,ppb,2025-10-10 18:15:00+00:00,2026-09-17 14:30:00+00:00,20920.0,01:00:00,2025-10-10 18:15:00+00:00,2026-09-17 14:30:00+00:00,200,341.84375,True,True,True
14342056,12039,"Khindipada-Bhandup West, Mumbai - IITM",T,CPCB,nox,ppb,2025-10-10 20:15:00+00:00,2026-09-17 14:30:00+00:00,23124.0,01:00:00,2025-10-10 20:15:00+00:00,2026-09-17 14:30:00+00:00,200,341.7604166666667,True,True,True
14342082,12040,"Mulund West, Mumbai - MPCB",T,CPCB,nox,ppb,2025-10-10 20:30:00+00:00,2026-09-17 14:30:00+00:00,13624.0,01:00:00,2025-10-10 20:30:00+00:00,2026-09-17 14:30:00+00:00,200,341.75,True,True,True
20139,6927,"Colaba, Mumbai - MPCB",A,CPCB,o3,µg/m³,2019-06-28 05:30:00+00:00,2022-10-31 01:45:00+00:00,23146.0,01:00:00,2019-06-28 05:30:00+00:00,2022-10-31 01:45:00+00:00,200,1220.84375,False,False,False
12235924,6927,"Colaba, Mumbai - MPCB",A,CPCB,o3,µg/m³,2025-02-18 20:15:00+00:00,2026-06-22 00:00:00+00:00,9273.0,01:00:00,2025-02-18 20:15:00+00:00,2026-06-22 00:00:00+00:00,200,488.15625,True,True,True
12238565,3409510,"Byculla, Mumbai - BMC",E,CPCB,o3,µg/m³,2025-02-18 20:15:00+00:00,2026-09-17 14:30:00+00:00,42192.0,01:00:00,2025-02-18 20:15:00+00:00,2026-09-17 14:30:00+00:00,200,575.7604166666666,True,True,True
20098,6967,"Sion, Mumbai - MPCB",FN,CPCB,o3,µg/m³,,,,,,,429,,False,False,False
12243928,6967,"Sion, Mumbai - MPCB",FN,CPCB,o3,µg/m³,2025-02-19 09:30:00+00:00,2026-07-07 10:30:00+00:00,24504.0,01:00:00,2025-02-19 09:30:00+00:00,2026-07-07 10:30:00+00:00,200,503.0416666666667,True,True,True
12238592,3409513,"Sewri, Mumbai - BMC",FS,CPCB,o3,µg/m³,2025-02-18 20:45:00+00:00,2026-09-17 14:30:00+00:00,23290.0,01:00:00,2025-02-18 20:45:00+00:00,2026-09-17 14:30:00+00:00,200,575.7395833333334,True,True,True
20031,6959,"Siddharth Nagar-Worli, Mumbai - IITM",GS,CPCB,o3,µg/m³,2019-06-20 12:00:00+00:00,2022-10-31 02:00:00+00:00,24031.0,01:00:00,2019-06-20 12:00:00+00:00,2022-10-31 02:00:00+00:00,200,1228.5833333333333,False,False,False
389777,60661,"Siddharth Nagar-Worli, Mumbai - IITM",GS,caaqm,o3,µg/m³,2021-01-12 14:00:00+00:00,2022-10-16 16:00:00+00:00,6840.0,00:15:00,2021-01-12 14:00:00+00:00,2022-10-16 16:00:00+00:00,200,642.0833333333334,False,False,False
12235912,3409323,"Worli, Mumbai - MPCB",GS,CPCB,o3,µg/m³,2025-02-18 20:15:00+00:00,2026-09-17 14:30:00+00:00,30866.0,01:00:00,2025-02-18 20:15:00+00:00,2026-09-17 14:30:00+00:00,200,575.7604166666666,True,True,True
12236433,6959,"Siddharth Nagar-Worli, Mumbai - IITM",GS,CPCB,o3,µg/m³,2025-02-18 20:15:00+00:00,2026-09-17 14:30:00+00:00,41257.0,01:00:00,2025-02-18 20:15:00+00:00,2026-09-17 14:30:00+00:00,200,575.7604166666666,True,True,True
36451,7850,"Bandra, Mumbai - MPCB",HE,caaqm,o3,µg/m³,2020-01-09 00:15:00+00:00,2021-11-19 11:30:00+00:00,14438.0,00:15:00,2020-01-09 00:15:00+00:00,2021-11-19 11:30:00+00:00,200,680.46875,False,False,False
39409,11602,"Bandra Kurla Complex, Mumbai - IITM",HE,caaqm,o3,µg/m³,2020-11-13 12:15:00+00:00,2022-10-16 15:45:00+00:00,7480.0,00:15:00,2020-11-13 12:15:00+00:00,2022-10-16 15:45:00+00:00,200,702.1458333333334,False,False,False
12238373,3409482,"Bandra Kurla Complex, Mumbai - MPCB",HE,CPCB,o3,µg/m³,2025-02-18 20:15:00+00:00,2026-09-17 14:30:00+00:00,41464.0,01:00:00,2025-02-18 20:15:00+00:00,2026-09-17 14:30:00+00:00,200,575.7604166666666,True,True,True
12238409,3409486,"Kherwadi_Bandra East, Mumbai - MPCB",HE,CPCB,o3,µg/m³,2025-02-18 20:15:00+00:00,2026-09-17 14:30:00+00:00,42590.0,01:00:00,2025-02-18 20:15:00+00:00,2026-09-17 14:30:00+00:00,200,575.7604166666666,True,True,True
12708244,3409328,"Bandra Kurla Complex, Mumbai - IITM",HE,CPCB,o3,µg/m³,2025-04-07 13:00:00+00:00,2026-09-17 14:30:00+00:00,29589.0,01:00:00,2025-04-07 13:00:00+00:00,2026-09-17 14:30:00+00:00,200,528.0625,True,True,True
19979,6948,"Chhatrapati Shivaji Intl. Airport (T2), Mumbai - MPCB",KE,CPCB,o3,µg/m³,2019-06-18 23:15:00+00:00,2022-10-31 01:45:00+00:00,27001.0,01:00:00,2019-06-18 23:15:00+00:00,2022-10-31 01:45:00+00:00,200,1230.1041666666667,False,False,False
40570,12024,"Chakala-Andheri East, Mumbai - IITM",KE,CPCB,o3,µg/m³,2020-12-08 09:00:00+00:00,2022-10-16 13:00:00+00:00,7382.0,01:00:00,2020-12-08 09:00:00+00:00,2022-10-16 13:00:00+00:00,200,677.1666666666666,False,False,False
12235858,6948,"Chhatrapati Shivaji Intl. Airport (T2), Mumbai - MPCB",KE,CPCB,o3,µg/m³,2025-02-18 20:15:00+00:00,2026-02-17 10:15:00+00:00,25074.0,01:00:00,2025-02-18 20:15:00+00:00,2026-02-17 10:15:00+00:00,200,363.5833333333333,True,True,True
12236409,12024,"Chakala-Andheri East, Mumbai - IITM",KE,CPCB,o3,µg/m³,2025-02-18 20:15:00+00:00,2026-09-17 14:30:00+00:00,43128.0,01:00:00,2025-02-18 20:15:00+00:00,2026-09-17 14:30:00+00:00,200,575.7604166666666,True,True,True
20240,6987,"Vile Parle West, Mumbai - MPCB",KW,CPCB,o3,µg/m³,2019-06-18 23:00:00+00:00,2022-10-31 01:45:00+00:00,24634.0,01:00:00,2019-06-18 23:00:00+00:00,2022-10-31 01:45:00+00:00,200,1230.1145833333333,False,False,False
12235849,6987,"Vile Parle West, Mumbai - MPCB",KW,CPCB,o3,µg/m³,2025-02-18 20:15:00+00:00,2025-12-08 04:15:00+00:00,16535.0,01:00:00,2025-02-18 20:15:00+00:00,2025-12-08 04:15:00+00:00,200,292.3333333333333,True,True,False
19968,6945,"Kurla, Mumbai - MPCB",L,CPCB,o3,µg/m³,2019-06-19 00:00:00+00:00,2022-10-31 02:00:00+00:00,24859.0,01:00:00,2019-06-19 00:00:00+00:00,2022-10-31 02:00:00+00:00,200,1230.0833333333333,False,False,False
12235832,6945,"Kurla, Mumbai - MPCB",L,CPCB,o3,µg/m³,2025-02-18 20:15:00+00:00,2026-09-17 14:30:00+00:00,37050.0,01:00:00,2025-02-18 20:15:00+00:00,2026-09-17 14:30:00+00:00,200,575.7604166666666,True,True,True
39421,11604,"Deonar, Mumbai - IITM",ME,caaqm,o3,µg/m³,2020-11-13 12:15:00+00:00,2022-10-16 15:45:00+00:00,7720.0,00:15:00,2020-11-13 12:15:00+00:00,2022-10-16 15:45:00+00:00,200,702.1458333333334,False,False,False
12236383,3409329,"Deonar, Mumbai - IITM",ME,CPCB,o3,µg/m³,2025-02-18 20:30:00+00:00,2026-09-17 14:30:00+00:00,36667.0,01:00:00,2025-02-18 20:30:00+00:00,2026-09-17 14:30:00+00:00,200,575.75,True,True,True
12238382,3409483,"Chembur, Mumbai - MPCB",ME,CPCB,o3,µg/m³,2025-02-18 20:15:00+00:00,2026-09-17 14:30:00+00:00,39660.0,01:00:00,2025-02-18 20:15:00+00:00,2026-09-17 14:30:00+00:00,200,575.7604166666666,True,True,True
12238574,3409511,"Shivaji Nagar, Mumbai - BMC",ME,CPCB,o3,µg/m³,2025-02-18 20:15:00+00:00,2026-09-17 14:30:00+00:00,42869.0,01:00:00,2025-02-18 20:15:00+00:00,2026-09-17 14:30:00+00:00,200,575.7604166666666,True,True,True
12238601,3409514,"Ghatkopar, Mumbai - BMC",N,CPCB,o3,µg/m³,2025-02-18 20:15:00+00:00,2026-09-17 14:30:00+00:00,43056.0,01:00:00,2025-02-18 20:15:00+00:00,2026-09-17 14:30:00+00:00,200,575.7604166666666,True,True,True
39459,11611,"Malad West, Mumbai - IITM",PN,CPCB,o3,µg/m³,2020-11-13 12:15:00+00:00,2022-10-16 15:45:00+00:00,6287.0,01:00:00,2020-11-13 12:15:00+00:00,2022-10-16 15:45:00+00:00,200,702.1458333333334,False,False,False
12236424,11611,"Malad West, Mumbai - IITM",PN,CPCB,o3,µg/m³,2025-02-18 20:15:00+00:00,2026-09-17 14:30:00+00:00,44287.0,01:00:00,2025-02-18 20:15:00+00:00,2026-09-17 14:30:00+00:00,200,575.7604166666666,True,True,True
12238346,3409479,"Mindspace-Malad West, Mumbai - MPCB",PN,CPCB,o3,µg/m³,2025-02-18 20:15:00+00:00,2026-09-17 14:30:00+00:00,42736.0,01:00:00,2025-02-18 20:15:00+00:00,2026-09-17 14:30:00+00:00,200,575.7604166666666,True,True,True
20084,6965,"Borivali East, Mumbai - MPCB",RC,CPCB,o3,µg/m³,2019-06-20 16:00:00+00:00,2022-10-31 02:00:00+00:00,13201.0,01:00:00,2019-06-20 16:00:00+00:00,2022-10-31 02:00:00+00:00,200,1228.4166666666667,False,False,False
39432,11606,"Borivali East, Mumbai - IITM",RC,CPCB,o3,µg/m³,2020-11-13 12:30:00+00:00,2022-07-08 07:15:00+00:00,7652.0,01:00:00,2020-11-13 12:30:00+00:00,2022-07-08 07:15:00+00:00,200,601.78125,False,False,False
12236416,11606,"Borivali East, Mumbai - IITM",RC,CPCB,o3,µg/m³,2025-02-18 20:15:00+00:00,2026-09-17 14:30:00+00:00,44102.0,01:00:00,2025-02-18 20:15:00+00:00,2026-09-17 14:30:00+00:00,200,575.7604166666666,True,True,True
12238583,3409512,"Kandivali West, Mumbai - BMC",RC,CPCB,o3,µg/m³,2025-02-18 20:15:00+00:00,2026-09-17 14:30:00+00:00,30404.0,01:00:00,2025-02-18 20:15:00+00:00,2026-09-17 14:30:00+00:00,200,575.7604166666666,True,True,True
12252656,6965,"Borivali East, Mumbai - MPCB",RC,CPCB,o3,µg/m³,2025-02-20 08:30:00+00:00,2026-06-18 02:45:00+00:00,19129.0,01:00:00,2025-02-20 08:30:00+00:00,2026-06-18 02:45:00+00:00,200,482.7604166666667,True,True,True
40627,12044,"Kandivali East, Mumbai - MPCB",RS,CPCB,o3,µg/m³,2020-12-16 12:30:00+00:00,2022-10-12 08:45:00+00:00,4861.0,01:00:00,2020-12-16 12:30:00+00:00,2022-10-12 08:45:00+00:00,200,664.84375,False,False,False
12236470,12044,"Kandivali East, Mumbai - MPCB",RS,CPCB,o3,µg/m³,2025-02-18 20:15:00+00:00,2026-04-16 00:15:00+00:00,7023.0,01:00:00,2025-02-18 20:15:00+00:00,2026-04-16 00:15:00+00:00,200,421.1666666666667,True,True,True
20054,6956,"Powai, Mumbai - MPCB",S,CPCB,o3,µg/m³,2019-06-18 23:15:00+00:00,2022-10-16 13:15:00+00:00,22035.0,01:00:00,2019-06-18 23:15:00+00:00,2022-10-16 13:15:00+00:00,200,1215.5833333333333,False,False,False
12235894,6956,"Powai, Mumbai - MPCB",S,CPCB,o3,µg/m³,2025-02-18 20:15:00+00:00,2026-07-04 07:45:00+00:00,24899.0,01:00:00,2025-02-18 20:15:00+00:00,2026-07-04 07:45:00+00:00,200,500.4791666666667,True,True,True
40634,12039,"Khindipada-Bhandup West, Mumbai - IITM",T,CPCB,o3,µg/m³,2020-12-16 12:45:00+00:00,2022-09-22 05:30:00+00:00,1424.0,01:00:00,2020-12-16 12:45:00+00:00,2022-09-22 05:30:00+00:00,200,644.6979166666666,False,False,False
40644,12040,"Mulund West, Mumbai - MPCB",T,CPCB,o3,µg/m³,2020-12-16 12:30:00+00:00,2022-05-14 10:45:00+00:00,4422.0,01:00:00,2020-12-16 12:30:00+00:00,2022-05-14 10:45:00+00:00,200,513.9270833333334,False,False,False
12236392,12039,"Khindipada-Bhandup West, Mumbai - IITM",T,CPCB,o3,µg/m³,2025-02-18 20:15:00+00:00,2026-09-17 14:30:00+00:00,40343.0,01:00:00,2025-02-18 20:15:00+00:00,2026-09-17 14:30:00+00:00,200,575.7604166666666,True,True,True
12236479,12040,"Mulund West, Mumbai - MPCB",T,CPCB,o3,µg/m³,2025-02-18 20:15:00+00:00,2025-12-26 08:00:00+00:00,987.0,01:00:00,2025-02-18 20:15:00+00:00,2025-12-26 08:00:00+00:00,200,310.4895833333333,True,True,False
20142,6927,"Colaba, Mumbai - MPCB",A,CPCB,pm10,µg/m³,2019-06-28 05:30:00+00:00,2022-10-31 01:45:00+00:00,25425.0,01:00:00,2019-06-28 05:30:00+00:00,2022-10-31 01:45:00+00:00,200,1220.84375,False,False,False
12235925,6927,"Colaba, Mumbai - MPCB",A,CPCB,pm10,µg/m³,2025-02-18 20:15:00+00:00,2026-05-28 18:15:00+00:00,27533.0,01:00:00,2025-02-18 20:15:00+00:00,2026-05-28 18:15:00+00:00,200,463.9166666666667,True,True,True
12238566,3409510,"Byculla, Mumbai - BMC",E,CPCB,pm10,µg/m³,2025-02-18 20:15:00+00:00,2026-09-17 14:30:00+00:00,42936.0,01:00:00,2025-02-18 20:15:00+00:00,2026-09-17 14:30:00+00:00,200,575.7604166666666,True,True,True
20097,6967,"Sion, Mumbai - MPCB",FN,CPCB,pm10,µg/m³,2019-06-27 05:15:00+00:00,2022-10-31 01:45:00+00:00,26242.0,01:00:00,2019-06-27 05:15:00+00:00,2022-10-31 01:45:00+00:00,200,1221.8541666666667,False,False,False
12243929,6967,"Sion, Mumbai - MPCB",FN,CPCB,pm10,µg/m³,2025-02-19 09:30:00+00:00,2026-09-17 14:30:00+00:00,34607.0,01:00:00,2025-02-19 09:30:00+00:00,2026-09-17 14:30:00+00:00,200,575.2083333333334,True,True,True
12238593,3409513,"Sewri, Mumbai - BMC",FS,CPCB,pm10,µg/m³,2025-02-18 20:45:00+00:00,2026-09-17 14:30:00+00:00,25009.0,01:00:00,2025-02-18 20:45:00+00:00,2026-09-17 14:30:00+00:00,200,575.7395833333334,True,True,True
20032,6959,"Siddharth Nagar-Worli, Mumbai - IITM",GS,CPCB,pm10,µg/m³,2019-06-20 12:00:00+00:00,2022-10-31 02:00:00+00:00,25463.0,01:00:00,2019-06-20 12:00:00+00:00,2022-10-31 02:00:00+00:00,200,1228.5833333333333,False,False,False
389771,60661,"Siddharth Nagar-Worli, Mumbai - IITM",GS,caaqm,pm10,µg/m³,2021-01-12 14:00:00+00:00,2022-10-16 16:00:00+00:00,6838.0,00:15:00,2021-01-12 14:00:00+00:00,2022-10-16 16:00:00+00:00,200,642.0833333333334,False,False,False
12235913,3409323,"Worli, Mumbai - MPCB",GS,CPCB,pm10,µg/m³,2025-02-18 20:15:00+00:00,2026-09-17 14:30:00+00:00,33434.0,01:00:00,2025-02-18 20:15:00+00:00,2026-09-17 14:30:00+00:00,200,575.7604166666666,True,True,True
12236434,6959,"Siddharth Nagar-Worli, Mumbai - IITM",GS,CPCB,pm10,µg/m³,2025-02-18 20:15:00+00:00,2026-09-16 08:45:00+00:00,41142.0,01:00:00,2025-02-18 20:15:00+00:00,2026-09-16 08:45:00+00:00,200,574.5208333333334,True,True,True
22798,7850,"Bandra, Mumbai - MPCB",HE,caaqm,pm10,µg/m³,2020-01-09 00:15:00+00:00,2021-12-24 04:45:00+00:00,14522.0,00:15:00,2020-01-09 00:15:00+00:00,2021-12-24 04:45:00+00:00,200,715.1875,False,False,False
39405,11602,"Bandra Kurla Complex, Mumbai - IITM",HE,caaqm,pm10,µg/m³,2020-11-13 12:15:00+00:00,2022-10-16 15:45:00+00:00,5662.0,00:15:00,2020-11-13 12:15:00+00:00,2022-10-16 15:45:00+00:00,200,702.1458333333334,False,False,False
12238374,3409482,"Bandra Kurla Complex, Mumbai - MPCB",HE,CPCB,pm10,µg/m³,2025-02-18 20:15:00+00:00,2026-09-17 14:30:00+00:00,41793.0,01:00:00,2025-02-18 20:15:00+00:00,2026-09-17 14:30:00+00:00,200,575.7604166666666,True,True,True
12238410,3409486,"Kherwadi_Bandra East, Mumbai - MPCB",HE,CPCB,pm10,µg/m³,2025-02-18 20:15:00+00:00,2026-09-17 14:30:00+00:00,42861.0,01:00:00,2025-02-18 20:15:00+00:00,2026-09-17 14:30:00+00:00,200,575.7604166666666,True,True,True
12708245,3409328,"Bandra Kurla Complex, Mumbai - IITM",HE,CPCB,pm10,µg/m³,2025-04-07 13:00:00+00:00,2026-09-17 14:30:00+00:00,29266.0,01:00:00,2025-04-07 13:00:00+00:00,2026-09-17 14:30:00+00:00,200,528.0625,True,True,True
19980,6948,"Chhatrapati Shivaji Intl. Airport (T2), Mumbai - MPCB",KE,CPCB,pm10,µg/m³,2019-06-18 23:15:00+00:00,2022-10-31 01:45:00+00:00,29486.0,01:00:00,2019-06-18 23:15:00+00:00,2022-10-31 01:45:00+00:00,200,1230.1041666666667,False,False,False
40572,12024,"Chakala-Andheri East, Mumbai - IITM",KE,CPCB,pm10,µg/m³,2020-12-08 09:00:00+00:00,2022-10-16 13:00:00+00:00,7374.0,01:00:00,2020-12-08 09:00:00+00:00,2022-10-16 13:00:00+00:00,200,677.1666666666666,False,False,False
12235859,6948,"Chhatrapati Shivaji Intl. Airport (T2), Mumbai - MPCB",KE,CPCB,pm10,µg/m³,2025-02-18 20:15:00+00:00,2026-09-17 14:30:00+00:00,36830.0,01:00:00,2025-02-18 20:15:00+00:00,2026-09-17 14:30:00+00:00,200,575.7604166666666,True,True,True
12442195,12024,"Chakala-Andheri East, Mumbai - IITM",KE,CPCB,pm10,µg/m³,2025-03-11 08:00:00+00:00,2026-09-17 14:30:00+00:00,41409.0,01:00:00,2025-03-11 08:00:00+00:00,2026-09-17 14:30:00+00:00,200,555.2708333333334,True,True,True
20243,6987,"Vile Parle West, Mumbai - MPCB",KW,CPCB,pm10,µg/m³,2019-06-18 23:00:00+00:00,2022-10-31 01:45:00+00:00,24930.0,01:00:00,2019-06-18 23:00:00+00:00,2022-10-31 01:45:00+00:00,200,1230.1145833333333,False,False,False
12235850,6987,"Vile Parle West, Mumbai - MPCB",KW,CPCB,pm10,µg/m³,2025-02-18 20:15:00+00:00,2026-05-20 19:45:00+00:00,26664.0,01:00:00,2025-02-18 20:15:00+00:00,2026-05-20 19:45:00+00:00,200,455.9791666666667,True,True,True
19975,6945,"Kurla, Mumbai - MPCB",L,CPCB,pm10,µg/m³,2019-06-19 00:00:00+00:00,2022-10-31 02:00:00+00:00,26287.0,01:00:00,2019-06-19 00:00:00+00:00,2022-10-31 02:00:00+00:00,200,1230.0833333333333,False,False,False
12235833,6945,"Kurla, Mumbai - MPCB",L,CPCB,pm10,µg/m³,2025-02-18 20:15:00+00:00,2026-09-17 14:30:00+00:00,36521.0,01:00:00,2025-02-18 20:15:00+00:00,2026-09-17 14:30:00+00:00,200,575.7604166666666,True,True,True
39417,11604,"Deonar, Mumbai - IITM",ME,caaqm,pm10,µg/m³,2020-11-13 12:15:00+00:00,2022-10-16 15:45:00+00:00,7701.0,00:15:00,2020-11-13 12:15:00+00:00,2022-10-16 15:45:00+00:00,200,702.1458333333334,False,False,False
12236384,3409329,"Deonar, Mumbai - IITM",ME,CPCB,pm10,µg/m³,2025-02-18 20:15:00+00:00,2026-09-17 14:30:00+00:00,38092.0,01:00:00,2025-02-18 20:15:00+00:00,2026-09-17 14:30:00+00:00,200,575.7604166666666,True,True,True
12238383,3409483,"Chembur, Mumbai - MPCB",ME,CPCB,pm10,µg/m³,2025-02-18 20:15:00+00:00,2026-09-17 14:30:00+00:00,41613.0,01:00:00,2025-02-18 20:15:00+00:00,2026-09-17 14:30:00+00:00,200,575.7604166666666,True,True,True
12238575,3409511,"Shivaji Nagar, Mumbai - BMC",ME,CPCB,pm10,µg/m³,2025-02-18 20:15:00+00:00,2026-09-17 14:30:00+00:00,43930.0,01:00:00,2025-02-18 20:15:00+00:00,2026-09-17 14:30:00+00:00,200,575.7604166666666,True,True,True
12238602,3409514,"Ghatkopar, Mumbai - BMC",N,CPCB,pm10,µg/m³,2025-02-18 20:15:00+00:00,2026-09-17 14:30:00+00:00,43394.0,01:00:00,2025-02-18 20:15:00+00:00,2026-09-17 14:30:00+00:00,200,575.7604166666666,True,True,True
39455,11611,"Malad West, Mumbai - IITM",PN,CPCB,pm10,µg/m³,2020-11-13 12:15:00+00:00,2022-10-16 15:45:00+00:00,6287.0,01:00:00,2020-11-13 12:15:00+00:00,2022-10-16 15:45:00+00:00,200,702.1458333333334,False,False,False
12236425,11611,"Malad West, Mumbai - IITM",PN,CPCB,pm10,µg/m³,2025-02-18 20:15:00+00:00,2026-09-17 14:30:00+00:00,44213.0,01:00:00,2025-02-18 20:15:00+00:00,2026-09-17 14:30:00+00:00,200,575.7604166666666,True,True,True
12238347,3409479,"Mindspace-Malad West, Mumbai - MPCB",PN,CPCB,pm10,µg/m³,2025-02-18 20:15:00+00:00,2026-09-17 14:30:00+00:00,42898.0,01:00:00,2025-02-18 20:15:00+00:00,2026-09-17 14:30:00+00:00,200,575.7604166666666,True,True,True
20085,6965,"Borivali East, Mumbai - MPCB",RC,CPCB,pm10,µg/m³,2019-06-20 16:00:00+00:00,2022-10-31 02:00:00+00:00,14177.0,01:00:00,2019-06-20 16:00:00+00:00,2022-10-31 02:00:00+00:00,200,1228.4166666666667,False,False,False
39429,11606,"Borivali East, Mumbai - IITM",RC,CPCB,pm10,µg/m³,2020-11-13 12:30:00+00:00,2022-07-08 07:15:00+00:00,7647.0,01:00:00,2020-11-13 12:30:00+00:00,2022-07-08 07:15:00+00:00,200,601.78125,False,False,False
12236417,11606,"Borivali East, Mumbai - IITM",RC,CPCB,pm10,µg/m³,2025-02-18 20:15:00+00:00,2026-09-17 14:30:00+00:00,44031.0,01:00:00,2025-02-18 20:15:00+00:00,2026-09-17 14:30:00+00:00,200,575.7604166666666,True,True,True
12238584,3409512,"Kandivali West, Mumbai - BMC",RC,CPCB,pm10,µg/m³,2025-02-18 20:15:00+00:00,2026-09-17 14:30:00+00:00,33726.0,01:00:00,2025-02-18 20:15:00+00:00,2026-09-17 14:30:00+00:00,200,575.7604166666666,True,True,True
12252657,6965,"Borivali East, Mumbai - MPCB",RC,CPCB,pm10,µg/m³,2025-02-20 08:30:00+00:00,2026-09-17 14:30:00+00:00,31448.0,01:00:00,2025-02-20 08:30:00+00:00,2026-09-17 14:30:00+00:00,200,574.25,True,True,True
40652,12044,"Kandivali East, Mumbai - MPCB",RS,CPCB,pm10,µg/m³,2020-12-16 12:30:00+00:00,2022-10-16 15:45:00+00:00,6019.0,01:00:00,2020-12-16 12:30:00+00:00,2022-10-16 15:45:00+00:00,200,669.1354166666666,False,False,False
12236471,12044,"Kandivali East, Mumbai - MPCB",RS,CPCB,pm10,µg/m³,2025-02-18 20:15:00+00:00,2026-04-18 05:45:00+00:00,14396.0,01:00:00,2025-02-18 20:15:00+00:00,2026-04-18 05:45:00+00:00,200,423.3958333333333,True,True,True
20010,6956,"Powai, Mumbai - MPCB",S,CPCB,pm10,µg/m³,2019-06-18 23:15:00+00:00,2022-10-16 13:15:00+00:00,24622.0,01:00:00,2019-06-18 23:15:00+00:00,2022-10-16 13:15:00+00:00,200,1215.5833333333333,False,False,False
12235895,6956,"Powai, Mumbai - MPCB",S,CPCB,pm10,µg/m³,2025-02-18 20:15:00+00:00,2026-09-15 01:15:00+00:00,35484.0,01:00:00,2025-02-18 20:15:00+00:00,2026-09-15 01:15:00+00:00,200,573.2083333333334,True,True,True
40615,12039,"Khindipada-Bhandup West, Mumbai - IITM",T,CPCB,pm10,µg/m³,2020-12-16 12:45:00+00:00,2022-09-22 05:30:00+00:00,1422.0,01:00:00,2020-12-16 12:45:00+00:00,2022-09-22 05:30:00+00:00,200,644.6979166666666,False,False,False
40628,12040,"Mulund West, Mumbai - MPCB",T,CPCB,pm10,µg/m³,2020-12-16 12:30:00+00:00,2022-10-16 15:45:00+00:00,6143.0,01:00:00,2020-12-16 12:30:00+00:00,2022-10-16 15:45:00+00:00,200,669.1354166666666,False,False,False
12236393,12039,"Khindipada-Bhandup West, Mumbai - IITM",T,CPCB,pm10,µg/m³,2025-02-18 20:15:00+00:00,2026-09-17 14:30:00+00:00,40150.0,01:00:00,2025-02-18 20:15:00+00:00,2026-09-17 14:30:00+00:00,200,575.7604166666666,True,True,True
12236480,12040,"Mulund West, Mumbai - MPCB",T,CPCB,pm10,µg/m³,2025-02-18 20:15:00+00:00,2026-09-17 14:30:00+00:00,11356.0,01:00:00,2025-02-18 20:15:00+00:00,2026-09-17 14:30:00+00:00,200,575.7604166666666,True,True,True
20143,6927,"Colaba, Mumbai - MPCB",A,CPCB,pm25,µg/m³,2019-06-28 05:30:00+00:00,2022-10-31 01:45:00+00:00,26618.0,01:00:00,2019-06-28 05:30:00+00:00,2022-10-31 01:45:00+00:00,200,1220.84375,False,False,False
12235926,6927,"Colaba, Mumbai - MPCB",A,CPCB,pm25,µg/m³,2025-02-18 20:15:00+00:00,2026-06-22 00:15:00+00:00,35463.0,01:00:00,2025-02-18 20:15:00+00:00,2026-06-22 00:15:00+00:00,200,488.1666666666667,True,True,True
12238567,3409510,"Byculla, Mumbai - BMC",E,CPCB,pm25,µg/m³,2025-02-18 20:15:00+00:00,2026-09-17 14:30:00+00:00,42835.0,01:00:00,2025-02-18 20:15:00+00:00,2026-09-17 14:30:00+00:00,200,575.7604166666666,True,True,True
20096,6967,"Sion, Mumbai - MPCB",FN,CPCB,pm25,µg/m³,2019-06-27 05:15:00+00:00,2022-10-31 01:45:00+00:00,28702.0,01:00:00,2019-06-27 05:15:00+00:00,2022-10-31 01:45:00+00:00,200,1221.8541666666667,False,False,False
12243930,6967,"Sion, Mumbai - MPCB",FN,CPCB,pm25,µg/m³,2025-02-19 09:30:00+00:00,2026-09-17 14:30:00+00:00,36033.0,01:00:00,2025-02-19 09:30:00+00:00,2026-09-17 14:30:00+00:00,200,575.2083333333334,True,True,True
12238594,3409513,"Sewri, Mumbai - BMC",FS,CPCB,pm25,µg/m³,2025-02-18 20:45:00+00:00,2026-09-17 14:30:00+00:00,24745.0,01:00:00,2025-02-18 20:45:00+00:00,2026-09-17 14:30:00+00:00,200,575.7395833333334,True,True,True
20033,6959,"Siddharth Nagar-Worli, Mumbai - IITM",GS,CPCB,pm25,µg/m³,2019-06-20 12:00:00+00:00,2022-10-31 02:00:00+00:00,28788.0,01:00:00,2019-06-20 12:00:00+00:00,2022-10-31 02:00:00+00:00,200,1228.5833333333333,False,False,False
389761,60661,"Siddharth Nagar-Worli, Mumbai - IITM",GS,caaqm,pm25,µg/m³,2021-01-12 14:00:00+00:00,2022-10-16 16:00:00+00:00,6839.0,00:15:00,2021-01-12 14:00:00+00:00,2022-10-16 16:00:00+00:00,200,642.0833333333334,False,False,False
12235914,3409323,"Worli, Mumbai - MPCB",GS,CPCB,pm25,µg/m³,2025-02-18 20:15:00+00:00,2026-09-17 14:30:00+00:00,34352.0,01:00:00,2025-02-18 20:15:00+00:00,2026-09-17 14:30:00+00:00,200,575.7604166666666,True,True,True
12236435,6959,"Siddharth Nagar-Worli, Mumbai - IITM",GS,CPCB,pm25,µg/m³,2025-02-18 20:15:00+00:00,2026-09-17 14:30:00+00:00,41117.0,01:00:00,2025-02-18 20:15:00+00:00,2026-09-17 14:30:00+00:00,200,575.7604166666666,True,True,True
36447,7850,"Bandra, Mumbai - MPCB",HE,caaqm,pm25,µg/m³,2020-01-09 00:15:00+00:00,2021-12-24 04:45:00+00:00,16390.0,00:15:00,2020-01-09 00:15:00+00:00,2021-12-24 04:45:00+00:00,200,715.1875,False,False,False
39404,11602,"Bandra Kurla Complex, Mumbai - IITM",HE,caaqm,pm25,µg/m³,2020-11-13 12:15:00+00:00,2022-10-16 15:45:00+00:00,7479.0,00:15:00,2020-11-13 12:15:00+00:00,2022-10-16 15:45:00+00:00,200,702.1458333333334,False,False,False
12238375,3409482,"Bandra Kurla Complex, Mumbai - MPCB",HE,CPCB,pm25,µg/m³,2025-02-18 20:15:00+00:00,2026-09-17 14:30:00+00:00,41746.0,01:00:00,2025-02-18 20:15:00+00:00,2026-09-17 14:30:00+00:00,200,575.7604166666666,True,True,True
12238411,3409486,"Kherwadi_Bandra East, Mumbai - MPCB",HE,CPCB,pm25,µg/m³,2025-02-18 20:15:00+00:00,2026-09-17 14:30:00+00:00,42811.0,01:00:00,2025-02-18 20:15:00+00:00,2026-09-17 14:30:00+00:00,200,575.7604166666666,True,True,True
12708246,3409328,"Bandra Kurla Complex, Mumbai - IITM",HE,CPCB,pm25,µg/m³,2025-04-07 13:00:00+00:00,2026-09-17 14:30:00+00:00,29304.0,01:00:00,2025-04-07 13:00:00+00:00,2026-09-17 14:30:00+00:00,200,528.0625,True,True,True
19981,6948,"Chhatrapati Shivaji Intl. Airport (T2), Mumbai - MPCB",KE,CPCB,pm25,µg/m³,2019-06-18 23:15:00+00:00,2022-10-31 01:45:00+00:00,28316.0,01:00:00,2019-06-18 23:15:00+00:00,2022-10-31 01:45:00+00:00,200,1230.1041666666667,False,False,False
40571,12024,"Chakala-Andheri East, Mumbai - IITM",KE,CPCB,pm25,µg/m³,2020-12-08 09:00:00+00:00,2022-10-16 13:00:00+00:00,7372.0,01:00:00,2020-12-08 09:00:00+00:00,2022-10-16 13:00:00+00:00,200,677.1666666666666,False,False,False
12235860,6948,"Chhatrapati Shivaji Intl. Airport (T2), Mumbai - MPCB",KE,CPCB,pm25,µg/m³,2025-02-18 20:15:00+00:00,2026-09-17 14:30:00+00:00,36496.0,01:00:00,2025-02-18 20:15:00+00:00,2026-09-17 14:30:00+00:00,200,575.7604166666666,True,True,True
12442196,12024,"Chakala-Andheri East, Mumbai - IITM",KE,CPCB,pm25,µg/m³,2025-03-11 08:00:00+00:00,2026-09-17 14:30:00+00:00,41392.0,01:00:00,2025-03-11 08:00:00+00:00,2026-09-17 14:30:00+00:00,200,555.2708333333334,True,True,True
20251,6987,"Vile Parle West, Mumbai - MPCB",KW,CPCB,pm25,µg/m³,2019-06-18 23:00:00+00:00,2022-10-31 01:45:00+00:00,24866.0,01:00:00,2019-06-18 23:00:00+00:00,2022-10-31 01:45:00+00:00,200,1230.1145833333333,False,False,False
12235851,6987,"Vile Parle West, Mumbai - MPCB",KW,CPCB,pm25,µg/m³,2025-02-18 20:15:00+00:00,2026-05-30 09:30:00+00:00,27697.0,01:00:00,2025-02-18 20:15:00+00:00,2026-05-30 09:30:00+00:00,200,465.5520833333333,True,True,True
19978,6945,"Kurla, Mumbai - MPCB",L,CPCB,pm25,µg/m³,2019-06-19 00:00:00+00:00,2022-10-31 02:00:00+00:00,29589.0,01:00:00,2019-06-19 00:00:00+00:00,2022-10-31 02:00:00+00:00,200,1230.0833333333333,False,False,False
23320,8039,Mumbai,L,AirNow,pm25,µg/m³,2016-11-09 19:00:00+00:00,2026-09-18 08:30:00+00:00,68230.0,01:00:00,2016-11-09 19:00:00+00:00,2026-09-18 08:30:00+00:00,200,3599.5625,True,True,True
12235834,6945,"Kurla, Mumbai - MPCB",L,CPCB,pm25,µg/m³,2025-02-18 20:15:00+00:00,2026-09-17 14:30:00+00:00,37962.0,01:00:00,2025-02-18 20:15:00+00:00,2026-09-17 14:30:00+00:00,200,575.7604166666666,True,True,True
39416,11604,"Deonar, Mumbai - IITM",ME,caaqm,pm25,µg/m³,2020-11-13 12:15:00+00:00,2022-10-16 15:45:00+00:00,7710.0,00:15:00,2020-11-13 12:15:00+00:00,2022-10-16 15:45:00+00:00,200,702.1458333333334,False,False,False
12236385,3409329,"Deonar, Mumbai - IITM",ME,CPCB,pm25,µg/m³,2025-02-18 20:15:00+00:00,2026-09-17 14:30:00+00:00,38003.0,01:00:00,2025-02-18 20:15:00+00:00,2026-09-17 14:30:00+00:00,200,575.7604166666666,True,True,True
12238384,3409483,"Chembur, Mumbai - MPCB",ME,CPCB,pm25,µg/m³,2025-02-18 20:15:00+00:00,2026-09-17 14:30:00+00:00,41587.0,01:00:00,2025-02-18 20:15:00+00:00,2026-09-17 14:30:00+00:00,200,575.7604166666666,True,True,True
12238576,3409511,"Shivaji Nagar, Mumbai - BMC",ME,CPCB,pm25,µg/m³,2025-02-18 20:15:00+00:00,2026-09-17 14:30:00+00:00,43910.0,01:00:00,2025-02-18 20:15:00+00:00,2026-09-17 14:30:00+00:00,200,575.7604166666666,True,True,True
12238603,3409514,"Ghatkopar, Mumbai - BMC",N,CPCB,pm25,µg/m³,2025-02-18 20:15:00+00:00,2026-09-17 14:30:00+00:00,43584.0,01:00:00,2025-02-18 20:15:00+00:00,2026-09-17 14:30:00+00:00,200,575.7604166666666,True,True,True
39454,11611,"Malad West, Mumbai - IITM",PN,CPCB,pm25,µg/m³,2020-11-13 12:15:00+00:00,2022-10-16 15:45:00+00:00,6287.0,01:00:00,2020-11-13 12:15:00+00:00,2022-10-16 15:45:00+00:00,200,702.1458333333334,False,False,False
12236426,11611,"Malad West, Mumbai - IITM",PN,CPCB,pm25,µg/m³,2025-02-18 20:15:00+00:00,2026-09-17 14:30:00+00:00,44564.0,01:00:00,2025-02-18 20:15:00+00:00,2026-09-17 14:30:00+00:00,200,575.7604166666666,True,True,True
12238348,3409479,"Mindspace-Malad West, Mumbai - MPCB",PN,CPCB,pm25,µg/m³,2025-02-18 20:15:00+00:00,2026-09-17 14:30:00+00:00,42880.0,01:00:00,2025-02-18 20:15:00+00:00,2026-09-17 14:30:00+00:00,200,575.7604166666666,True,True,True
20087,6965,"Borivali East, Mumbai - MPCB",RC,CPCB,pm25,µg/m³,2019-06-20 16:00:00+00:00,2022-10-31 02:00:00+00:00,15826.0,01:00:00,2019-06-20 16:00:00+00:00,2022-10-31 02:00:00+00:00,200,1228.4166666666667,False,False,False
39428,11606,"Borivali East, Mumbai - IITM",RC,CPCB,pm25,µg/m³,2020-11-13 12:30:00+00:00,2022-07-08 07:15:00+00:00,7646.0,01:00:00,2020-11-13 12:30:00+00:00,2022-07-08 07:15:00+00:00,200,601.78125,False,False,False
12236418,11606,"Borivali East, Mumbai - IITM",RC,CPCB,pm25,µg/m³,2025-02-18 20:15:00+00:00,2026-09-17 14:30:00+00:00,44117.0,01:00:00,2025-02-18 20:15:00+00:00,2026-09-17 14:30:00+00:00,200,575.7604166666666,True,True,True
12238585,3409512,"Kandivali West, Mumbai - BMC",RC,CPCB,pm25,µg/m³,2025-02-18 20:15:00+00:00,2026-09-17 14:30:00+00:00,33568.0,01:00:00,2025-02-18 20:15:00+00:00,2026-09-17 14:30:00+00:00,200,575.7604166666666,True,True,True
12252658,6965,"Borivali East, Mumbai - MPCB",RC,CPCB,pm25,µg/m³,2025-02-20 08:30:00+00:00,2026-09-17 14:30:00+00:00,33585.0,01:00:00,2025-02-20 08:30:00+00:00,2026-09-17 14:30:00+00:00,200,574.25,True,True,True
40650,12044,"Kandivali East, Mumbai - MPCB",RS,CPCB,pm25,µg/m³,2020-12-16 12:30:00+00:00,2022-10-16 15:45:00+00:00,6491.0,01:00:00,2020-12-16 12:30:00+00:00,2022-10-16 15:45:00+00:00,200,669.1354166666666,False,False,False
12236472,12044,"Kandivali East, Mumbai - MPCB",RS,CPCB,pm25,µg/m³,2025-02-18 20:15:00+00:00,2026-04-18 05:45:00+00:00,24858.0,01:00:00,2025-02-18 20:15:00+00:00,2026-04-18 05:45:00+00:00,200,423.3958333333333,True,True,True
20079,6956,"Powai, Mumbai - MPCB",S,CPCB,pm25,µg/m³,2019-06-18 23:15:00+00:00,2022-10-16 13:15:00+00:00,29418.0,01:00:00,2019-06-18 23:15:00+00:00,2022-10-16 13:15:00+00:00,200,1215.5833333333333,False,False,False
12235896,6956,"Powai, Mumbai - MPCB",S,CPCB,pm25,µg/m³,2025-02-18 20:15:00+00:00,2026-09-15 01:15:00+00:00,36238.0,01:00:00,2025-02-18 20:15:00+00:00,2026-09-15 01:15:00+00:00,200,573.2083333333334,True,True,True
40608,12039,"Khindipada-Bhandup West, Mumbai - IITM",T,CPCB,pm25,µg/m³,2020-12-16 12:45:00+00:00,2022-09-22 05:30:00+00:00,1425.0,01:00:00,2020-12-16 12:45:00+00:00,2022-09-22 05:30:00+00:00,200,644.6979166666666,False,False,False
40641,12040,"Mulund West, Mumbai - MPCB",T,CPCB,pm25,µg/m³,2020-12-16 12:30:00+00:00,2022-10-16 15:45:00+00:00,7017.0,01:00:00,2020-12-16 12:30:00+00:00,2022-10-16 15:45:00+00:00,200,669.1354166666666,False,False,False
12236394,12039,"Khindipada-Bhandup West, Mumbai - IITM",T,CPCB,pm25,µg/m³,2025-02-18 20:15:00+00:00,2026-09-17 14:30:00+00:00,20519.0,01:00:00,2025-02-18 20:15:00+00:00,2026-09-17 14:30:00+00:00,200,575.7604166666666,True,True,True
12236481,12040,"Mulund West, Mumbai - MPCB",T,CPCB,pm25,µg/m³,2025-02-18 20:15:00+00:00,2026-09-17 14:30:00+00:00,38476.0,01:00:00,2025-02-18 20:15:00+00:00,2026-09-17 14:30:00+00:00,200,575.7604166666666,True,True,True
12235927,6927,"Colaba, Mumbai - MPCB",A,CPCB,relativehumidity,%,2025-02-18 20:15:00+00:00,2026-03-06 07:15:00+00:00,958.0,01:00:00,2025-02-18 20:15:00+00:00,2026-03-06 07:15:00+00:00,200,380.4583333333333,True,True,True
12238568,3409510,"Byculla, Mumbai - BMC",E,CPCB,relativehumidity,%,2025-02-18 20:15:00+00:00,2026-09-17 14:30:00+00:00,42703.0,01:00:00,2025-02-18 20:15:00+00:00,2026-09-17 14:30:00+00:00,200,575.7604166666666,True,True,True
12243931,6967,"Sion, Mumbai - MPCB",FN,CPCB,relativehumidity,%,2025-02-19 09:30:00+00:00,2026-09-17 14:30:00+00:00,33900.0,01:00:00,2025-02-19 09:30:00+00:00,2026-09-17 14:30:00+00:00,200,575.2083333333334,True,True,True
12238595,3409513,"Sewri, Mumbai - BMC",FS,CPCB,relativehumidity,%,2025-02-18 20:45:00+00:00,2026-09-17 14:30:00+00:00,23650.0,01:00:00,2025-02-18 20:45:00+00:00,2026-09-17 14:30:00+00:00,200,575.7395833333334,True,True,True
12235915,3409323,"Worli, Mumbai - MPCB",GS,CPCB,relativehumidity,%,2025-02-18 20:15:00+00:00,2026-09-17 14:30:00+00:00,31823.0,01:00:00,2025-02-18 20:15:00+00:00,2026-09-17 14:30:00+00:00,200,575.7604166666666,True,True,True
12236436,6959,"Siddharth Nagar-Worli, Mumbai - IITM",GS,CPCB,relativehumidity,%,2025-02-18 20:15:00+00:00,2026-06-26 07:15:00+00:00,32480.0,01:00:00,2025-02-18 20:15:00+00:00,2026-06-26 07:15:00+00:00,200,492.4583333333333,True,True,True
12238376,3409482,"Bandra Kurla Complex, Mumbai - MPCB",HE,CPCB,relativehumidity,%,2025-02-18 20:15:00+00:00,2026-09-17 14:30:00+00:00,41754.0,01:00:00,2025-02-18 20:15:00+00:00,2026-09-17 14:30:00+00:00,200,575.7604166666666,True,True,True
12238412,3409486,"Kherwadi_Bandra East, Mumbai - MPCB",HE,CPCB,relativehumidity,%,2025-02-18 20:15:00+00:00,2026-09-17 14:30:00+00:00,42801.0,01:00:00,2025-02-18 20:15:00+00:00,2026-09-17 14:30:00+00:00,200,575.7604166666666,True,True,True
12708247,3409328,"Bandra Kurla Complex, Mumbai - IITM",HE,CPCB,relativehumidity,%,2025-04-07 13:00:00+00:00,2026-01-27 18:00:00+00:00,5808.0,01:00:00,2025-04-07 13:00:00+00:00,2026-01-27 18:00:00+00:00,200,295.2083333333333,True,True,True
12235861,6948,"Chhatrapati Shivaji Intl. Airport (T2), Mumbai - MPCB",KE,CPCB,relativehumidity,%,2025-02-18 20:15:00+00:00,2026-02-21 04:00:00+00:00,24500.0,01:00:00,2025-02-18 20:15:00+00:00,2026-02-21 04:00:00+00:00,200,367.3229166666667,True,True,True
12236410,12024,"Chakala-Andheri East, Mumbai - IITM",KE,CPCB,relativehumidity,%,2025-02-18 20:15:00+00:00,2026-06-16 07:30:00+00:00,31352.0,01:00:00,2025-02-18 20:15:00+00:00,2026-06-16 07:30:00+00:00,200,482.46875,True,True,True
12235852,6987,"Vile Parle West, Mumbai - MPCB",KW,CPCB,relativehumidity,%,2025-02-18 20:15:00+00:00,2026-01-10 12:15:00+00:00,19156.0,01:00:00,2025-02-18 20:15:00+00:00,2026-01-10 12:15:00+00:00,200,325.6666666666667,True,True,True
12235835,6945,"Kurla, Mumbai - MPCB",L,CPCB,relativehumidity,%,2025-02-18 20:15:00+00:00,2026-09-17 14:30:00+00:00,38376.0,01:00:00,2025-02-18 20:15:00+00:00,2026-09-17 14:30:00+00:00,200,575.7604166666666,True,True,True
12236386,3409329,"Deonar, Mumbai - IITM",ME,CPCB,relativehumidity,%,2025-02-18 20:15:00+00:00,2026-06-26 07:30:00+00:00,19358.0,01:00:00,2025-02-18 20:15:00+00:00,2026-06-26 07:30:00+00:00,200,492.46875,True,True,True
12238385,3409483,"Chembur, Mumbai - MPCB",ME,CPCB,relativehumidity,%,2025-02-18 20:15:00+00:00,2026-09-17 14:30:00+00:00,41017.0,01:00:00,2025-02-18 20:15:00+00:00,2026-09-17 14:30:00+00:00,200,575.7604166666666,True,True,True
12238577,3409511,"Shivaji Nagar, Mumbai - BMC",ME,CPCB,relativehumidity,%,2025-02-18 20:15:00+00:00,2026-09-17 14:30:00+00:00,43247.0,01:00:00,2025-02-18 20:15:00+00:00,2026-09-17 14:30:00+00:00,200,575.7604166666666,True,True,True
12238604,3409514,"Ghatkopar, Mumbai - BMC",N,CPCB,relativehumidity,%,2025-02-18 20:15:00+00:00,2026-09-17 14:30:00+00:00,43597.0,01:00:00,2025-02-18 20:15:00+00:00,2026-09-17 14:30:00+00:00,200,575.7604166666666,True,True,True
12236427,11611,"Malad West, Mumbai - IITM",PN,CPCB,relativehumidity,%,2025-02-18 20:15:00+00:00,2026-03-07 15:15:00+00:00,14494.0,01:00:00,2025-02-18 20:15:00+00:00,2026-03-07 15:15:00+00:00,200,381.7916666666667,True,True,True
12238349,3409479,"Mindspace-Malad West, Mumbai - MPCB",PN,CPCB,relativehumidity,%,2025-02-18 20:15:00+00:00,2026-09-17 14:30:00+00:00,42810.0,01:00:00,2025-02-18 20:15:00+00:00,2026-09-17 14:30:00+00:00,200,575.7604166666666,True,True,True
12236419,11606,"Borivali East, Mumbai - IITM",RC,CPCB,relativehumidity,%,2025-02-18 20:15:00+00:00,2026-02-13 09:00:00+00:00,16205.0,01:00:00,2025-02-18 20:15:00+00:00,2026-02-13 09:00:00+00:00,200,359.53125,True,True,True
12238586,3409512,"Kandivali West, Mumbai - BMC",RC,CPCB,relativehumidity,%,2025-02-18 20:15:00+00:00,2026-09-17 14:30:00+00:00,32057.0,01:00:00,2025-02-18 20:15:00+00:00,2026-09-17 14:30:00+00:00,200,575.7604166666666,True,True,True
12252659,6965,"Borivali East, Mumbai - MPCB",RC,CPCB,relativehumidity,%,2025-02-20 08:30:00+00:00,2026-08-14 07:15:00+00:00,16512.0,01:00:00,2025-02-20 08:30:00+00:00,2026-08-14 07:15:00+00:00,200,539.9479166666666,True,True,True
12236473,12044,"Kandivali East, Mumbai - MPCB",RS,CPCB,relativehumidity,%,2025-02-18 20:15:00+00:00,2026-04-03 07:00:00+00:00,17119.0,01:00:00,2025-02-18 20:15:00+00:00,2026-04-03 07:00:00+00:00,200,408.4479166666667,True,True,True
12235897,6956,"Powai, Mumbai - MPCB",S,CPCB,relativehumidity,%,2025-02-18 20:15:00+00:00,2026-08-19 19:15:00+00:00,35539.0,01:00:00,2025-02-18 20:15:00+00:00,2026-08-19 19:15:00+00:00,200,546.9583333333334,True,True,True
12236395,12039,"Khindipada-Bhandup West, Mumbai - IITM",T,CPCB,relativehumidity,%,2025-02-18 20:15:00+00:00,2026-09-17 14:30:00+00:00,37590.0,01:00:00,2025-02-18 20:15:00+00:00,2026-09-17 14:30:00+00:00,200,575.7604166666666,True,True,True
12236482,12040,"Mulund West, Mumbai - MPCB",T,CPCB,relativehumidity,%,2025-02-18 20:15:00+00:00,2026-09-17 14:30:00+00:00,18071.0,01:00:00,2025-02-18 20:15:00+00:00,2026-09-17 14:30:00+00:00,200,575.7604166666666,True,True,True
20144,6927,"Colaba, Mumbai - MPCB",A,CPCB,so2,µg/m³,2019-06-28 05:30:00+00:00,2022-10-31 01:45:00+00:00,22450.0,01:00:00,2019-06-28 05:30:00+00:00,2022-10-31 01:45:00+00:00,200,1220.84375,False,False,False
12235928,6927,"Colaba, Mumbai - MPCB",A,CPCB,so2,ppb,2025-02-18 20:15:00+00:00,2026-05-30 06:15:00+00:00,5439.0,01:00:00,2025-02-18 20:15:00+00:00,2026-05-30 06:15:00+00:00,200,465.4166666666667,True,True,True
12238569,3409510,"Byculla, Mumbai - BMC",E,CPCB,so2,ppb,2025-02-18 20:15:00+00:00,2026-09-17 14:15:00+00:00,42155.0,01:00:00,2025-02-18 20:15:00+00:00,2026-09-17 14:15:00+00:00,200,575.75,True,True,True
20095,6967,"Sion, Mumbai - MPCB",FN,CPCB,so2,µg/m³,2019-06-27 05:15:00+00:00,2022-10-31 01:45:00+00:00,25860.0,01:00:00,2019-06-27 05:15:00+00:00,2022-10-31 01:45:00+00:00,200,1221.8541666666667,False,False,False
12243932,6967,"Sion, Mumbai - MPCB",FN,CPCB,so2,ppb,2025-02-19 09:30:00+00:00,2026-09-17 14:30:00+00:00,31661.0,01:00:00,2025-02-19 09:30:00+00:00,2026-09-17 14:30:00+00:00,200,575.2083333333334,True,True,True
12238596,3409513,"Sewri, Mumbai - BMC",FS,CPCB,so2,ppb,2025-02-18 20:45:00+00:00,2026-09-17 14:30:00+00:00,23096.0,01:00:00,2025-02-18 20:45:00+00:00,2026-09-17 14:30:00+00:00,200,575.7395833333334,True,True,True
20034,6959,"Siddharth Nagar-Worli, Mumbai - IITM",GS,CPCB,so2,µg/m³,2019-06-20 12:00:00+00:00,2022-10-31 02:00:00+00:00,24985.0,01:00:00,2019-06-20 12:00:00+00:00,2022-10-31 02:00:00+00:00,200,1228.5833333333333,False,False,False
12235916,3409323,"Worli, Mumbai - MPCB",GS,CPCB,so2,ppb,2025-02-18 20:15:00+00:00,2026-09-17 13:30:00+00:00,33230.0,01:00:00,2025-02-18 20:15:00+00:00,2026-09-17 13:30:00+00:00,200,575.71875,True,True,True
36446,7850,"Bandra, Mumbai - MPCB",HE,caaqm,so2,µg/m³,2020-01-09 00:15:00+00:00,2021-12-24 04:45:00+00:00,16007.0,00:15:00,2020-01-09 00:15:00+00:00,2021-12-24 04:45:00+00:00,200,715.1875,False,False,False
39407,11602,"Bandra Kurla Complex, Mumbai - IITM",HE,caaqm,so2,µg/m³,2020-11-13 12:15:00+00:00,2022-10-16 15:45:00+00:00,7482.0,00:15:00,2020-11-13 12:15:00+00:00,2022-10-16 15:45:00+00:00,200,702.1458333333334,False,False,False
12238377,3409482,"Bandra Kurla Complex, Mumbai - MPCB",HE,CPCB,so2,ppb,2025-02-18 20:15:00+00:00,2026-09-17 14:30:00+00:00,41547.0,01:00:00,2025-02-18 20:15:00+00:00,2026-09-17 14:30:00+00:00,200,575.7604166666666,True,True,True
12238413,3409486,"Kherwadi_Bandra East, Mumbai - MPCB",HE,CPCB,so2,ppb,2025-02-18 20:15:00+00:00,2026-09-17 14:30:00+00:00,42528.0,01:00:00,2025-02-18 20:15:00+00:00,2026-09-17 14:30:00+00:00,200,575.7604166666666,True,True,True
12708248,3409328,"Bandra Kurla Complex, Mumbai - IITM",HE,CPCB,so2,ppb,2025-04-07 13:00:00+00:00,2026-09-17 14:30:00+00:00,29379.0,01:00:00,2025-04-07 13:00:00+00:00,2026-09-17 14:30:00+00:00,200,528.0625,True,True,True
19982,6948,"Chhatrapati Shivaji Intl. Airport (T2), Mumbai - MPCB",KE,CPCB,so2,µg/m³,2019-06-18 23:15:00+00:00,2022-10-31 01:45:00+00:00,27600.0,01:00:00,2019-06-18 23:15:00+00:00,2022-10-31 01:45:00+00:00,200,1230.1041666666667,False,False,False
40573,12024,"Chakala-Andheri East, Mumbai - IITM",KE,CPCB,so2,µg/m³,2020-12-08 09:00:00+00:00,2022-10-16 13:00:00+00:00,7382.0,01:00:00,2020-12-08 09:00:00+00:00,2022-10-16 13:00:00+00:00,200,677.1666666666666,False,False,False
12235862,6948,"Chhatrapati Shivaji Intl. Airport (T2), Mumbai - MPCB",KE,CPCB,so2,ppb,2025-02-18 20:15:00+00:00,2026-09-17 14:30:00+00:00,38253.0,01:00:00,2025-02-18 20:15:00+00:00,2026-09-17 14:30:00+00:00,200,575.7604166666666,True,True,True
12236411,12024,"Chakala-Andheri East, Mumbai - IITM",KE,CPCB,so2,ppb,2025-02-18 20:15:00+00:00,2026-09-17 14:30:00+00:00,42364.0,01:00:00,2025-02-18 20:15:00+00:00,2026-09-17 14:30:00+00:00,200,575.7604166666666,True,True,True
20254,6987,"Vile Parle West, Mumbai - MPCB",KW,CPCB,so2,µg/m³,2019-06-18 23:00:00+00:00,2022-10-31 01:45:00+00:00,26702.0,01:00:00,2019-06-18 23:00:00+00:00,2022-10-31 01:45:00+00:00,200,1230.1145833333333,False,False,False
12235853,6987,"Vile Parle West, Mumbai - MPCB",KW,CPCB,so2,ppb,2025-02-18 20:15:00+00:00,2026-05-30 09:30:00+00:00,30717.0,01:00:00,2025-02-18 20:15:00+00:00,2026-05-30 09:30:00+00:00,200,465.5520833333333,True,True,True
19987,6945,"Kurla, Mumbai - MPCB",L,CPCB,so2,µg/m³,2019-06-19 00:00:00+00:00,2022-10-31 02:00:00+00:00,25076.0,01:00:00,2019-06-19 00:00:00+00:00,2022-10-31 02:00:00+00:00,200,1230.0833333333333,False,False,False
12289836,6945,"Kurla, Mumbai - MPCB",L,CPCB,so2,ppb,2025-02-24 02:30:00+00:00,2026-09-17 14:30:00+00:00,35515.0,01:00:00,2025-02-24 02:30:00+00:00,2026-09-17 14:30:00+00:00,200,570.5,True,True,True
39419,11604,"Deonar, Mumbai - IITM",ME,caaqm,so2,µg/m³,2020-11-13 12:15:00+00:00,2022-10-16 15:45:00+00:00,7719.0,00:15:00,2020-11-13 12:15:00+00:00,2022-10-16 15:45:00+00:00,200,702.1458333333334,False,False,False
12236387,3409329,"Deonar, Mumbai - IITM",ME,CPCB,so2,ppb,2025-02-18 20:30:00+00:00,2026-09-17 14:30:00+00:00,36816.0,01:00:00,2025-02-18 20:30:00+00:00,2026-09-17 14:30:00+00:00,200,575.75,True,True,True
12238386,3409483,"Chembur, Mumbai - MPCB",ME,CPCB,so2,ppb,2025-02-18 20:15:00+00:00,2026-09-17 14:30:00+00:00,41138.0,01:00:00,2025-02-18 20:15:00+00:00,2026-09-17 14:30:00+00:00,200,575.7604166666666,True,True,True
12238578,3409511,"Shivaji Nagar, Mumbai - BMC",ME,CPCB,so2,ppb,2025-02-18 20:15:00+00:00,2026-09-17 14:30:00+00:00,41383.0,01:00:00,2025-02-18 20:15:00+00:00,2026-09-17 14:30:00+00:00,200,575.7604166666666,True,True,True
12238605,3409514,"Ghatkopar, Mumbai - BMC",N,CPCB,so2,ppb,2025-02-18 20:15:00+00:00,2026-09-17 14:30:00+00:00,42770.0,01:00:00,2025-02-18 20:15:00+00:00,2026-09-17 14:30:00+00:00,200,575.7604166666666,True,True,True
39457,11611,"Malad West, Mumbai - IITM",PN,CPCB,so2,µg/m³,2020-11-13 12:15:00+00:00,2022-10-16 15:45:00+00:00,6292.0,01:00:00,2020-11-13 12:15:00+00:00,2022-10-16 15:45:00+00:00,200,702.1458333333334,False,False,False
12236428,11611,"Malad West, Mumbai - IITM",PN,CPCB,so2,ppb,2025-02-18 20:15:00+00:00,2026-09-17 14:30:00+00:00,44164.0,01:00:00,2025-02-18 20:15:00+00:00,2026-09-17 14:30:00+00:00,200,575.7604166666666,True,True,True
12238350,3409479,"Mindspace-Malad West, Mumbai - MPCB",PN,CPCB,so2,ppb,2025-02-18 20:15:00+00:00,2026-09-17 14:30:00+00:00,42526.0,01:00:00,2025-02-18 20:15:00+00:00,2026-09-17 14:30:00+00:00,200,575.7604166666666,True,True,True
20090,6965,"Borivali East, Mumbai - MPCB",RC,CPCB,so2,µg/m³,2019-06-20 16:00:00+00:00,2022-10-31 02:00:00+00:00,13846.0,01:00:00,2019-06-20 16:00:00+00:00,2022-10-31 02:00:00+00:00,200,1228.4166666666667,False,False,False
12238587,3409512,"Kandivali West, Mumbai - BMC",RC,CPCB,so2,ppb,2025-02-18 20:15:00+00:00,2026-09-17 14:30:00+00:00,30819.0,01:00:00,2025-02-18 20:15:00+00:00,2026-09-17 14:30:00+00:00,200,575.7604166666666,True,True,True
12252660,6965,"Borivali East, Mumbai - MPCB",RC,CPCB,so2,ppb,2025-02-20 08:30:00+00:00,2026-09-17 14:30:00+00:00,31570.0,01:00:00,2025-02-20 08:30:00+00:00,2026-09-17 14:30:00+00:00,200,574.25,True,True,True
40620,12044,"Kandivali East, Mumbai - MPCB",RS,CPCB,so2,µg/m³,2020-12-16 12:30:00+00:00,2022-10-16 15:45:00+00:00,5907.0,01:00:00,2020-12-16 12:30:00+00:00,2022-10-16 15:45:00+00:00,200,669.1354166666666,False,False,False
12236474,12044,"Kandivali East, Mumbai - MPCB",RS,CPCB,so2,ppb,2025-02-18 20:15:00+00:00,2026-04-16 00:15:00+00:00,11007.0,01:00:00,2025-02-18 20:15:00+00:00,2026-04-16 00:15:00+00:00,200,421.1666666666667,True,True,True
20101,6956,"Powai, Mumbai - MPCB",S,CPCB,so2,µg/m³,2019-06-18 23:15:00+00:00,2022-10-16 13:15:00+00:00,23685.0,01:00:00,2019-06-18 23:15:00+00:00,2022-10-16 13:15:00+00:00,200,1215.5833333333333,False,False,False
12235898,6956,"Powai, Mumbai - MPCB",S,CPCB,so2,ppb,2025-02-18 20:15:00+00:00,2026-09-17 14:30:00+00:00,35250.0,01:00:00,2025-02-18 20:15:00+00:00,2026-09-17 14:30:00+00:00,200,575.7604166666666,True,True,True
40617,12039,"Khindipada-Bhandup West, Mumbai - IITM",T,CPCB,so2,µg/m³,2020-12-16 12:45:00+00:00,2022-09-22 05:30:00+00:00,1425.0,01:00:00,2020-12-16 12:45:00+00:00,2022-09-22 05:30:00+00:00,200,644.6979166666666,False,False,False
40640,12040,"Mulund West, Mumbai - MPCB",T,CPCB,so2,µg/m³,2020-12-16 12:30:00+00:00,2022-10-16 15:45:00+00:00,6089.0,01:00:00,2020-12-16 12:30:00+00:00,2022-10-16 15:45:00+00:00,200,669.1354166666666,False,False,False
12236396,12039,"Khindipada-Bhandup West, Mumbai - IITM",T,CPCB,so2,ppb,2025-02-18 20:15:00+00:00,2026-09-17 14:30:00+00:00,40294.0,01:00:00,2025-02-18 20:15:00+00:00,2026-09-17 14:30:00+00:00,200,575.7604166666666,True,True,True
12236483,12040,"Mulund West, Mumbai - MPCB",T,CPCB,so2,ppb,2025-02-18 20:15:00+00:00,2026-09-17 14:30:00+00:00,4905.0,01:00:00,2025-02-18 20:15:00+00:00,2026-09-17 14:30:00+00:00,200,575.7604166666666,True,True,True
12235929,6927,"Colaba, Mumbai - MPCB",A,CPCB,temperature,c,2025-02-18 20:15:00+00:00,2026-03-06 07:15:00+00:00,958.0,01:00:00,2025-02-18 20:15:00+00:00,2026-03-06 07:15:00+00:00,200,380.4583333333333,True,True,True
12238570,3409510,"Byculla, Mumbai - BMC",E,CPCB,temperature,c,2025-02-18 20:15:00+00:00,2026-09-17 14:30:00+00:00,42788.0,01:00:00,2025-02-18 20:15:00+00:00,2026-09-17 14:30:00+00:00,200,575.7604166666666,True,True,True
12243933,6967,"Sion, Mumbai - MPCB",FN,CPCB,temperature,c,2025-02-19 09:30:00+00:00,2026-09-17 14:30:00+00:00,33902.0,01:00:00,2025-02-19 09:30:00+00:00,2026-09-17 14:30:00+00:00,200,575.2083333333334,True,True,True
12238597,3409513,"Sewri, Mumbai - BMC",FS,CPCB,temperature,c,2025-02-18 20:45:00+00:00,2026-09-17 14:30:00+00:00,23970.0,01:00:00,2025-02-18 20:45:00+00:00,2026-09-17 14:30:00+00:00,200,575.7395833333334,True,True,True
12235917,3409323,"Worli, Mumbai - MPCB",GS,CPCB,temperature,c,2025-02-18 20:15:00+00:00,2026-09-17 14:30:00+00:00,34314.0,01:00:00,2025-02-18 20:15:00+00:00,2026-09-17 14:30:00+00:00,200,575.7604166666666,True,True,True
12236437,6959,"Siddharth Nagar-Worli, Mumbai - IITM",GS,CPCB,temperature,c,2025-02-18 20:15:00+00:00,2026-06-26 07:15:00+00:00,32477.0,01:00:00,2025-02-18 20:15:00+00:00,2026-06-26 07:15:00+00:00,200,492.4583333333333,True,True,True
12238378,3409482,"Bandra Kurla Complex, Mumbai - MPCB",HE,CPCB,temperature,c,2025-02-18 20:15:00+00:00,2026-09-17 14:30:00+00:00,40669.0,01:00:00,2025-02-18 20:15:00+00:00,2026-09-17 14:30:00+00:00,200,575.7604166666666,True,True,True
12238414,3409486,"Kherwadi_Bandra East, Mumbai - MPCB",HE,CPCB,temperature,c,2025-02-18 20:15:00+00:00,2026-09-17 14:30:00+00:00,42855.0,01:00:00,2025-02-18 20:15:00+00:00,2026-09-17 14:30:00+00:00,200,575.7604166666666,True,True,True
12708249,3409328,"Bandra Kurla Complex, Mumbai - IITM",HE,CPCB,temperature,c,2025-04-07 13:00:00+00:00,2026-01-27 18:00:00+00:00,5809.0,01:00:00,2025-04-07 13:00:00+00:00,2026-01-27 18:00:00+00:00,200,295.2083333333333,True,True,True
12235863,6948,"Chhatrapati Shivaji Intl. Airport (T2), Mumbai - MPCB",KE,CPCB,temperature,c,2025-02-18 20:15:00+00:00,2026-02-21 04:00:00+00:00,24500.0,01:00:00,2025-02-18 20:15:00+00:00,2026-02-21 04:00:00+00:00,200,367.3229166666667,True,True,True
12236412,12024,"Chakala-Andheri East, Mumbai - IITM",KE,CPCB,temperature,c,2025-02-18 20:15:00+00:00,2026-06-16 07:30:00+00:00,31375.0,01:00:00,2025-02-18 20:15:00+00:00,2026-06-16 07:30:00+00:00,200,482.46875,True,True,True
12235854,6987,"Vile Parle West, Mumbai - MPCB",KW,CPCB,temperature,c,2025-02-18 20:15:00+00:00,2026-01-10 12:15:00+00:00,19156.0,01:00:00,2025-02-18 20:15:00+00:00,2026-01-10 12:15:00+00:00,200,325.6666666666667,True,True,True
12235836,6945,"Kurla, Mumbai - MPCB",L,CPCB,temperature,c,2025-02-18 20:15:00+00:00,2026-09-17 14:30:00+00:00,38373.0,01:00:00,2025-02-18 20:15:00+00:00,2026-09-17 14:30:00+00:00,200,575.7604166666666,True,True,True
12236388,3409329,"Deonar, Mumbai - IITM",ME,CPCB,temperature,c,2025-02-18 20:15:00+00:00,2026-06-26 07:30:00+00:00,19403.0,01:00:00,2025-02-18 20:15:00+00:00,2026-06-26 07:30:00+00:00,200,492.46875,True,True,True
12238387,3409483,"Chembur, Mumbai - MPCB",ME,CPCB,temperature,c,2025-02-18 20:15:00+00:00,2026-09-17 14:30:00+00:00,39876.0,01:00:00,2025-02-18 20:15:00+00:00,2026-09-17 14:30:00+00:00,200,575.7604166666666,True,True,True
12238579,3409511,"Shivaji Nagar, Mumbai - BMC",ME,CPCB,temperature,c,2025-02-18 20:15:00+00:00,2026-09-17 14:30:00+00:00,43390.0,01:00:00,2025-02-18 20:15:00+00:00,2026-09-17 14:30:00+00:00,200,575.7604166666666,True,True,True
12238606,3409514,"Ghatkopar, Mumbai - BMC",N,CPCB,temperature,c,2025-02-18 20:15:00+00:00,2026-09-17 14:30:00+00:00,43172.0,01:00:00,2025-02-18 20:15:00+00:00,2026-09-17 14:30:00+00:00,200,575.7604166666666,True,True,True
12236429,11611,"Malad West, Mumbai - IITM",PN,CPCB,temperature,c,2025-02-18 20:15:00+00:00,2026-03-07 15:15:00+00:00,14500.0,01:00:00,2025-02-18 20:15:00+00:00,2026-03-07 15:15:00+00:00,200,381.7916666666667,True,True,True
12238351,3409479,"Mindspace-Malad West, Mumbai - MPCB",PN,CPCB,temperature,c,2025-02-18 20:15:00+00:00,2026-09-17 14:30:00+00:00,42900.0,01:00:00,2025-02-18 20:15:00+00:00,2026-09-17 14:30:00+00:00,200,575.7604166666666,True,True,True
12236420,11606,"Borivali East, Mumbai - IITM",RC,CPCB,temperature,c,2025-02-18 20:15:00+00:00,2026-02-13 09:00:00+00:00,16208.0,01:00:00,2025-02-18 20:15:00+00:00,2026-02-13 09:00:00+00:00,200,359.53125,True,True,True
12238588,3409512,"Kandivali West, Mumbai - BMC",RC,CPCB,temperature,c,2025-02-18 20:15:00+00:00,2026-09-17 14:30:00+00:00,32411.0,01:00:00,2025-02-18 20:15:00+00:00,2026-09-17 14:30:00+00:00,200,575.7604166666666,True,True,True
12252661,6965,"Borivali East, Mumbai - MPCB",RC,CPCB,temperature,c,2025-02-20 08:30:00+00:00,2026-08-22 05:00:00+00:00,19693.0,01:00:00,2025-02-20 08:30:00+00:00,2026-08-22 05:00:00+00:00,200,547.8541666666666,True,True,True
12236475,12044,"Kandivali East, Mumbai - MPCB",RS,CPCB,temperature,c,2025-02-18 20:15:00+00:00,2026-04-03 07:00:00+00:00,17119.0,01:00:00,2025-02-18 20:15:00+00:00,2026-04-03 07:00:00+00:00,200,408.4479166666667,True,True,True
12235899,6956,"Powai, Mumbai - MPCB",S,CPCB,temperature,c,2025-02-18 20:15:00+00:00,2026-08-19 19:15:00+00:00,35539.0,01:00:00,2025-02-18 20:15:00+00:00,2026-08-19 19:15:00+00:00,200,546.9583333333334,True,True,True
12236397,12039,"Khindipada-Bhandup West, Mumbai - IITM",T,CPCB,temperature,c,2025-02-18 20:15:00+00:00,2026-09-17 14:30:00+00:00,37599.0,01:00:00,2025-02-18 20:15:00+00:00,2026-09-17 14:30:00+00:00,200,575.7604166666666,True,True,True
12236484,12040,"Mulund West, Mumbai - MPCB",T,CPCB,temperature,c,2025-02-18 20:15:00+00:00,2026-09-17 14:30:00+00:00,18071.0,01:00:00,2025-02-18 20:15:00+00:00,2026-09-17 14:30:00+00:00,200,575.7604166666666,True,True,True
14341961,6927,"Colaba, Mumbai - MPCB",A,CPCB,wind_direction,deg,2025-10-12 05:00:00+00:00,2026-03-06 07:15:00+00:00,9.0,01:00:00,2025-10-12 05:00:00+00:00,2026-03-06 07:15:00+00:00,200,145.09375,True,True,True
14341640,3409510,"Byculla, Mumbai - BMC",E,CPCB,wind_direction,deg,2025-10-10 18:15:00+00:00,2026-09-17 14:30:00+00:00,24272.0,01:00:00,2025-10-10 18:15:00+00:00,2026-09-17 14:30:00+00:00,200,341.84375,True,True,True
14340939,6967,"Sion, Mumbai - MPCB",FN,CPCB,wind_direction,deg,2025-10-10 18:15:00+00:00,2026-09-17 14:30:00+00:00,23101.0,01:00:00,2025-10-10 18:15:00+00:00,2026-09-17 14:30:00+00:00,200,341.84375,True,True,True
14342265,3409513,"Sewri, Mumbai - BMC",FS,CPCB,wind_direction,deg,2025-10-10 20:30:00+00:00,2026-09-17 14:30:00+00:00,16382.0,01:00:00,2025-10-10 20:30:00+00:00,2026-09-17 14:30:00+00:00,200,341.75,True,True,True
14341955,3409323,"Worli, Mumbai - MPCB",GS,CPCB,wind_direction,deg,2025-10-11 06:15:00+00:00,2026-09-17 14:30:00+00:00,21337.0,01:00:00,2025-10-11 06:15:00+00:00,2026-09-17 14:30:00+00:00,200,341.34375,True,True,True
14342066,6959,"Siddharth Nagar-Worli, Mumbai - IITM",GS,CPCB,wind_direction,deg,2025-10-10 20:15:00+00:00,2026-06-26 07:15:00+00:00,14559.0,01:00:00,2025-10-10 20:15:00+00:00,2026-06-26 07:15:00+00:00,200,258.4583333333333,True,True,True
14341574,3409482,"Bandra Kurla Complex, Mumbai - MPCB",HE,CPCB,wind_direction,deg,2025-10-10 18:15:00+00:00,2026-09-17 14:30:00+00:00,23829.0,01:00:00,2025-10-10 18:15:00+00:00,2026-09-17 14:30:00+00:00,200,341.84375,True,True,True
14341586,3409486,"Kherwadi_Bandra East, Mumbai - MPCB",HE,CPCB,wind_direction,deg,2025-10-10 18:15:00+00:00,2026-09-17 14:30:00+00:00,24395.0,01:00:00,2025-10-10 18:15:00+00:00,2026-09-17 14:30:00+00:00,200,341.84375,True,True,True
14342048,3409328,"Bandra Kurla Complex, Mumbai - IITM",HE,CPCB,wind_direction,deg,2025-10-11 19:15:00+00:00,2026-01-27 18:00:00+00:00,915.0,01:00:00,2025-10-11 19:15:00+00:00,2026-01-27 18:00:00+00:00,200,107.94791666666667,True,True,True
14340929,6948,"Chhatrapati Shivaji Intl. Airport (T2), Mumbai - MPCB",KE,CPCB,wind_direction,deg,2025-10-10 18:15:00+00:00,2026-02-21 04:00:00+00:00,7317.0,01:00:00,2025-10-10 18:15:00+00:00,2026-02-21 04:00:00+00:00,200,133.40625,True,True,True
14341018,12024,"Chakala-Andheri East, Mumbai - IITM",KE,CPCB,wind_direction,deg,2025-10-10 18:15:00+00:00,2026-06-16 07:30:00+00:00,13498.0,01:00:00,2025-10-10 18:15:00+00:00,2026-06-16 07:30:00+00:00,200,248.55208333333334,True,True,True
14340926,6987,"Vile Parle West, Mumbai - MPCB",KW,CPCB,wind_direction,deg,2025-10-10 18:15:00+00:00,2026-01-10 12:15:00+00:00,6447.0,01:00:00,2025-10-10 18:15:00+00:00,2026-01-10 12:15:00+00:00,200,91.75,True,True,True
14340923,6945,"Kurla, Mumbai - MPCB",L,CPCB,wind_direction,deg,2025-10-10 18:15:00+00:00,2026-09-17 14:30:00+00:00,21429.0,01:00:00,2025-10-10 18:15:00+00:00,2026-09-17 14:30:00+00:00,200,341.84375,True,True,True
14341012,3409329,"Deonar, Mumbai - IITM",ME,CPCB,wind_direction,deg,2025-10-10 18:15:00+00:00,2026-06-26 07:30:00+00:00,9981.0,01:00:00,2025-10-10 18:15:00+00:00,2026-06-26 07:30:00+00:00,200,258.5520833333333,True,True,True
14341577,3409483,"Chembur, Mumbai - MPCB",ME,CPCB,wind_direction,deg,2025-10-10 18:15:00+00:00,2026-09-17 14:30:00+00:00,23506.0,01:00:00,2025-10-10 18:15:00+00:00,2026-09-17 14:30:00+00:00,200,341.84375,True,True,True
14341643,3409511,"Shivaji Nagar, Mumbai - BMC",ME,CPCB,wind_direction,deg,2025-10-10 18:15:00+00:00,2026-09-17 14:30:00+00:00,24849.0,01:00:00,2025-10-10 18:15:00+00:00,2026-09-17 14:30:00+00:00,200,341.84375,True,True,True
14341646,3409514,"Ghatkopar, Mumbai - BMC",N,CPCB,wind_direction,deg,2025-10-10 18:15:00+00:00,2026-09-17 14:30:00+00:00,25411.0,01:00:00,2025-10-10 18:15:00+00:00,2026-09-17 14:30:00+00:00,200,341.84375,True,True,True
14341565,3409479,"Mindspace-Malad West, Mumbai - MPCB",PN,CPCB,wind_direction,deg,2025-10-10 18:15:00+00:00,2026-09-17 14:30:00+00:00,23601.0,01:00:00,2025-10-10 18:15:00+00:00,2026-09-17 14:30:00+00:00,200,341.84375,True,True,True
14342063,11611,"Malad West, Mumbai - IITM",PN,CPCB,wind_direction,deg,2025-10-14 06:45:00+00:00,2026-03-07 15:15:00+00:00,66.0,01:00:00,2025-10-14 06:45:00+00:00,2026-03-07 15:15:00+00:00,200,144.35416666666666,True,True,True
14341950,6965,"Borivali East, Mumbai - MPCB",RC,CPCB,wind_direction,deg,2025-12-09 07:45:00+00:00,2026-08-14 07:15:00+00:00,10236.0,01:00:00,2025-12-09 07:45:00+00:00,2026-08-14 07:15:00+00:00,200,247.97916666666666,True,True,True
14342059,11606,"Borivali East, Mumbai - IITM",RC,CPCB,wind_direction,deg,2025-10-14 10:30:00+00:00,2026-02-13 09:00:00+00:00,191.0,01:00:00,2025-10-14 10:30:00+00:00,2026-02-13 09:00:00+00:00,200,121.9375,True,True,True
14342262,3409512,"Kandivali West, Mumbai - BMC",RC,CPCB,wind_direction,deg,2025-10-10 20:15:00+00:00,2026-09-17 14:30:00+00:00,16521.0,01:00:00,2025-10-10 20:15:00+00:00,2026-09-17 14:30:00+00:00,200,341.7604166666667,True,True,True
14342080,12044,"Kandivali East, Mumbai - MPCB",RS,CPCB,wind_direction,deg,2025-10-10 20:45:00+00:00,2026-04-03 07:00:00+00:00,7854.0,01:00:00,2025-10-10 20:45:00+00:00,2026-04-03 07:00:00+00:00,200,174.42708333333334,True,True,True
14340935,6956,"Powai, Mumbai - MPCB",S,CPCB,wind_direction,deg,2025-10-10 18:15:00+00:00,2026-08-19 19:15:00+00:00,19701.0,01:00:00,2025-10-10 18:15:00+00:00,2026-08-19 19:15:00+00:00,200,313.0416666666667,True,True,True
14342057,12039,"Khindipada-Bhandup West, Mumbai - IITM",T,CPCB,wind_direction,deg,2025-10-14 06:45:00+00:00,2026-04-22 18:00:00+00:00,196.0,01:00:00,2025-10-14 06:45:00+00:00,2026-04-22 18:00:00+00:00,200,190.46875,True,True,True
14342083,12040,"Mulund West, Mumbai - MPCB",T,CPCB,wind_direction,deg,2025-10-10 20:30:00+00:00,2026-09-17 14:30:00+00:00,9696.0,01:00:00,2025-10-10 20:30:00+00:00,2026-09-17 14:30:00+00:00,200,341.75,True,True,True
14341962,6927,"Colaba, Mumbai - MPCB",A,CPCB,wind_speed,m/s,2025-10-12 05:00:00+00:00,2026-03-06 07:15:00+00:00,9.0,01:00:00,2025-10-12 05:00:00+00:00,2026-03-06 07:15:00+00:00,200,145.09375,True,True,True
14341641,3409510,"Byculla, Mumbai - BMC",E,CPCB,wind_speed,m/s,2025-10-10 18:15:00+00:00,2026-09-17 14:30:00+00:00,24368.0,01:00:00,2025-10-10 18:15:00+00:00,2026-09-17 14:30:00+00:00,200,341.84375,True,True,True
14340940,6967,"Sion, Mumbai - MPCB",FN,CPCB,wind_speed,m/s,2025-10-10 18:15:00+00:00,2026-09-17 14:30:00+00:00,23104.0,01:00:00,2025-10-10 18:15:00+00:00,2026-09-17 14:30:00+00:00,200,341.84375,True,True,True
14342266,3409513,"Sewri, Mumbai - BMC",FS,CPCB,wind_speed,m/s,2025-10-10 20:30:00+00:00,2026-09-17 14:30:00+00:00,16711.0,01:00:00,2025-10-10 20:30:00+00:00,2026-09-17 14:30:00+00:00,200,341.75,True,True,True
14341956,3409323,"Worli, Mumbai - MPCB",GS,CPCB,wind_speed,m/s,2025-10-11 06:15:00+00:00,2026-09-17 14:30:00+00:00,21338.0,01:00:00,2025-10-11 06:15:00+00:00,2026-09-17 14:30:00+00:00,200,341.34375,True,True,True
14342067,6959,"Siddharth Nagar-Worli, Mumbai - IITM",GS,CPCB,wind_speed,m/s,2025-10-10 20:15:00+00:00,2026-06-26 07:15:00+00:00,14557.0,01:00:00,2025-10-10 20:15:00+00:00,2026-06-26 07:15:00+00:00,200,258.4583333333333,True,True,True
14341575,3409482,"Bandra Kurla Complex, Mumbai - MPCB",HE,CPCB,wind_speed,m/s,2025-10-10 18:15:00+00:00,2026-09-17 14:30:00+00:00,23852.0,01:00:00,2025-10-10 18:15:00+00:00,2026-09-17 14:30:00+00:00,200,341.84375,True,True,True
14341587,3409486,"Kherwadi_Bandra East, Mumbai - MPCB",HE,CPCB,wind_speed,m/s,2025-10-10 18:15:00+00:00,2026-09-17 14:30:00+00:00,24288.0,01:00:00,2025-10-10 18:15:00+00:00,2026-09-17 14:30:00+00:00,200,341.84375,True,True,True
14342049,3409328,"Bandra Kurla Complex, Mumbai - IITM",HE,CPCB,wind_speed,m/s,2025-10-11 19:15:00+00:00,2026-01-27 18:00:00+00:00,921.0,01:00:00,2025-10-11 19:15:00+00:00,2026-01-27 18:00:00+00:00,200,107.94791666666667,True,True,True
14340930,6948,"Chhatrapati Shivaji Intl. Airport (T2), Mumbai - MPCB",KE,CPCB,wind_speed,m/s,2025-10-10 18:15:00+00:00,2026-02-21 04:00:00+00:00,7317.0,01:00:00,2025-10-10 18:15:00+00:00,2026-02-21 04:00:00+00:00,200,133.40625,True,True,True
14341019,12024,"Chakala-Andheri East, Mumbai - IITM",KE,CPCB,wind_speed,m/s,2025-10-10 18:15:00+00:00,2026-06-16 07:30:00+00:00,13501.0,01:00:00,2025-10-10 18:15:00+00:00,2026-06-16 07:30:00+00:00,200,248.55208333333334,True,True,True
14340927,6987,"Vile Parle West, Mumbai - MPCB",KW,CPCB,wind_speed,m/s,2025-10-10 18:15:00+00:00,2026-01-10 12:15:00+00:00,6447.0,01:00:00,2025-10-10 18:15:00+00:00,2026-01-10 12:15:00+00:00,200,91.75,True,True,True
14340924,6945,"Kurla, Mumbai - MPCB",L,CPCB,wind_speed,m/s,2025-10-10 18:15:00+00:00,2026-09-17 14:30:00+00:00,21410.0,01:00:00,2025-10-10 18:15:00+00:00,2026-09-17 14:30:00+00:00,200,341.84375,True,True,True
14341013,3409329,"Deonar, Mumbai - IITM",ME,CPCB,wind_speed,m/s,2025-10-10 18:15:00+00:00,2026-06-26 07:30:00+00:00,9988.0,01:00:00,2025-10-10 18:15:00+00:00,2026-06-26 07:30:00+00:00,200,258.5520833333333,True,True,True
14341578,3409483,"Chembur, Mumbai - MPCB",ME,CPCB,wind_speed,m/s,2025-10-10 18:15:00+00:00,2026-09-17 14:30:00+00:00,23519.0,01:00:00,2025-10-10 18:15:00+00:00,2026-09-17 14:30:00+00:00,200,341.84375,True,True,True
14341644,3409511,"Shivaji Nagar, Mumbai - BMC",ME,CPCB,wind_speed,m/s,2025-10-10 18:15:00+00:00,2026-09-17 14:30:00+00:00,24909.0,01:00:00,2025-10-10 18:15:00+00:00,2026-09-17 14:30:00+00:00,200,341.84375,True,True,True
14341647,3409514,"Ghatkopar, Mumbai - BMC",N,CPCB,wind_speed,m/s,2025-10-10 18:15:00+00:00,2026-09-17 14:30:00+00:00,25434.0,01:00:00,2025-10-10 18:15:00+00:00,2026-09-17 14:30:00+00:00,200,341.84375,True,True,True
14341566,3409479,"Mindspace-Malad West, Mumbai - MPCB",PN,CPCB,wind_speed,m/s,2025-10-10 18:15:00+00:00,2026-09-17 14:30:00+00:00,23607.0,01:00:00,2025-10-10 18:15:00+00:00,2026-09-17 14:30:00+00:00,200,341.84375,True,True,True
14342064,11611,"Malad West, Mumbai - IITM",PN,CPCB,wind_speed,m/s,2025-10-14 06:45:00+00:00,2026-03-07 15:15:00+00:00,66.0,01:00:00,2025-10-14 06:45:00+00:00,2026-03-07 15:15:00+00:00,200,144.35416666666666,True,True,True
14341951,6965,"Borivali East, Mumbai - MPCB",RC,CPCB,wind_speed,m/s,2025-12-09 07:45:00+00:00,2026-09-17 14:30:00+00:00,14524.0,01:00:00,2025-12-09 07:45:00+00:00,2026-09-17 14:30:00+00:00,200,282.28125,True,True,True
14342060,11606,"Borivali East, Mumbai - IITM",RC,CPCB,wind_speed,m/s,2025-10-14 10:30:00+00:00,2026-02-13 09:00:00+00:00,191.0,01:00:00,2025-10-14 10:30:00+00:00,2026-02-13 09:00:00+00:00,200,121.9375,True,True,True
14342263,3409512,"Kandivali West, Mumbai - BMC",RC,CPCB,wind_speed,m/s,2025-10-10 20:15:00+00:00,2026-09-17 14:30:00+00:00,16830.0,01:00:00,2025-10-10 20:15:00+00:00,2026-09-17 14:30:00+00:00,200,341.7604166666667,True,True,True
14342081,12044,"Kandivali East, Mumbai - MPCB",RS,CPCB,wind_speed,m/s,2025-10-10 20:45:00+00:00,2026-04-03 07:00:00+00:00,7854.0,01:00:00,2025-10-10 20:45:00+00:00,2026-04-03 07:00:00+00:00,200,174.42708333333334,True,True,True
14340936,6956,"Powai, Mumbai - MPCB",S,CPCB,wind_speed,m/s,2025-10-10 18:15:00+00:00,2026-08-19 19:15:00+00:00,19702.0,01:00:00,2025-10-10 18:15:00+00:00,2026-08-19 19:15:00+00:00,200,313.0416666666667,True,True,True
14342058,12039,"Khindipada-Bhandup West, Mumbai - IITM",T,CPCB,wind_speed,m/s,2025-10-14 06:45:00+00:00,2026-04-22 18:00:00+00:00,196.0,01:00:00,2025-10-14 06:45:00+00:00,2026-04-22 18:00:00+00:00,200,190.46875,True,True,True
14342084,12040,"Mulund West, Mumbai - MPCB",T,CPCB,wind_speed,m/s,2025-10-10 20:30:00+00:00,2026-09-17 14:30:00+00:00,9696.0,01:00:00,2025-10-10 20:30:00+00:00,2026-09-17 14:30:00+00:00,200,341.75,True,True,True
