toilet_id,object_id,object_id_1,address,bmc_department,female_facilities,male_facilities,ward_code_source,twitter,latitude,longitude,source,source_file,verification_status,total_facilities,coordinate_valid,source_ward,gis_ward,ward_match,urban_ward_code
bf6e1807-76f0-4140-baf5-b708c3ee1e03,203,203,"Shiv Tekdi K.S.Road,Jogeshwari-E",Solid Waste Management,4,6,KE,@mybmcSWM,19.1416667,72.8583333,BMC/MCGM via OpenCity,mumbai_public_toilets.kml,SOURCE_KML,10,True,KE,PS,False,PS
a90c2252-49ab-49e9-ac9a-224007aafcef,210,210,"Devi Kutir Chawl,Anand Nagar,Datta Tekdi,Jogeshwari-E",Solid Waste Management,4,4,KE,@mybmcSWM,19.1416667,72.8583333,BMC/MCGM via OpenCity,mumbai_public_toilets.kml,SOURCE_KML,8,True,KE,PS,False,PS
1d06ea78-3e49-435c-b2bf-66bec2f4cef6,215,215,"Madoja Chawl,Pratap Nagar,Bus Stop,Jogeshwari-E",Solid Waste Management,4,4,KE,@mybmcSWM,19.1416667,72.8583333,BMC/MCGM via OpenCity,mumbai_public_toilets.kml,SOURCE_KML,8,True,KE,PS,False,PS
34f3d785-03a6-48d7-9dba-9208a41a5b58,536,536,Gaodevi Filterpada Pawai,Solid Waste Management,6,6,S,@mybmcSWM,19.1391667,72.8944444,BMC/MCGM via OpenCity,mumbai_public_toilets.kml,SOURCE_KML,12,True,S,PS,False,PS
ad287255-6492-489a-8032-ea0415be19e7,821,821,Shinde Chawl Gaodevi Filterpade Pawai,Solid Waste Management,6,0,S,@mybmcSWM,19.1394444,72.8941667,BMC/MCGM via OpenCity,mumbai_public_toilets.kml,SOURCE_KML,6,True,S,PS,False,PS
9eeeeb64-4d11-44ea-9fdb-71328998b192,1008,1008,Ram Rahim Soc Filler Pada Patha Wadi Pawai,Solid Waste Management,3,3,S,@mybmcSWM,19.1416667,72.8936111,BMC/MCGM via OpenCity,mumbai_public_toilets.kml,SOURCE_KML,6,True,S,PS,False,PS
a9f1c3b5-7715-47a9-92f3-87387ea930cf,1082,1082,Best Nagar Filler Pada Patham Wadi Pawai,Solid Waste Management,4,4,S,@mybmcSWM,19.1422222,72.8933333,BMC/MCGM via OpenCity,mumbai_public_toilets.kml,SOURCE_KML,8,True,S,PS,False,PS
b42eef5c-98d7-4d6d-af1d-b14c5c76f25d,1177,1177,Shinde Chawl Gaodevi Filterpade Pawai,Solid Waste Management,4,4,S,@mybmcSWM,19.1394444,72.8938889,BMC/MCGM via OpenCity,mumbai_public_toilets.kml,SOURCE_KML,8,True,S,PS,False,PS
4a3aaac1-42ff-4d9a-9d93-fa8815b29c71,1178,1178,Shree Ganesh Welfare Society Gaovdevi Filder Pada Aarey Road Pawai,Solid Waste Management,3,3,S,@mybmcSWM,19.1386111,72.8933333,BMC/MCGM via OpenCity,mumbai_public_toilets.kml,SOURCE_KML,6,True,S,PS,False,PS
47a366ff-a4bf-468c-83ab-cc6cba0f68bb,1411,1411,"Lokmanya Seva Sangh,Nr.Balwadi,Gajdhar Band Rd.Santacruz(W),Mumbai-54",Solid Waste Management,6,6,HW,@mybmcSWM,19.0483333,72.8638889,BMC/MCGM via OpenCity,mumbai_public_toilets.kml,SOURCE_KML,12,True,HW,GN,False,GN
f39c4bb9-4015-49b7-a0c8-45b692343d79,1412,1412,"Before Dharmashala,Jay Jawan Chawl,Dattatray Rd.Santacruz(W),Mumbai-54",Solid Waste Management,0,16,HW,@mybmcSWM,19.0866667,72.8338889,BMC/MCGM via OpenCity,mumbai_public_toilets.kml,SOURCE_KML,16,True,HW,KW,False,KW
b1980651-c084-420b-a271-c61cb91b3ebe,1413,1413,"Behind Raheja College,Dattatray Rd.Santacruz(W),Mumbai-54",Solid Waste Management,16,16,HW,@mybmcSWM,19.0866667,72.8341667,BMC/MCGM via OpenCity,mumbai_public_toilets.kml,SOURCE_KML,32,True,HW,KW,False,KW
58888725-2ee0-4e48-ad70-3298b3f3b83c,1414,1414,"Navyuvak Selfare Society,Behind Hindu Cementri,Dattatray Rd.Santacruz(W),Mumbai-54",Solid Waste Management,6,8,HW,@mybmcSWM,19.0866667,72.8341667,BMC/MCGM via OpenCity,mumbai_public_toilets.kml,SOURCE_KML,14,True,HW,KW,False,KW
07648805-6582-4683-bfda-5f03f0369e3a,1416,1416,"Shashri Nagar,Chunabhatti,Off.Shaheguruji H.School,S.V.Rd.Santacruz(W),Mumbai-54",Solid Waste Management,10,0,HW,@mybmcSWM,19.0888889,72.8358333,BMC/MCGM via OpenCity,mumbai_public_toilets.kml,SOURCE_KML,10,True,HW,KW,False,KW
d03d5f28-e808-43c0-aee6-e6047df81d57,1417,1417,"Shashri Nagar,Chunabhatti,Off.Saheguruji H.School,S.V.Rd.Santacruz(W,Mumbai-54",Solid Waste Management,6,6,HW,@mybmcSWM,19.0886111,72.8358333,BMC/MCGM via OpenCity,mumbai_public_toilets.kml,SOURCE_KML,12,True,HW,KW,False,KW
5b6a5b2c-f1a1-4d0e-b54c-b4a897e4c6ed,1418,1418,"Shashri Nagar,Chunabhatti,Off.Saheguruji Highschool,S.V.Rd.Santacruz(W),Mumbai-54",Solid Waste Management,6,6,HW,@mybmcSWM,19.0886111,72.8358333,BMC/MCGM via OpenCity,mumbai_public_toilets.kml,SOURCE_KML,12,True,HW,KW,False,KW
941ab479-08e0-4f4e-a62e-6db141a96dab,1419,1419,"Behind Relience Mart,Nr,Emigration Off.S.V.Rd.Santacruz(W),Mumbai-54",Solid Waste Management,5,5,HW,@mybmcSWM,19.0886111,72.8366667,BMC/MCGM via OpenCity,mumbai_public_toilets.kml,SOURCE_KML,10,True,HW,KW,False,KW
4966ca93-84e6-46dc-8051-f3400bf93041,1420,1420,"Behind Reliance Mart,S.V.Road,Santacruz(W)",Solid Waste Management,0,4,HW,@mybmcSWM,19.0886111,72.8366667,BMC/MCGM via OpenCity,mumbai_public_toilets.kml,SOURCE_KML,4,True,HW,KW,False,KW
e3616155-a848-4f10-adbb-aaf4b12119ce,1492,1492,"Hari Shankar Chawl,Indira Nagar,Lalji Pada,Rajdev School,Kandivali (W),Mumbai",Solid Waste Management,6,10,RS,@mybmcSWM,19.2002778,72.8372222,BMC/MCGM via OpenCity,mumbai_public_toilets.kml,SOURCE_KML,16,True,RS,PN,False,PN
375e96a0-268e-4c48-9cb1-115508391470,1493,1493,"Shastri Nagar,Irani Wadi,Road No.4,Lalji Pada,Kandivali (W),Mumbai",Solid Waste Management,7,7,RS,@mybmcSWM,19.2002778,72.8369444,BMC/MCGM via OpenCity,mumbai_public_toilets.kml,SOURCE_KML,14,True,RS,PN,False,PN
0c528906-2a25-4892-bd11-a4dabf449b75,1584,1584,"Prathmesh Chawl Gruh Sanstha,Chawl No.7,Janupada,Pandey Compoundthakur Village,Kandivali(E",Solid Waste Management,7,7,RS,@mybmcSWM,19.2144444,72.8777778,BMC/MCGM via OpenCity,mumbai_public_toilets.kml,SOURCE_KML,14,True,RS,RC,False,RC
c33198e7-1abd-46fb-ba83-aced78361275,1590,1590,"Pay & Use Ekta Mitra Mandal,Jai Hind Chawl,Kaju Pada,Nr.Macchi Mkt.Gaondevi Rd,Poisar,Kan.",Solid Waste Management,7,9,RS,@mybmcSWM,19.2130556,72.8591667,BMC/MCGM via OpenCity,mumbai_public_toilets.kml,SOURCE_KML,16,True,RS,RC,False,RC
d319d253-8688-43c7-b9e9-bd2a858a618a,1593,1593,"Pragati Shakti Griha Nirman,Firdos Compound,Gaondevi Road,Poisar,Kandivali (E)",Solid Waste Management,6,10,RS,@mybmcSWM,19.2130556,72.8580556,BMC/MCGM via OpenCity,mumbai_public_toilets.kml,SOURCE_KML,16,True,RS,RC,False,RC
b1277d9c-4fce-44ee-a69d-d0f89ae53a1b,1597,1597,"Dhiraj Singh Chawl,Gaondevi Road,Poisar,Kandivali (E)",Solid Waste Management,8,8,RS,@mybmcSWM,19.2136111,72.855,BMC/MCGM via OpenCity,mumbai_public_toilets.kml,SOURCE_KML,16,True,RS,RC,False,RC
e9a370af-64b7-412f-b861-c44f132096de,1598,1598,"Gopal Chawl,Nr.Dr.Babasaheb Ambedkar Nagar,Gaondevi Raod,Poisar,Kandivali (E)",Solid Waste Management,2,2,RS,@mybmcSWM,19.2136111,72.8552778,BMC/MCGM via OpenCity,mumbai_public_toilets.kml,SOURCE_KML,4,True,RS,RC,False,RC
fb2387a7-83dc-476d-96af-1341224d0ef3,1599,1599,"Dr.Babasaheb Ambedkar Nagar,Nr.Subway,Nr.Well Lain Center,Gaondevi Road,Poisar,Kandivali-E",Solid Waste Management,7,7,RS,@mybmcSWM,19.2136111,72.8555556,BMC/MCGM via OpenCity,mumbai_public_toilets.kml,SOURCE_KML,14,True,RS,RC,False,RC
6eefb08b-a39f-4387-bf14-6ae4dcc78626,1632,1632,"Seva Shauchalay,Pay & Use,Opp.Nazir Chawl,Front Of Bp,Opp.Thakur Kamp,Kandivali(E)",Solid Waste Management,2,8,RS,@mybmcSWM,19.2130556,72.86,BMC/MCGM via OpenCity,mumbai_public_toilets.kml,SOURCE_KML,10,True,RS,RC,False,RC
a0237b64-3a93-4929-9e42-ea66abbbecb9,1644,1644,"Malkani Estate, Near Noor Masjid, Bandongri, Kandivili (E)",Solid Waste Management,4,4,RS,@mybmcSWM,19.1938889,72.8591667,BMC/MCGM via OpenCity,mumbai_public_toilets.kml,SOURCE_KML,8,True,RS,PN,False,PN
248dbfa6-02cb-4b7a-9c85-4b93d6224250,1648,1648,"Swarajya Chawl,Committee.Shri Ram Nagar,Dhobi Ghat,Malad(E)",Solid Waste Management,6,8,RS,@mybmcSWM,19.1925,72.8647222,BMC/MCGM via OpenCity,mumbai_public_toilets.kml,SOURCE_KML,14,True,RS,PN,False,PN
e030a81d-6c9e-4bd3-bdd9-e5d3678bb6bb,1700,1700,"Buwa Chawl,Souchalay Shankar Len Kaju Pada,Kandivali (W),Mumbai-67",Solid Waste Management,2,2,RS,@mybmcSWM,19.1988889,72.8427778,BMC/MCGM via OpenCity,mumbai_public_toilets.kml,SOURCE_KML,4,True,RS,PN,False,PN
34f1b485-843f-40bf-b384-20b1c15888b1,1767,1767,"Shriram Nagar,Kandivali (E)",Solid Waste Management,16,16,RS,@mybmcSWM,19.2108333,72.8077778,BMC/MCGM via OpenCity,mumbai_public_toilets.kml,SOURCE_KML,32,True,RS,PN,False,PN
bcc2a525-1330-4222-9880-ef35a943db03,1768,1768,"Shiv Sai Welfare Society,Kandivali (E)",Solid Waste Management,8,10,RS,@mybmcSWM,19.2108333,72.8077778,BMC/MCGM via OpenCity,mumbai_public_toilets.kml,SOURCE_KML,18,True,RS,PN,False,PN
6b6c57a7-021c-4f06-af07-0ec5f681db22,1769,1769,"Masjid Chawl,Wadarpada,Kandivali (E)",Solid Waste Management,0,8,RS,@mybmcSWM,19.2108333,72.8077778,BMC/MCGM via OpenCity,mumbai_public_toilets.kml,SOURCE_KML,8,True,RS,PN,False,PN
7066402e-6052-4b0c-be42-7c417b6f73c5,1770,1770,"Masjid Chawl,Wadarpada,Kandivali (E)",Solid Waste Management,5,0,RS,@mybmcSWM,19.2108333,72.8077778,BMC/MCGM via OpenCity,mumbai_public_toilets.kml,SOURCE_KML,5,True,RS,PN,False,PN
e00ab601-215e-4d31-89db-3421e7cfda06,1771,1771,"Ekta Seva Sangh,Kandivali (E)",Solid Waste Management,8,12,RS,@mybmcSWM,19.2108333,72.8077778,BMC/MCGM via OpenCity,mumbai_public_toilets.kml,SOURCE_KML,20,True,RS,PN,False,PN
6cd44865-0a64-4bcb-bd3d-d3d05f86601d,1941,1941,"Aarey Milk Colony,Picknick Point,Goregaon (E) Mumbai-65",Solid Waste Management,2,2,PS,@mybmcSWM,19.1369444,72.8827778,BMC/MCGM via OpenCity,mumbai_public_toilets.kml,SOURCE_KML,4,True,PS,KE,False,KE
8272c8bc-dabd-4928-8ae6-29f7aab32210,1943,1943,"Aarey Milk Colony,Unit No.22,Goregaon (E) Mumbai-65",Solid Waste Management,5,5,PS,@mybmcSWM,19.1358333,72.8852778,BMC/MCGM via OpenCity,mumbai_public_toilets.kml,SOURCE_KML,10,True,PS,KE,False,KE
1176b865-49f3-4c84-b9a4-c6c8fb2820e9,1944,1944,"Aarey Milk Colony,Unit No.22,Goregaon (E) Mumbai-65",Solid Waste Management,5,5,PS,@mybmcSWM,19.1361111,72.8858333,BMC/MCGM via OpenCity,mumbai_public_toilets.kml,SOURCE_KML,10,True,PS,KE,False,KE
14bb25e2-d4f5-40ef-877e-e01c0d1f4c9f,1945,1945,"Aarey Milk Colony,Unit No.22,Goregaon (E) Mumbai-65",Solid Waste Management,2,1,PS,@mybmcSWM,19.1361111,72.8858333,BMC/MCGM via OpenCity,mumbai_public_toilets.kml,SOURCE_KML,3,True,PS,KE,False,KE
3f7a9fd4-2885-4d53-9d24-f6302ffc1647,1946,1946,"Aarey Milk Colony,Unit No.22,Goregaon (E) Mumbai-65",Solid Waste Management,3,3,PS,@mybmcSWM,19.1369444,72.8863889,BMC/MCGM via OpenCity,mumbai_public_toilets.kml,SOURCE_KML,6,True,PS,KE,False,KE
3851d53d-e8b4-49d6-9278-b4bdcfffa6b4,1947,1947,"Aarey Milk Colony,Unit No.22,Goregaon (E) Mumbai-65",Solid Waste Management,6,4,PS,@mybmcSWM,19.1372222,72.8858333,BMC/MCGM via OpenCity,mumbai_public_toilets.kml,SOURCE_KML,10,True,PS,KE,False,KE
f22693c0-537d-4344-b5f0-a2243ff02450,1949,1949,"Aarey Milk Colony,Unit No.22,Naglok Buddha Vihar,Goregaon (W) Mumbai-65",Solid Waste Management,6,6,PS,@mybmcSWM,19.1366667,72.8872222,BMC/MCGM via OpenCity,mumbai_public_toilets.kml,SOURCE_KML,12,True,PS,KE,False,KE
6ff0e765-586f-4a07-bddd-cce7e8c99771,1950,1950,"Aaray Milk Colony,Unit No.22,Nr.Nglok Buddha Vihar,Goregaon (E) Mumbai-65",Solid Waste Management,6,10,PS,@mybmcSWM,19.1361111,72.8866667,BMC/MCGM via OpenCity,mumbai_public_toilets.kml,SOURCE_KML,16,True,PS,KE,False,KE
c6c50574-e3a1-4b24-b50d-91cc77e78810,1951,1951,"Aarey Milk Colony,Unit No.21,Tapeshwar Pada,Goregaon,Mumbai-65",Solid Waste Management,2,2,PS,@mybmcSWM,19.1338889,72.8886111,BMC/MCGM via OpenCity,mumbai_public_toilets.kml,SOURCE_KML,4,True,PS,KE,False,KE
9397df11-f9f1-4a69-bcba-841d1da8481c,2016,2016,"Kakichi Chawl,Shauchalay Ram Nagar,Badrekarwadi,Goregaon (E) Mumbai-63",Solid Waste Management,4,4,PS,@mybmcSWM,19.1430556,72.8522222,BMC/MCGM via OpenCity,mumbai_public_toilets.kml,SOURCE_KML,8,True,PS,KE,False,KE
f9db1852-410c-472b-9cfe-538d7b97ad6c,2018,2018,"Parwati Niwas Chawl No.2 Shauchalay,Ram Nagar,Goregaon (E) Mumbai-60",Solid Waste Management,3,3,PS,@mybmcSWM,19.1433333,72.8519444,BMC/MCGM via OpenCity,mumbai_public_toilets.kml,SOURCE_KML,6,True,PS,KE,False,KE
2e31c02b-e99d-41ac-aaa3-3d0c034ff2f6,2098,2098,"Joshi Chawl,Hanuman Nagar,Jogeshwari (E) Mumbai-60",Solid Waste Management,1,1,PS,@mybmcSWM,19.1430556,72.8525,BMC/MCGM via OpenCity,mumbai_public_toilets.kml,SOURCE_KML,2,True,PS,KE,False,KE
1488b61f-52c4-436f-a9de-4438c8c79c6d,2102,2102,"Fakir Nagar Chawl,Shri Krishna Nagar,Bandrekarwadi,Jogeshwari (E) Mumbai-60",Solid Waste Management,3,3,PS,@mybmcSWM,19.1422222,72.8530556,BMC/MCGM via OpenCity,mumbai_public_toilets.kml,SOURCE_KML,6,True,PS,KE,False,KE
b4ae282a-99d7-4681-88ea-929416d16e05,2103,2103,"Mann Mandir Chawl,Hanuman Nagar,Bandrekarwadi,Jogeshwari (E) Mumbai-60",Solid Waste Management,2,1,PS,@mybmcSWM,19.1425,72.8533333,BMC/MCGM via OpenCity,mumbai_public_toilets.kml,SOURCE_KML,3,True,PS,KE,False,KE
c78f2b4d-faee-45ae-bdc0-c32cbcdcb34f,2104,2104,"Savitri Sadan Chawl,Hanuman Nagar,Bandrekarwadi,Jogeshwari (E) Mumbai-60",Solid Waste Management,2,4,PS,@mybmcSWM,19.1425,72.8533333,BMC/MCGM via OpenCity,mumbai_public_toilets.kml,SOURCE_KML,6,True,PS,KE,False,KE
db784cae-7761-4762-9f9c-f35d167c25f5,2137,2137,"Shauchalay Kalekar Chawl,Sion Bandra Link Road,Kala Killa,Dharavi,Mumbai-17",Solid Waste Management,5,5,HE,@mybmcSWM,19.0488889,72.8580556,BMC/MCGM via OpenCity,mumbai_public_toilets.kml,SOURCE_KML,10,True,HE,GN,False,GN
c628291f-4a30-4a95-8289-5756ba5fb9fa,2138,2138,Shouchalay New Parsi Chawl Sion Bandra Link Road Kala Killa Dharavi Mumbai-17,Solid Waste Management,9,9,HE,@mybmcSWM,19.0491667,72.8586111,BMC/MCGM via OpenCity,mumbai_public_toilets.kml,SOURCE_KML,18,True,HE,GN,False,GN
2ea4d058-7ab0-47f6-a35f-3b0f80ade8e0,2139,2139,Shouchalay New Parsi Chawl Sion Bandra Link Road Kala Killa Dharavi Mumbai-17,Solid Waste Management,13,0,HE,@mybmcSWM,19.0494444,72.8586111,BMC/MCGM via OpenCity,mumbai_public_toilets.kml,SOURCE_KML,13,True,HE,GN,False,GN
e129830f-b19e-4cd9-8b55-a4a78f245e30,2140,2140,Shouchalay New Parsi Chawl Sion Bandra Link Road Kala Killa Dharavi Mumbai-17,Solid Waste Management,6,6,HE,@mybmcSWM,19.0494444,72.8586111,BMC/MCGM via OpenCity,mumbai_public_toilets.kml,SOURCE_KML,12,True,HE,GN,False,GN
59789a7d-a03a-4be2-9014-75fbc08c76ca,2141,2141,"Shauchalay New Parsi Chawl,Sion Bandra Link Road,Kala Killa,Dharavi,Mumai-17",Solid Waste Management,0,14,HE,@mybmcSWM,19.0497222,72.8588889,BMC/MCGM via OpenCity,mumbai_public_toilets.kml,SOURCE_KML,14,True,HE,GN,False,GN
95cde9b2-9745-4a43-8e44-e9487b3ebfb2,2142,2142,"Shauchalay Rewa Ford Colony,Kala Killa Road,Dharavi,Mumabi-17",Solid Waste Management,10,10,HE,@mybmcSWM,19.0508333,72.86,BMC/MCGM via OpenCity,mumbai_public_toilets.kml,SOURCE_KML,20,True,HE,GN,False,GN
1bcd6ff4-6f50-417e-ac1b-d3e080ed73b3,2143,2143,Shouchalay Sagram Nagar Lokseva Shouchalay Priyadarshani Rahivashi Sangh Dharavi Mumbai,Solid Waste Management,10,10,HE,@mybmcSWM,19.0494444,72.8616667,BMC/MCGM via OpenCity,mumbai_public_toilets.kml,SOURCE_KML,20,True,HE,GN,False,GN
a73c4ac9-384e-4998-9b85-5109c322d724,2144,2144,Shouchalay Sagram Nagar Chawl Kalakilla Dharavi Mumbai-17,Solid Waste Management,6,8,HE,@mybmcSWM,19.0494444,72.8611111,BMC/MCGM via OpenCity,mumbai_public_toilets.kml,SOURCE_KML,14,True,HE,GN,False,GN
866c7183-ad21-40c0-8fe5-63ab00590e6b,2145,2145,"Shauchalay Shiv Ganga Chawl,Kala Killa Rohidas Bandra Link Road,Dharavi,Mumbai-77",Solid Waste Management,6,9,HE,@mybmcSWM,19.0494444,72.8605556,BMC/MCGM via OpenCity,mumbai_public_toilets.kml,SOURCE_KML,15,True,HE,GN,False,GN
8577463e-4724-43ae-b969-d377c97b4bbc,2146,2146,Shouchalay Kaka Killa Road Sant Rohidas Road Bandra Link Road Dharavi Mumbai,Solid Waste Management,0,28,HE,@mybmcSWM,19.0491667,72.86,BMC/MCGM via OpenCity,mumbai_public_toilets.kml,SOURCE_KML,28,True,HE,GN,False,GN
6df1828d-d036-48bc-b57a-1a07efb8a972,2276,2276,"Dowri Nagar,Gate No.3,Adarsh Lane,Santacruz (E)",Solid Waste Management,0,11,HE,@mybmcSWM,19.0936111,72.8522222,BMC/MCGM via OpenCity,mumbai_public_toilets.kml,SOURCE_KML,11,True,HE,KE,False,KE
a50423e3-64fc-4884-a47e-e463e3260cdc,2309,2309,"Kopoor Collage,Golibar,Santacruz (E)",Solid Waste Management,1,1,HE,@mybmcSWM,19.0833333,72.8608333,BMC/MCGM via OpenCity,mumbai_public_toilets.kml,SOURCE_KML,2,True,HE,KE,False,KE
85836f5e-4d04-4dd2-bee3-32a21090dff6,2310,2310,"Shivaji Chowk,Golibar,Santacruz (E)",Solid Waste Management,8,10,HE,@mybmcSWM,19.0833333,72.8611111,BMC/MCGM via OpenCity,mumbai_public_toilets.kml,SOURCE_KML,18,True,HE,KE,False,KE
f8d3e752-a81f-4008-b8c4-89f61c314aab,2311,2311,"Golibar Road No.7,Santacruz (E)",Solid Waste Management,0,2,HE,@mybmcSWM,19.0833333,72.8608333,BMC/MCGM via OpenCity,mumbai_public_toilets.kml,SOURCE_KML,2,True,HE,KE,False,KE
7e438843-5ca1-42fa-a3b7-d7f6d28cb0cf,2312,2312,"Golibar Road No.7,Santacruz",Solid Waste Management,2,0,HE,@mybmcSWM,19.0833333,72.8611111,BMC/MCGM via OpenCity,mumbai_public_toilets.kml,SOURCE_KML,2,True,HE,KE,False,KE
a8fd1ed2-da9c-4b00-b57b-234aa5ad15aa,2313,2313,"Yaqoob Chawl,Golibar Road No.6,Santacruz (E)",Solid Waste Management,1,2,HE,@mybmcSWM,19.0833333,72.8608333,BMC/MCGM via OpenCity,mumbai_public_toilets.kml,SOURCE_KML,3,True,HE,KE,False,KE
07ea51c6-eec5-46f8-b8f6-5a01be0ba55e,2314,2314,"Hanuman Tekadi,Gate No.4,Service Road,Santacruz (E)",Solid Waste Management,3,4,HE,@mybmcSWM,19.0833333,72.8608333,BMC/MCGM via OpenCity,mumbai_public_toilets.kml,SOURCE_KML,7,True,HE,KE,False,KE
3e68f81a-9125-4156-93d8-36ea82bb10db,2315,2315,"Hanuman Tekadi,Gate No.4,Service Road,Santacruz (E)",Solid Waste Management,5,5,HE,@mybmcSWM,19.0833333,72.8608333,BMC/MCGM via OpenCity,mumbai_public_toilets.kml,SOURCE_KML,10,True,HE,KE,False,KE
ea0eae90-1cc0-4c0e-97a5-3f0e9cd003f8,2316,2316,"Hanuman Tekadi,Gate No.4,S.Road,Santacruz (E)",Solid Waste Management,6,6,HE,@mybmcSWM,19.0833333,72.8608333,BMC/MCGM via OpenCity,mumbai_public_toilets.kml,SOURCE_KML,12,True,HE,KE,False,KE
ebb13eeb-acc4-4e62-848f-5f3d0b11dbae,2317,2317,"Hanuman Tekadi,Gate No.2,Awlabai Chawl,Santacruz (E)",Solid Waste Management,10,10,HE,@mybmcSWM,19.0833333,72.8608333,BMC/MCGM via OpenCity,mumbai_public_toilets.kml,SOURCE_KML,20,True,HE,KE,False,KE
a76e8db3-57e8-4f88-b237-f2391c0cda32,2318,2318,"Hanif Chawl,Hanuman Tekadi,Gate No.1,Santacruz (E)",Solid Waste Management,0,6,HE,@mybmcSWM,19.0836111,72.8608333,BMC/MCGM via OpenCity,mumbai_public_toilets.kml,SOURCE_KML,6,True,HE,KE,False,KE
53d323d7-4f60-4d72-9678-11d5efddb91c,2319,2319,"Hanif Chawl,Hanuman Tekadi,Gate No.1,Santacruz (E)",Solid Waste Management,0,14,HE,@mybmcSWM,19.0836111,72.8608333,BMC/MCGM via OpenCity,mumbai_public_toilets.kml,SOURCE_KML,14,True,HE,KE,False,KE
da362c76-c942-49b4-aadb-eaa1176fac86,2320,2320,"Hanif Chawl,Hanuman Tekadi,Gate No.1,Santacruz (E)",Solid Waste Management,16,0,HE,@mybmcSWM,19.0833333,72.8608333,BMC/MCGM via OpenCity,mumbai_public_toilets.kml,SOURCE_KML,16,True,HE,KE,False,KE
739deeac-a0c9-4d1a-848a-41af5c0d6d19,2321,2321,"Sanjivani Chawl,Dawri Nagar,Vakola,Santacruz (E)",Solid Waste Management,2,3,HE,@mybmcSWM,19.0836111,72.8608333,BMC/MCGM via OpenCity,mumbai_public_toilets.kml,SOURCE_KML,5,True,HE,KE,False,KE
51aa778b-dd40-4980-8f3c-f258a95c2a66,2322,2322,"Gansia Chawl,Dawri Nagar,Mutton Gally,Vakola Bridge,Santacruz (E)",Solid Waste Management,2,2,HE,@mybmcSWM,19.0836111,72.8608333,BMC/MCGM via OpenCity,mumbai_public_toilets.kml,SOURCE_KML,4,True,HE,KE,False,KE
dec13b7f-7b84-41f3-9f7a-e5a9fc8049c0,2323,2323,"Sai Krupa Seva Sangh,Vakola Bridge,Santacruz (E)",Solid Waste Management,1,2,HE,@mybmcSWM,19.0833333,72.8608333,BMC/MCGM via OpenCity,mumbai_public_toilets.kml,SOURCE_KML,3,True,HE,KE,False,KE
773662f9-4b70-48e0-b18b-e3ff171c2d77,2324,2324,"Diamond Park,Gangaram Chawl,Santacruz (E)",Solid Waste Management,6,6,HE,@mybmcSWM,19.0833333,72.8608333,BMC/MCGM via OpenCity,mumbai_public_toilets.kml,SOURCE_KML,12,True,HE,KE,False,KE
22d1d878-a924-46d9-9fa1-ac32fcb0f141,2325,2325,"Diamond Park,Santacruz (E)",Solid Waste Management,6,6,HE,@mybmcSWM,19.0833333,72.8608333,BMC/MCGM via OpenCity,mumbai_public_toilets.kml,SOURCE_KML,12,True,HE,KE,False,KE
9479feec-8702-4bb1-8373-8b78571f5e26,2326,2326,"Shivaji Nagar,A-Group,Santacruz (E)",Solid Waste Management,8,2,HE,@mybmcSWM,19.0833333,72.8608333,BMC/MCGM via OpenCity,mumbai_public_toilets.kml,SOURCE_KML,10,True,HE,KE,False,KE
17fc6672-93b3-42a6-8b9e-464d720bd8ac,2327,2327,"Shivaji Nagar,William Chawl,Santacruz (E)",Solid Waste Management,0,8,HE,@mybmcSWM,19.0833333,72.8608333,BMC/MCGM via OpenCity,mumbai_public_toilets.kml,SOURCE_KML,8,True,HE,KE,False,KE
831e4517-16ad-498a-9072-1c0aefd1da33,2328,2328,"B-1 Group,Shivaji Nagar,Khar,Bhosle Chawl,Santacruz (E)",Solid Waste Management,5,5,HE,@mybmcSWM,19.0833333,72.8608333,BMC/MCGM via OpenCity,mumbai_public_toilets.kml,SOURCE_KML,10,True,HE,KE,False,KE
15e09758-7104-4a91-a873-e0091987bdbe,2384,2384,"Bhajiwala Chawl,Golibar Road No.3,Santacruz (E)",Solid Waste Management,3,3,HE,@mybmcSWM,19.0897222,72.8583333,BMC/MCGM via OpenCity,mumbai_public_toilets.kml,SOURCE_KML,6,True,HE,KE,False,KE
157996f7-a917-4be0-8473-eaff40c0e960,2385,2385,"Hira Singh Chawl,Golibar Road No.3,Santacruz (E)",Solid Waste Management,6,6,HE,@mybmcSWM,19.0897222,72.8583333,BMC/MCGM via OpenCity,mumbai_public_toilets.kml,SOURCE_KML,12,True,HE,KE,False,KE
480cc9f1-4e14-4ed3-8ac2-613278cdf09b,2386,2386,"Philip Chawl,Golikar No.4,Santacruz (E)",Solid Waste Management,5,6,HE,@mybmcSWM,19.0897222,72.8583333,BMC/MCGM via OpenCity,mumbai_public_toilets.kml,SOURCE_KML,11,True,HE,KE,False,KE
c92bdc75-fb66-4884-9cc7-75c4c6f4a398,2387,2387,"Gautam Seva Sangh,Nr.Triratra Buddha Vihar,Bandra (E)",Solid Waste Management,3,3,HE,@mybmcSWM,19.0897222,72.8583333,BMC/MCGM via OpenCity,mumbai_public_toilets.kml,SOURCE_KML,6,True,HE,KE,False,KE
05f78cdc-d1cf-43e5-8785-57a4392236ad,2492,2492,Shouchalay 194/2 Bmc Chawl Kala Killa Santrohidas Bandra Road Dharavi Mumbai,Solid Waste Management,3,3,HE,@mybmcSWM,19.0494444,72.8602778,BMC/MCGM via OpenCity,mumbai_public_toilets.kml,SOURCE_KML,6,True,HE,GN,False,GN
86c0d5c8-dd1e-448a-9b3e-f5d61b4c12a1,2506,2506,"Opp.Ramnaresh Dairy Farm,Opp.Ramnaresh Chawl,P.M.Rd.Khotwadi,Santacruz(W),Mumbai-54",Solid Waste Management,8,0,HW,@mybmcSWM,19.0886111,72.8361111,BMC/MCGM via OpenCity,mumbai_public_toilets.kml,SOURCE_KML,8,True,HW,KW,False,KW
06e6d20f-ddee-4a5e-9329-0b0ef4ed7cbe,2648,2648,"Navshya Compound Welfair  Society D.J. Builders, Arun Kumar Vaidya Marg, Malad (E)",Solid Waste Management,1,2,PN,@mybmcSWM,19.1758333,72.8730556,BMC/MCGM via OpenCity,mumbai_public_toilets.kml,SOURCE_KML,3,True,PN,PS,False,PS
f9b3e8c3-9730-4ec1-a981-5647532fbbdb,2725,2725,"Shiv Shraddfha Co-Op- Hsg So., Durga Mata Chowk, Tanaji Nagar, Malad (E)",Solid Waste Management,0,13,PN,@mybmcSWM,19.1927778,72.8638889,BMC/MCGM via OpenCity,mumbai_public_toilets.kml,SOURCE_KML,13,True,PN,RS,False,RS
a4390478-86d9-4cc4-8431-59f070b6a253,2836,2836,"Tilak Yadav Chawl, Tanaji Nagar, Kurar Village, Malad (E)",Solid Waste Management,10,10,PN,@mybmcSWM,19.1913889,72.8641667,BMC/MCGM via OpenCity,mumbai_public_toilets.kml,SOURCE_KML,20,True,PN,RS,False,RS
8552263c-a949-468c-ae8f-bc82739c8221,2982,2982,"Mhada Shuchalay, Govin Nagar, Chin Choli Gate, Malad (E)",Solid Waste Management,0,12,PN,@mybmcSWM,19.1763889,72.8505556,BMC/MCGM via OpenCity,mumbai_public_toilets.kml,SOURCE_KML,12,True,PN,PS,False,PS
9a4d891e-58f6-434a-b4a1-e7f2dc9d39fd,3005,3005,"Shivkrupa Rahivasi Sangh, Tanaji Nagar, Near Shivsena Shakha, Ganesh Maidan Malad (E)",Solid Waste Management,0,4,PN,@mybmcSWM,19.1930556,72.8644444,BMC/MCGM via OpenCity,mumbai_public_toilets.kml,SOURCE_KML,4,True,PN,RS,False,RS
009eeaf9-e0ba-4570-aec8-1e04633f693a,3006,3006,"Jai Bhavani Chawl & Rameshwar Chawl, Tanaji Nagar, Malad (E)",Solid Waste Management,5,5,PN,@mybmcSWM,19.1930556,72.8638889,BMC/MCGM via OpenCity,mumbai_public_toilets.kml,SOURCE_KML,10,True,PN,RS,False,RS
f2055630-d233-48ce-bf4c-f42d480745ed,3168,3168,"Sainath Seva Mandal Chawl, Tanaji Nagar, Malad (E)",Solid Waste Management,0,3,PN,@mybmcSWM,19.1916667,72.8630556,BMC/MCGM via OpenCity,mumbai_public_toilets.kml,SOURCE_KML,3,True,PN,RS,False,RS
dfcbad94-e595-4d36-9489-17b3028bf508,3293,3293,"Mhada Shuchalay, Govin Nagar, Chin Choli Gate, Malad (E)",Solid Waste Management,0,12,PN,@mybmcSWM,19.1763889,72.8505556,BMC/MCGM via OpenCity,mumbai_public_toilets.kml,SOURCE_KML,12,True,PN,PS,False,PS
b18a6916-cb4c-4286-bed0-75da6411cc3f,3311,3311,"Triven Seva Mandal, Shiv Sagar, Chawl, Committee, Tanaji Nagar, Malad (E)",Solid Waste Management,8,12,PN,@mybmcSWM,19.1927778,72.8627778,BMC/MCGM via OpenCity,mumbai_public_toilets.kml,SOURCE_KML,20,True,PN,RS,False,RS
717cb72e-2359-4739-a6d1-2459d94f8638,3458,3458,"Sai Shradha Co-Op-Hsg. So, Durga Mata Chowk, Tanaji Nagar, Malad, (E)",Solid Waste Management,0,16,PN,@mybmcSWM,19.1930556,72.8630556,BMC/MCGM via OpenCity,mumbai_public_toilets.kml,SOURCE_KML,16,True,PN,RS,False,RS
11121cf6-fe32-4c1c-aecc-7f84c0588b2f,3572,3572,"Shiv Nivas Chawl, Mitra Sagar Society, Tanaji Nagar, Kurar Village, Malad (E)",Solid Waste Management,2,2,PN,@mybmcSWM,19.1913889,72.8641667,BMC/MCGM via OpenCity,mumbai_public_toilets.kml,SOURCE_KML,4,True,PN,RS,False,RS
1af71727-4652-403d-9344-4d07b3c522b6,3578,3578,"Adrash Navyug Chawl, Kranti Nagar, In Front Of Khadu Bai Compound, Kandivili (E)",Solid Waste Management,5,5,PN,@mybmcSWM,19.1941667,72.8727778,BMC/MCGM via OpenCity,mumbai_public_toilets.kml,SOURCE_KML,10,True,PN,RS,False,RS
f4c497d2-a40c-4ef9-b7df-5abb6c5aae39,3593,3593,"Shivsagar Chawl, Committee, Near Aniket Electrical Repair, Tanaji Nagar, Malad (E)",Solid Waste Management,4,7,PN,@mybmcSWM,19.1919444,72.8627778,BMC/MCGM via OpenCity,mumbai_public_toilets.kml,SOURCE_KML,11,True,PN,RS,False,RS
ad81a25c-453b-48c5-a317-1707dcc557e1,3637,3637,Anand Sava Snaga Near Madh Fish Malad(W),Solid Waste Management,3,7,PN,@mybmcSWM,19.1411111,72.79,BMC/MCGM via OpenCity,mumbai_public_toilets.kml,SOURCE_KML,10,True,PN,KW,False,KW
f626e018-817f-4093-aef6-32d4836cef2b,3738,3738,"Mhada Shauchalay, Ashok Nagar, Netaji Palkar Marg, Vikroli (E)",Solid Waste Management,6,5,N,@mybmcSWM,19.0913889,72.8908333,BMC/MCGM via OpenCity,mumbai_public_toilets.kml,SOURCE_KML,11,True,N,L,False,L
f62d2668-c2f3-4225-80c1-14ef63dbdee3,3752,3752,"Opp.Hdfc Bank,Lower Depot.Pada,Hiranandan Link Road,Parsite,Vikhroli (W) Mumbai-79",Solid Waste Management,2,7,N,@mybmcSWM,19.1047222,72.9169444,BMC/MCGM via OpenCity,mumbai_public_toilets.kml,SOURCE_KML,9,True,N,S,False,S
da920627-b6d7-4ccf-81ab-edf201a2b15c,3757,3757,"Sant Dyaneshwar Society,Sanjay Nagar,Varsha Nagar,Smashan Bhumi Road,Nr.Ambedkar School",Solid Waste Management,11,11,N,@mybmcSWM,19.1094444,72.9169444,BMC/MCGM via OpenCity,mumbai_public_toilets.kml,SOURCE_KML,22,True,N,S,False,S
e149977e-bf82-4bd9-bb25-992f3cf4404f,3767,3767,"Balaji Nagar, Gruhnirman Sanstha Blalaji Nagar, Varsha Nahar, Park Site, Vikroli 79",Solid Waste Management,5,5,N,@mybmcSWM,19.0833333,72.8891667,BMC/MCGM via OpenCity,mumbai_public_toilets.kml,SOURCE_KML,10,True,N,L,False,L
a01b9d75-e570-4ce1-9ecb-a8f93acaceca,3768,3768,Fish Market Naupada Kurla (W),Solid Waste Management,5,5,N,@mybmcSWM,19.0894444,72.8897222,BMC/MCGM via OpenCity,mumbai_public_toilets.kml,SOURCE_KML,10,True,N,L,False,L
0d1101b8-7a82-4a08-a76d-fc5cc77ad7c6,3801,3801,"Mahda Shauchalay, Ashok Nagar, Netaji Palkar Marg, Vikroli (E)",Solid Waste Management,6,6,N,@mybmcSWM,19.0913889,72.8905556,BMC/MCGM via OpenCity,mumbai_public_toilets.kml,SOURCE_KML,12,True,N,L,False,L
bde2ef98-999a-413f-9613-e074025c0685,3827,3827,Shri Sant Dnyashwaer Amar Mitra Mandal,Solid Waste Management,12,10,N,@mybmcSWM,19.08,72.8902778,BMC/MCGM via OpenCity,mumbai_public_toilets.kml,SOURCE_KML,22,True,N,L,False,L
5fef4540-136c-4d90-b9e8-3d191b3617c0,3828,3828,"Varsha Nagar, Tekdi Vibhag, Rahivashi Mandal, Bal Siddhivinayak Mandir",Solid Waste Management,4,12,N,@mybmcSWM,19.0825,72.89,BMC/MCGM via OpenCity,mumbai_public_toilets.kml,SOURCE_KML,16,True,N,L,False,L
20a3570e-e2e9-481d-b936-d4766d0d254b,3829,3829,"Mamta Society, Upadyam Society, Varsha Nagar, Park Site Vikroli(W)",Solid Waste Management,10,10,N,@mybmcSWM,19.0888889,72.8852778,BMC/MCGM via OpenCity,mumbai_public_toilets.kml,SOURCE_KML,20,True,N,L,False,L
2fcd67e2-240d-4492-91ea-5d22f6db02ad,3881,3881,Jay Ganesh Chawl B/C Group Park Site Vikroli,Solid Waste Management,5,5,N,@mybmcSWM,19.0794444,72.8897222,BMC/MCGM via OpenCity,mumbai_public_toilets.kml,SOURCE_KML,10,True,N,L,False,L
2e9f192e-4955-40ec-b85a-b5bf814f3a93,3882,3882,"Varsha Nagar, Tarun Mitra Mandal, Nalanda Balwadi Park Site Vikroli",Solid Waste Management,9,9,N,@mybmcSWM,19.0888889,72.8852778,BMC/MCGM via OpenCity,mumbai_public_toilets.kml,SOURCE_KML,18,True,N,L,False,L
9e851beb-a6cb-4eec-bd20-cd3616318856,3883,3883,"Someshwar Nagar, Park Site Saikrupa Sahakari Gruahnirman Sanstha",Solid Waste Management,2,2,N,@mybmcSWM,19.0891667,72.8866667,BMC/MCGM via OpenCity,mumbai_public_toilets.kml,SOURCE_KML,4,True,N,L,False,L
4d80688e-c4e1-4863-b6ae-2b01008bcc6a,3913,3913,"Mahada Shauchalay, Opp. Telak Nagar, Pereira Wadi Andheri Ghatkopar Road , Vikroli (E)",Solid Waste Management,5,5,N,@mybmcSWM,19.1252778,72.9191667,BMC/MCGM via OpenCity,mumbai_public_toilets.kml,SOURCE_KML,10,True,N,S,False,S
073cf48e-e3fc-4edb-9e05-72d8881cfdea,3943,3943,"Varsha Nagar, Pawai Road, Parksite",Solid Waste Management,1,1,N,@mybmcSWM,19.0780556,72.8902778,BMC/MCGM via OpenCity,mumbai_public_toilets.kml,SOURCE_KML,2,True,N,L,False,L
b6c3aa41-cc39-4654-8dfa-c0283ed0f0ea,3944,3944,"Shop No. 30 B- Group, Ganesh Nagar, Pawai Road, Varsha Nagar,",Solid Waste Management,5,5,N,@mybmcSWM,19.0808333,72.8891667,BMC/MCGM via OpenCity,mumbai_public_toilets.kml,SOURCE_KML,10,True,N,L,False,L
8f196967-170d-4dd6-a21f-e32cfd04b0c1,3945,3945,"Opp.Hindasabha Hospital,Shradhanand Road,Ghatkopar (W) Mumbai-86",Solid Waste Management,2,4,N,@mybmcSWM,19.0905556,72.8875,BMC/MCGM via OpenCity,mumbai_public_toilets.kml,SOURCE_KML,6,True,N,L,False,L
1d53202c-999f-41ea-b2e7-cb24517b15f8,3946,3946,"Mhada Shauchalay, Narayan Nahar, Sakinaka Mumbai Ghatkopar (W)",Solid Waste Management,4,4,N,@mybmcSWM,19.0877778,72.8922222,BMC/MCGM via OpenCity,mumbai_public_toilets.kml,SOURCE_KML,8,True,N,L,False,L
70fd477d-72a0-45b5-bab6-808e4ea61604,3992,3992,"Manavata Society,Raigad Vibhag,Parksite,Vikhroli (W) Mumbai-79",Solid Waste Management,22,22,N,@mybmcSWM,19.1088889,72.9163889,BMC/MCGM via OpenCity,mumbai_public_toilets.kml,SOURCE_KML,44,True,N,S,False,S
b3d4a554-887b-4603-8339-2e23820c2838,4000,4000,"Sai Ganesh Mitra Mandal, Jay Bajrang Sahakari Gruhnirman Sanstha",Solid Waste Management,0,10,N,@mybmcSWM,19.0772222,72.8905556,BMC/MCGM via OpenCity,mumbai_public_toilets.kml,SOURCE_KML,10,True,N,L,False,L
e679ee36-e93a-4a14-a927-23dc47d4d94c,4001,4001,"Varsha Nagar, Tekdi Vibhag, Rahivashi Mandal, Shri Sai Sewa Sangh",Solid Waste Management,12,0,N,@mybmcSWM,19.0891667,72.8844444,BMC/MCGM via OpenCity,mumbai_public_toilets.kml,SOURCE_KML,12,True,N,L,False,L
4b7e1aa9-4c1a-461b-88f6-0d73bd5b5702,4002,4002,"Ganesh Krupa Society,Pawai Road,Parksite,Vikhroli (W) Mumbai-79",Solid Waste Management,11,14,N,@mybmcSWM,19.0891667,72.8863889,BMC/MCGM via OpenCity,mumbai_public_toilets.kml,SOURCE_KML,25,True,N,L,False,L
1713f04c-beae-4712-8438-20546634b14a,4057,4057,"Sai Krupa Society,Someshwar Nagar,Anand Gadh,Parksite,Vikhroli (W) Mumbai-79",Solid Waste Management,6,6,N,@mybmcSWM,19.0897222,72.8866667,BMC/MCGM via OpenCity,mumbai_public_toilets.kml,SOURCE_KML,12,True,N,L,False,L
7035c590-66cd-449a-abae-9c9379b35f73,4109,4109,"Satkar Society,Varsha Nagar,Parksite,Vikhroli (W)",Solid Waste Management,9,7,N,@mybmcSWM,19.0783333,72.8905556,BMC/MCGM via OpenCity,mumbai_public_toilets.kml,SOURCE_KML,16,True,N,L,False,L
0dad5d6d-32cd-4e0a-94f8-b12818cb42c1,4110,4110,"Jay Bhavani Mitra Mandal, Salagn; Sant Krupa Gruhnirman Sanstha Nondani No. G.B.B.S.D",Solid Waste Management,1,1,N,@mybmcSWM,19.0786111,72.8908333,BMC/MCGM via OpenCity,mumbai_public_toilets.kml,SOURCE_KML,2,True,N,L,False,L
f7f7ffad-0d1f-4c49-a61a-8d29341369f6,4111,4111,"Momin Pura Chawl, Near Malka Masjid, Ghatkopar (W)",Solid Waste Management,10,10,N,@mybmcSWM,19.0877778,72.8930556,BMC/MCGM via OpenCity,mumbai_public_toilets.kml,SOURCE_KML,20,True,N,L,False,L
d764841b-f39e-4bef-809e-3ddd9a13a945,4140,4140,"Mhada Shauchalay, Perelrawati Andheri - Ghatkopar Road, Vikroli (E)",Solid Waste Management,3,3,N,@mybmcSWM,19.1008333,72.8916667,BMC/MCGM via OpenCity,mumbai_public_toilets.kml,SOURCE_KML,6,True,N,L,False,L
ad18c482-9550-4102-b9ed-f9266e282d6c,4163,4163,"Prerana Shauchalay.Gautam Nagar,Limboni Baug Road.",Solid Waste Management,3,5,MW,@mybmcSWM,19.0591667,72.9138889,BMC/MCGM via OpenCity,mumbai_public_toilets.kml,SOURCE_KML,8,True,MW,ME,False,ME
8537bca4-529e-4836-a006-6159d96318b2,4210,4210,"Sulabh Shauchalay,Ganesh Rd.G-9,Opp.Lital Batti Cheeta Camp.",Solid Waste Management,10,10,MW,@mybmcSWM,19.0383333,72.9469444,BMC/MCGM via OpenCity,mumbai_public_toilets.kml,SOURCE_KML,20,True,MW,ME,False,ME
78d0a744-01a7-4840-a45e-e6cf465eba42,4258,4258,"Mhada Shauchalay,Nr.M.G.Ramchandra Marg,Cheeta Camp Sector-C,Mankhurd Gaon",Solid Waste Management,4,4,MW,@mybmcSWM,19.0408333,72.9488889,BMC/MCGM via OpenCity,mumbai_public_toilets.kml,SOURCE_KML,8,True,MW,ME,False,ME
f0d57a21-bc5a-4227-8a54-e722888b5ea3,4288,4288,"Bmc Shauchalay,Prakash Thorat Marg,Dada Saheb Waikwad Nagar,V.D.Railway Line,Chembur (W0",Solid Waste Management,7,7,MW,@mybmcSWM,19.0602778,72.9086111,BMC/MCGM via OpenCity,mumbai_public_toilets.kml,SOURCE_KML,14,True,MW,ME,False,ME
8d260342-63d3-4ef9-a898-c5b92f3879f6,4291,4291,"Bmc Shauchalay,G.M.Chauk Rd,Jai Ambe Nagar,Chembur (W)",Solid Waste Management,6,6,MW,@mybmcSWM,19.0697222,72.91,BMC/MCGM via OpenCity,mumbai_public_toilets.kml,SOURCE_KML,12,True,MW,N,False,N
b9113f30-7f33-405e-a076-a3e307e4ca84,4308,4308,"Prerana Shauchalay,Gautam Nagar,Limboni Baug Road.",Solid Waste Management,3,4,MW,@mybmcSWM,19.0588889,72.9138889,BMC/MCGM via OpenCity,mumbai_public_toilets.kml,SOURCE_KML,7,True,MW,ME,False,ME
6e0bd462-4bb9-4f0f-b7e1-cf5730bf7c14,4315,4315,"Bmc Shachalay,Prakash Thorat Marg,Dada Saheb Gaikwad Nagar,V.D.Railway Line,Chembur (W)",Solid Waste Management,16,16,MW,@mybmcSWM,19.0602778,72.9086111,BMC/MCGM via OpenCity,mumbai_public_toilets.kml,SOURCE_KML,32,True,MW,ME,False,ME
18c5cd54-5e58-4cd2-a7bf-f28b97b238c0,4326,4326,"Maharashtra Shasan,Bmc Colony Rd,Adarsh Nagar,Opp.Bmc Quaters A-2,Chembur",Solid Waste Management,2,3,MW,@mybmcSWM,19.0633333,72.8891667,BMC/MCGM via OpenCity,mumbai_public_toilets.kml,SOURCE_KML,5,True,MW,L,False,L
aa05c2f5-fde4-4192-ad50-90aecde52f33,4423,4422,Panjrapole Rikshaw Stand Din Quarry Road Chembur,Solid Waste Management,10,0,ME,@mybmcSWM,19.0480556,72.9013889,BMC/MCGM via OpenCity,mumbai_public_toilets.kml,SOURCE_KML,10,True,ME,MW,False,MW
006d0433-f921-41b0-9951-af55db88620f,4568,4567,"Shiv Vithal Mandir Chawl, Gautam Nagar, 'A' Colony, P.L Lokhande Marg, Govandi",Solid Waste Management,0,12,ME,@mybmcSWM,19.0569444,72.9116667,BMC/MCGM via OpenCity,mumbai_public_toilets.kml,SOURCE_KML,12,True,ME,MW,False,MW
c45fb6ec-df01-469e-bde9-25c569bec9b9,4774,4773,"Mhada Shauchalay,Nr.M.G.Ramchandra Marg,Cheeta Camp Sector-C,Mankhurd Gaon",Solid Waste Management,4,4,MW,@mybmcSWM,19.0466667,72.9122222,BMC/MCGM via OpenCity,mumbai_public_toilets.kml,SOURCE_KML,8,True,MW,ME,False,ME
847aa208-36fa-49b8-b7a0-2fb817eb3598,4775,4774,"Mhada Shauchalay,Datta Nagar,Cheeta Camp,M.G.Ramchandra Marg,Mankhurd",Solid Waste Management,4,4,MW,@mybmcSWM,19.0469444,72.9125,BMC/MCGM via OpenCity,mumbai_public_toilets.kml,SOURCE_KML,8,True,MW,ME,False,ME
f1be256d-9fec-49b3-a981-dd22efb638e4,4776,4775,"Mhada Shauchalay,Datta Magar,Cheeta Camp,M.G.Ramchandra Marg,Mankhurd",Solid Waste Management,6,5,MW,@mybmcSWM,19.0469444,72.9125,BMC/MCGM via OpenCity,mumbai_public_toilets.kml,SOURCE_KML,11,True,MW,ME,False,ME
bc955e1c-a496-4e51-b628-478ba44e4b53,4777,4776,"Mhada Shauchalay,Satta Nagar,Cheeta Camp,M.G.Ramchandra Marg,Mankhurd",Solid Waste Management,3,2,MW,@mybmcSWM,19.0469444,72.9125,BMC/MCGM via OpenCity,mumbai_public_toilets.kml,SOURCE_KML,5,True,MW,ME,False,ME
7c2cc4f5-497b-438b-9d45-0a734205e28b,4780,4779,"Mhada Shauchalay,Shahaji Nagar,Cheeta Camp,Trombe",Solid Waste Management,3,3,MW,@mybmcSWM,19.0283333,72.8983333,BMC/MCGM via OpenCity,mumbai_public_toilets.kml,SOURCE_KML,6,True,MW,ME,False,ME
2e819d21-f781-45c0-b038-3daafc0381b5,4781,4780,"Mhada Shauchalay,Shahaji Nagar,Cheeta Camp,Trombe",Solid Waste Management,4,4,MW,@mybmcSWM,19.0277778,72.8986111,BMC/MCGM via OpenCity,mumbai_public_toilets.kml,SOURCE_KML,8,True,MW,ME,False,ME
5729fa98-7e2a-4f1e-91dd-dffee2e75b15,4783,4782,"Bmc Shauchalay,P.L.Lokhande Marg,Adarsh Nagar,Chembur (W)",Solid Waste Management,3,3,MW,@mybmcSWM,19.0608333,72.9080556,BMC/MCGM via OpenCity,mumbai_public_toilets.kml,SOURCE_KML,6,True,MW,ME,False,ME
93a205e7-3fe3-41d5-83e0-dd4a873a0c9a,4787,4786,"71 Peston Sagar Rd,K.E.Reti Bandar,Natraj Bldg.Soc,Usha Bettery Service,Chembur,Mumbai-89",Solid Waste Management,4,4,MW,@mybmcSWM,19.0713889,72.9091667,BMC/MCGM via OpenCity,mumbai_public_toilets.kml,SOURCE_KML,8,True,MW,N,False,N
60649a9b-0c13-42a8-b440-527375e0018a,4788,4787,"Shri Bal Ganesh,Mitra Mandal,Before New Jhunjhar Banjo Party,Pestan Sagar Rd,Chembur (W)",Solid Waste Management,7,8,MW,@mybmcSWM,19.0708333,72.9097222,BMC/MCGM via OpenCity,mumbai_public_toilets.kml,SOURCE_KML,15,True,MW,N,False,N
f5cb16c4-f3bf-4d23-b7c6-bf2522f6fdde,4789,4788,"Shauchalay,Samrat Ashok Nagar,Nr.Limboni Baug Road.",Solid Waste Management,4,5,MW,@mybmcSWM,19.0586111,72.8858333,BMC/MCGM via OpenCity,mumbai_public_toilets.kml,SOURCE_KML,9,True,MW,L,False,L
f7256776-bb99-49f2-991c-1a5bc228e1de,4790,4789,"Shauchalay,Samrat Ashok Nagar,Nr.Raiway Track",Solid Waste Management,4,4,MW,@mybmcSWM,19.0572222,72.8847222,BMC/MCGM via OpenCity,mumbai_public_toilets.kml,SOURCE_KML,8,True,MW,L,False,L
56675252-f7aa-49f7-8129-9ef87073819e,4795,4794,"Mhada Shauchalay,Nr.Kumud Vidhya Mandir,Govandi",Solid Waste Management,4,4,MW,@mybmcSWM,19.0263889,72.9036111,BMC/MCGM via OpenCity,mumbai_public_toilets.kml,SOURCE_KML,8,True,MW,ME,False,ME
20706641-dfff-4072-b6d7-c93a03f9cf0e,4796,4795,"Shauchalay,Agarwadi,Agarwadi Village Road,Givandi",Solid Waste Management,3,3,MW,@mybmcSWM,19.0230556,72.9011111,BMC/MCGM via OpenCity,mumbai_public_toilets.kml,SOURCE_KML,6,True,MW,ME,False,ME
54f349d4-1824-49fe-a51b-8edc8967193f,4834,4833,"Aslapha Village Andheri Link Road, Ghatkopar (W)",Solid Waste Management,1,1,N,@mybmcSWM,19.0930556,72.8958333,BMC/MCGM via OpenCity,mumbai_public_toilets.kml,SOURCE_KML,2,True,N,L,False,L
9c7d5aa7-883a-490a-ac3a-5a317427ec78,4835,4834,"Azad Park Andheri Link Road, Ghatkopar (W)",Solid Waste Management,2,4,N,@mybmcSWM,19.0866667,72.8922222,BMC/MCGM via OpenCity,mumbai_public_toilets.kml,SOURCE_KML,6,True,N,L,False,L
7438d65b-256c-4962-8f1f-e043ef6c089b,4836,4835,"Ekvira Mitra Mandal, Near Ganesh Mandir N.S.S Road, Andheri Link Road, Ghatkopar (W)",Solid Waste Management,0,21,N,@mybmcSWM,19.0869444,72.8927778,BMC/MCGM via OpenCity,mumbai_public_toilets.kml,SOURCE_KML,21,True,N,L,False,L
ba7c49cc-85f1-4743-a8d0-01d9827bde63,4837,4836,"Ekvira Mitra Mandal, Near Ganesh Mandir N.S.S Road, Andheri Link Road, Ghatkopar (W)",Solid Waste Management,22,22,N,@mybmcSWM,19.0872222,72.8927778,BMC/MCGM via OpenCity,mumbai_public_toilets.kml,SOURCE_KML,44,True,N,L,False,L
922f5e7b-c4a4-4765-9caa-5267a7c3d7de,4838,4837,"Nand Niwas Asalpha Village Maheshawri Mandir Link Road, Ghatkopar(W)",Solid Waste Management,3,4,N,@mybmcSWM,19.0883333,72.8930556,BMC/MCGM via OpenCity,mumbai_public_toilets.kml,SOURCE_KML,7,True,N,L,False,L
d9579cff-ac1f-4e7f-a2fb-72dfd38d3a7b,4839,4838,"Ozya Chawl, Asalpha Village, Maheshwar Mandir, Andheri Link Road, Ghatkopar (W)",Solid Waste Management,1,1,N,@mybmcSWM,19.0886111,72.8927778,BMC/MCGM via OpenCity,mumbai_public_toilets.kml,SOURCE_KML,2,True,N,L,False,L
4b9e9fc5-4195-435d-8662-dc51a267bf4a,4840,4839,"Shiv Sai Chawl Committee, Asalpha Village Mahesgwar Mandir Ghatkopar (W)",Solid Waste Management,2,2,N,@mybmcSWM,19.0888889,72.8930556,BMC/MCGM via OpenCity,mumbai_public_toilets.kml,SOURCE_KML,4,True,N,L,False,L
cab52ffb-1f95-4da2-95fc-408ed31b1d55,4841,4840,"Sai Baba Society N.S.Road, Aslapha Village Andheri Link Rioad, Ghatkopar, (Maheshwar Mandir)",Solid Waste Management,4,4,N,@mybmcSWM,19.0891667,72.8897222,BMC/MCGM via OpenCity,mumbai_public_toilets.kml,SOURCE_KML,8,True,N,L,False,L
ca535435-2a1f-4d52-ae98-1d3ded7fd8bf,4858,4857,"Altaf Nagar,Nr.Swaymbhu Shiv Ganesh Temple,Golibar Road,Ghatkopar (E) Mumbai-86",Solid Waste Management,14,14,N,@mybmcSWM,19.0897222,72.8880556,BMC/MCGM via OpenCity,mumbai_public_toilets.kml,SOURCE_KML,28,True,N,L,False,L
0614c527-cf5c-4c70-a8ce-38480ba2e78c,4859,4858,"Behind Diamond,Garage Road No.1,Parksite,Vikhroli (W) Mumbai-79",Solid Waste Management,12,14,N,@mybmcSWM,19.09,72.8883333,BMC/MCGM via OpenCity,mumbai_public_toilets.kml,SOURCE_KML,26,True,N,L,False,L
0134f232-6aa8-4589-a5b8-bf8eaa4a81b7,4860,4859,"Sambhaji Chawl,Ganesh Nagar,Sainath Nagar Road,Ghatkopar (W) Mumbai-86",Solid Waste Management,8,8,N,@mybmcSWM,19.09,72.8872222,BMC/MCGM via OpenCity,mumbai_public_toilets.kml,SOURCE_KML,16,True,N,L,False,L
0bb5f671-0a8d-456e-8f9f-bd8ccda52c4e,4861,4860,"Opp.Vishwanath Chawl,Sainath Nagar Road,Ganesh Nagar,Ghatkopar 9W) Mumbai-88",Solid Waste Management,0,18,N,@mybmcSWM,19.0891667,72.8875,BMC/MCGM via OpenCity,mumbai_public_toilets.kml,SOURCE_KML,18,True,N,L,False,L
f11e78c0-ae53-43a1-b59c-991073b50a88,4862,4861,"Opp.Vishwanath Chawl,Nr.Navratna Mita Maidan,Ganesh Nagar,Sainath Nagar,Ghatkopar (W)",Solid Waste Management,16,0,N,@mybmcSWM,19.0891667,72.8883333,BMC/MCGM via OpenCity,mumbai_public_toilets.kml,SOURCE_KML,16,True,N,L,False,L
7ddd00c1-03f3-4682-a286-c32ef1b31b4a,4863,4862,"Opp.Ghos Mohd.Chawl,Behind Anil Bldg.,Ganesh Nagar,Sainath Nagar Road,Ghatkopar (W) Mum-88",Solid Waste Management,0,10,N,@mybmcSWM,19.0897222,72.8891667,BMC/MCGM via OpenCity,mumbai_public_toilets.kml,SOURCE_KML,10,True,N,L,False,L
7114040a-948c-4bb3-8805-b1a047d09e34,4864,4863,"Opp.Ghos Mohd.Chawl,Ganesh Nagar,Sainath Nagar Road,Ghatkopar (W) Mumbai-88",Solid Waste Management,12,0,N,@mybmcSWM,19.0905556,72.8877778,BMC/MCGM via OpenCity,mumbai_public_toilets.kml,SOURCE_KML,12,True,N,L,False,L
a26b4f65-a66b-40ee-96e1-d34bbf05810f,4865,4864,"Bhim Nagar No.3,C.N.Fabricators,Tansa Pipe Line,Nr.Ongc Colony,Vidhyavihar (E)",Solid Waste Management,8,12,N,@mybmcSWM,19.0897222,72.8880556,BMC/MCGM via OpenCity,mumbai_public_toilets.kml,SOURCE_KML,20,True,N,L,False,L
117ac0cb-f429-4410-909c-9d85e0259257,4866,4865,"Opp.Bal Krida Mitra Mandal,Shanti Nagar-8,Sainath Nagar Road,Ghatkopar (W) Mumabi-88",Solid Waste Management,28,26,N,@mybmcSWM,19.09,72.8880556,BMC/MCGM via OpenCity,mumbai_public_toilets.kml,SOURCE_KML,54,True,N,L,False,L
1818d11c-a98d-4b40-aea7-a07a2b4d108c,4867,4866,"Nr.Datta Mandir,Opp.Saidham Society,Sainath Nagar Road,Ghatkpar (W) Mumbai-88",Solid Waste Management,12,12,N,@mybmcSWM,19.09,72.8869444,BMC/MCGM via OpenCity,mumbai_public_toilets.kml,SOURCE_KML,24,True,N,L,False,L
882f9da3-4c38-4599-aed5-8113e252d33f,4868,4867,"Ganesh Nagar,Sainath Marg,Nr.Datta Mandir,Ghatkopar (W) Mumbai-85",Solid Waste Management,8,8,N,@mybmcSWM,19.0894444,72.8883333,BMC/MCGM via OpenCity,mumbai_public_toilets.kml,SOURCE_KML,16,True,N,L,False,L
88036d39-0912-4a53-9f84-535d4241838c,4907,4906,"Subhanrao Nalawadi Marg,Ganesh Tokies,Chinchpokli",Solid Waste Management,5,4,FS,@mybmcSWM,18.9788889,72.8477778,BMC/MCGM via OpenCity,mumbai_public_toilets.kml,SOURCE_KML,9,True,FS,E,False,E
75b5e23a-ebbd-4ba1-acc0-a262ddee7d02,4910,4908,"Mahadev Palav Marg,Opp.New Hali Kasam,Kari Rd.",Solid Waste Management,3,6,FS,@mybmcSWM,19.0094444,72.8819444,BMC/MCGM via OpenCity,mumbai_public_toilets.kml,SOURCE_KML,9,True,FS,FN,False,FN
3baa837a-2eca-4ca0-80c0-ace3ecaee567,4932,4930,Behind 2 October Sta.Nr.Saibaba Mandir (Mcgm),Solid Waste Management,15,10,FS,@mybmcSWM,19.0233333,72.9388889,BMC/MCGM via OpenCity,mumbai_public_toilets.kml,SOURCE_KML,25,True,FS,ME,False,ME
e440566b-23b6-434a-a339-8c78f1d6c977,4933,4931,"Sulabh Shauchalay,Mahadev Palav Marg,Curry Rd.",Solid Waste Management,6,4,FS,@mybmcSWM,19.045,72.9288889,BMC/MCGM via OpenCity,mumbai_public_toilets.kml,SOURCE_KML,10,True,FS,ME,False,ME
40699cd5-42c5-4551-9b5a-ddd257baceff,4934,4932,"B.A.Under Rd,Gawi Sharkari Bakery",Solid Waste Management,6,4,FS,@mybmcSWM,19.0375,72.9430556,BMC/MCGM via OpenCity,mumbai_public_toilets.kml,SOURCE_KML,10,True,FS,ME,False,ME
332f24df-3a52-4386-a1b1-229b7c1323e7,4935,4933,Bhim Nagar,Solid Waste Management,14,22,FS,@mybmcSWM,19.0402778,72.9525,BMC/MCGM via OpenCity,mumbai_public_toilets.kml,SOURCE_KML,36,True,FS,ME,False,ME
8f761d15-68dd-4e42-b149-6e1095e8fc87,4936,4934,"G.D.Ambekar Marg,Mukund Jadhav Marg,Marwadi Chawl",Solid Waste Management,3,4,FS,@mybmcSWM,19.0425,72.9377778,BMC/MCGM via OpenCity,mumbai_public_toilets.kml,SOURCE_KML,7,True,FS,ME,False,ME
113deb57-6c1c-406c-9357-748435078538,4937,4935,T.J.Road,Solid Waste Management,2,3,FS,@mybmcSWM,19.0358333,72.9430556,BMC/MCGM via OpenCity,mumbai_public_toilets.kml,SOURCE_KML,5,True,FS,ME,False,ME
447ceb9d-1ee6-4517-bef7-1414009202d4,4938,4936,Nr.Boori Kashwala,Solid Waste Management,3,3,FS,@mybmcSWM,19.025,72.9352778,BMC/MCGM via OpenCity,mumbai_public_toilets.kml,SOURCE_KML,6,True,FS,ME,False,ME
0c156743-cc60-418b-b681-4bc77f0eb2c8,4964,4962,"Ovali Pada,Sai Mandir Parsnath Dube Chawl,Dahisar-E",Solid Waste Management,3,2,RN,@mybmcSWM,19.2151556,72.8526025,BMC/MCGM via OpenCity,mumbai_public_toilets.kml,SOURCE_KML,5,True,RN,RC,False,RC
3493a3db-ca30-4f83-827f-b0ae1190ebb6,4965,4963,"Mhada Shouchalay,Panchal Niwas,Rajesh Compound,Dahisar-E",Solid Waste Management,10,8,RN,@mybmcSWM,19.2288889,72.9138889,BMC/MCGM via OpenCity,mumbai_public_toilets.kml,SOURCE_KML,18,True,RN,,False,
f6b27046-5d14-47d5-a34c-9209d8a6b397,4966,4964,"Koyala Bhagwan Chawl,Near Western Exp.Highway,Poisar-E",Solid Waste Management,2,1,RN,@mybmcSWM,19.2280556,72.9161111,BMC/MCGM via OpenCity,mumbai_public_toilets.kml,SOURCE_KML,3,True,RN,,False,
eb61155e-d802-4e31-8944-24fe0721ff4d,4967,4965,"Swm Shouchalay,Prabhat Nagar,Poisar-E",Solid Waste Management,7,5,RN,@mybmcSWM,19.2153233,72.8526506,BMC/MCGM via OpenCity,mumbai_public_toilets.kml,SOURCE_KML,12,True,RN,RC,False,RC
bbd0925d-4f14-41ca-bc55-3328c07fe419,4968,4966,Laxmi Narayan Temple Ekser Road Borivili(W),Solid Waste Management,3,3,RC,@mybmcSWM,19.2116667,72.8683333,BMC/MCGM via OpenCity,mumbai_public_toilets.kml,SOURCE_KML,6,True,RC,RS,False,RS
87c6a3ae-3bbd-470c-858e-5017a21d04fd,5336,5334,"Opp.Ram Abhar Chawl,Pratap Nagar,Majas Tekdi,Jogeshwari-E",Solid Waste Management,18,10,KE,@mybmcSWM,19.1419444,72.8594444,BMC/MCGM via OpenCity,mumbai_public_toilets.kml,SOURCE_KML,28,True,KE,PS,False,PS
14ff1765-b3fa-42d2-aff8-b0351638817f,5350,5348,"Shivnath Chawl,Durga Nagar,Jogeshwari-Vikroli Link Road,Jogeshwari-E",Solid Waste Management,6,8,KE,@mybmcSWM,19.1394444,72.8716667,BMC/MCGM via OpenCity,mumbai_public_toilets.kml,SOURCE_KML,14,True,KE,PS,False,PS
ec885c79-d750-4bb8-8249-f491db8fc88d,5351,5349,"Jai Bajarang Mitra Mandal,Durga Nagar,Jogeshwari-Vikroli Link Road,Jogeshwari-E",Solid Waste Management,6,4,KE,@mybmcSWM,19.1391667,72.8727778,BMC/MCGM via OpenCity,mumbai_public_toilets.kml,SOURCE_KML,10,True,KE,PS,False,PS
1bcf6686-37aa-45ec-8ea8-c83259b9be96,5352,5350,"Shivneary Nagar,Near Dutta Mandir,Gautam Nagar,Arey Colony,Goregaon-E",Solid Waste Management,4,4,KE,@mybmcSWM,19.1380556,72.8758333,BMC/MCGM via OpenCity,mumbai_public_toilets.kml,SOURCE_KML,8,True,KE,PS,False,PS
70e940e1-5bc1-40e5-b7cb-573267eb4788,5357,5355,"Shiv Prasad Chawl,Durga Nagar,Near Bhim Smruti Mandir,Jogeshwari-Vikroli Link Road,Jogeshwari-E",Solid Waste Management,6,6,KE,@mybmcSWM,19.1394444,72.8725,BMC/MCGM via OpenCity,mumbai_public_toilets.kml,SOURCE_KML,12,True,KE,PS,False,PS
b7fc2208-b615-4f5b-abb2-fe6aedcee4b9,5358,5356,"Gautam Nagar,Opp.Welfare Central Office,Goregaon-E",Solid Waste Management,3,3,KE,@mybmcSWM,19.1391667,72.8738889,BMC/MCGM via OpenCity,mumbai_public_toilets.kml,SOURCE_KML,6,True,KE,PS,False,PS
56ed5b73-0572-4a5b-bde0-bd71ba18a8d6,5368,5366,"Gautam Nagar,Near Welfare Central Office,Ner Mahila Adhar Kendra,Goregaon-E",Solid Waste Management,6,6,KE,@mybmcSWM,19.1388889,72.8738889,BMC/MCGM via OpenCity,mumbai_public_toilets.kml,SOURCE_KML,12,True,KE,PS,False,PS
0f3dcc0f-0a28-481f-b9e9-7edd2b04a225,5375,5373,"Shri Mangak Murti Welfare Society,Durga Nagar,Sindhuratan Chawl,J.V.Link Road,Jogeshwari-E",Solid Waste Management,4,4,KE,@mybmcSWM,19.1397222,72.8711111,BMC/MCGM via OpenCity,mumbai_public_toilets.kml,SOURCE_KML,8,True,KE,PS,False,PS
86bf496c-11c3-4039-aa29-ddadab03e575,5376,5374,"Sindhuratna Chawl,Durga Nagar,Jogeshwari-Vokroli Link Road,Jogeshwari-E",Solid Waste Management,4,6,KE,@mybmcSWM,19.1394444,72.8713889,BMC/MCGM via OpenCity,mumbai_public_toilets.kml,SOURCE_KML,10,True,KE,PS,False,PS
f939dd0d-a2c5-4dce-a3ac-762ff58616cc,5384,5382,"Near Shivsai Vyayam Shala,Durga Nagar,Shri Ganesh Mandap,J.V.Link Road,Jogeshwari-E",Solid Waste Management,2,2,KE,@mybmcSWM,19.1397222,72.8713889,BMC/MCGM via OpenCity,mumbai_public_toilets.kml,SOURCE_KML,4,True,KE,PS,False,PS
119a6c67-922c-41ca-86a2-5a134eda1a09,5386,5384,"Gautam Nagar,Op.Shiv Shakti Mitra Mandal,Near Welfare Central Office,Goregaon-E",Solid Waste Management,3,3,KE,@mybmcSWM,19.1388889,72.8741667,BMC/MCGM via OpenCity,mumbai_public_toilets.kml,SOURCE_KML,6,True,KE,PS,False,PS
e46623d0-9faa-44ce-80bc-1ec8e7830738,5389,5387,"Harinandan Yadav Chawl,Near Srp Camp,Western Exp.Highway,Jogeshwari-E",Solid Waste Management,3,2,KE,@mybmcSWM,19.1419444,72.8555556,BMC/MCGM via OpenCity,mumbai_public_toilets.kml,SOURCE_KML,5,True,KE,PS,False,PS
62f581d9-3e05-4f1b-b638-7196740d79ba,5395,5393,"Gautam Nagar,Near Samaj Kendra,Goregaon-E",Solid Waste Management,4,4,KE,@mybmcSWM,19.1383333,72.875,BMC/MCGM via OpenCity,mumbai_public_toilets.kml,SOURCE_KML,8,True,KE,PS,False,PS
a0af7128-5511-47b2-8d05-822a82c6ddfd,5404,5402,"Swacch Shauchalay, Hira Baug, C. P. Tank Circle,Kasturba Gandhi Chouk, Mumabi-4",Solid Waste Management,1,4,C,@mybmcSWM,18.955,72.8255556,BMC/MCGM via OpenCity,mumbai_public_toilets.kml,SOURCE_KML,5,True,C,D,False,D
acaaddd3-78a5-4687-b451-d6187a061a15,5436,5434,"Mangal  Shauchalay, Jina Bhai Mulji Rathod Marg, Wadi Bandar Marg, Mazgaon, Mumbai-10",Solid Waste Management,2,7,B,@mybmcSWM,18.965,72.8394444,BMC/MCGM via OpenCity,mumbai_public_toilets.kml,SOURCE_KML,9,True,B,E,False,E
c3cdcbfc-a243-4d94-a275-86a9d43955b0,5532,5530,"Sarvajanik Shouchalay, Tank Bander (Mhada Shouchalay) Boat Hard Road Darukhana Rey Road, Mumbai 10",Solid Waste Management,2,2,E,@mybmcSWM,18.9775,72.8497222,BMC/MCGM via OpenCity,mumbai_public_toilets.kml,SOURCE_KML,4,True,E,,False,
89640593-6b4d-444a-b11c-8f32b096266a,5556,5554,"Gita Nagar Shauchalay, Homi Bhaha Road, Gita Nagar, Colaba, Mumbai-5",Solid Waste Management,7,7,A,@mybmcSWM,18.9111111,72.8052778,BMC/MCGM via OpenCity,mumbai_public_toilets.kml,SOURCE_KML,14,True,A,,False,
b062f77b-a24e-4b0b-850d-45057d5425e1,5558,5556,"Gita Nagar Shauchalay, Homi Bhaha Road, Gita Nagar, Colaba, Mumbai-5",Solid Waste Management,6,6,A,@mybmcSWM,18.9133333,72.8069444,BMC/MCGM via OpenCity,mumbai_public_toilets.kml,SOURCE_KML,12,True,A,,False,
60da7359-7832-40b6-b428-fe0dd1ae1917,5615,5613,"Public Service Inditiatave Urinal Manoo Desai Road, Gate Of India, Mumbai-1",Solid Waste Management,0,0,A,@mybmcSWM,18.9172222,72.8313889,BMC/MCGM via OpenCity,mumbai_public_toilets.kml,SOURCE_KML,0,True,A,,False,
d1dcfbf9-dbf0-4a34-bb93-7e270a40b766,5676,5674,"Niramal Shauchalay, I R Road, Near Pay Dhuni Police Station, Paydhuni, Mumbai-3",Solid Waste Management,1,6,B,@mybmcSWM,18.9544444,72.8319444,BMC/MCGM via OpenCity,mumbai_public_toilets.kml,SOURCE_KML,7,True,B,C,False,C
f913b0a9-8c1c-4bd5-894c-edf17a63f3e3,5711,5709,"Near The Stifan High School, Aagar Bazar, Dadar (W), Mumbai- 25",Solid Waste Management,2,2,GN,@mybmcSWM,19.0163889,72.8305556,BMC/MCGM via OpenCity,mumbai_public_toilets.kml,SOURCE_KML,4,True,GN,GS,False,GS
ddf091f6-d860-45cd-ad83-c5e98f9131c3,5886,5884,"Mhada Shouchalay, Purushouttam Wadi, Veer Savarkar Marg, Opp- Kismat Cinema, Prabhadevi",Solid Waste Management,2,2,GN,@mybmcSWM,19.0147222,72.8277778,BMC/MCGM via OpenCity,mumbai_public_toilets.kml,SOURCE_KML,4,True,GN,GS,False,GS
b4693ed8-9acb-46ca-81af-a83fd1b60a12,5887,5885,"Shouchalay, Patil Wadi, Near Om Sai Nath Tailaring Shop, Old Prabhadevi Road, Prabhadevi",Solid Waste Management,2,2,GN,@mybmcSWM,19.0158333,72.8277778,BMC/MCGM via OpenCity,mumbai_public_toilets.kml,SOURCE_KML,4,True,GN,GS,False,GS
b1eff3ec-74a1-494e-aa04-36538838fbdd,5888,5886,"Mhada Shouchalay, Purushouttam Wadi, Veer Savarkar Marg, Opp- Kismat Cinema, Prabhadevi",Solid Waste Management,1,1,GN,@mybmcSWM,19.0158333,72.8272222,BMC/MCGM via OpenCity,mumbai_public_toilets.kml,SOURCE_KML,2,True,GN,GS,False,GS
0acb128c-1bee-41bd-9b77-14b2c87fc8bc,5892,5890,"Mhada Shouchalay, 33/b, brick bunder, hey bunder road, shivadi, mumbai- 33",Solid Waste Management,2,4,E,@mybmcSWM,18.9802778,72.8516667,BMC/MCGM via OpenCity,mumbai_public_toilets.kml,SOURCE_KML,6,True,E,FS,False,FS
6b06495d-129a-4007-b65f-e72a8c4a372b,5943,5941,"Morya Mandir ,Lala Nigam Road, Colaba Mumbai - 5",Solid Waste Management,9,9,A,@mybmcSWM,18.9144444,72.8308333,BMC/MCGM via OpenCity,mumbai_public_toilets.kml,SOURCE_KML,18,True,A,,False,
140e7d3b-b41f-4d7c-b20a-4e8e4c9ceb0a,5944,5942,"Sunder Nagari Souchalay, Lala Nigam Road Colaba Mumbai - 5",Solid Waste Management,5,5,A,@mybmcSWM,18.9141667,72.8305556,BMC/MCGM via OpenCity,mumbai_public_toilets.kml,SOURCE_KML,10,True,A,,False,
aa7c402f-267e-4dfc-89ad-d387fe9d6cf9,5995,5993,"Swachha Shouchalay, 5th Kumbhar Wada, Info P Bapura Road, Maruti Mandir Marg, Mumbai-4",Solid Waste Management,7,3,C,@mybmcSWM,18.9586111,72.8261111,BMC/MCGM via OpenCity,mumbai_public_toilets.kml,SOURCE_KML,10,True,C,D,False,D
6e2d971c-7d12-49b8-bd44-562495eb3176,6045,6043,"Opp- Urvarshi Bulding, Opp sayani Road, Prabhadevi, Dadar (W), Mumbai- 25",Solid Waste Management,1,1,GN,@mybmcSWM,19.0152778,72.8294444,BMC/MCGM via OpenCity,mumbai_public_toilets.kml,SOURCE_KML,2,True,GN,GS,False,GS
938d61a0-e590-445b-b9fc-0b40ec8865e3,6263,6261,Mhada Toilet Janta Colonye Koliwada Nr.Sai Baba Mandir,Solid Waste Management,5,5,GS,@mybmcSWM,19.0177778,72.8213889,BMC/MCGM via OpenCity,mumbai_public_toilets.kml,SOURCE_KML,10,True,GS,,False,
2d93c1fe-4d51-40c7-84bb-12bb095b554c,6264,6262,Mhada Toilet Janta Colonye Koliwada Nr.Sai Baba Mandir,Solid Waste Management,3,3,GS,@mybmcSWM,19.0177778,72.8216667,BMC/MCGM via OpenCity,mumbai_public_toilets.kml,SOURCE_KML,6,True,GS,,False,
df5f2c18-8370-4438-82b2-8b807d6a7144,6265,6263,Mhada Toilet Janta Colonye Koliwada Nr.Sai Baba Mandir,Solid Waste Management,2,2,GS,@mybmcSWM,19.0177778,72.8219444,BMC/MCGM via OpenCity,mumbai_public_toilets.kml,SOURCE_KML,4,True,GS,,False,
7fc361c0-57d2-4027-a695-9b7d73aca623,6298,6296,"Shinde Chawl, Ambawali, Borivili,(E),Mum-66",Solid Waste Management,8,8,RC,@mybmcSWM,19.2415639,72.8600889,BMC/MCGM via OpenCity,mumbai_public_toilets.kml,SOURCE_KML,16,True,RC,RN,False,RN
4f3da534-2158-418a-9ec2-dd3c5205542d,6372,6370,Near Borivili Station Borivli West,Solid Waste Management,5,1,RC,@mybmcSWM,19.2111111,72.8308333,BMC/MCGM via OpenCity,mumbai_public_toilets.kml,SOURCE_KML,6,True,RC,RS,False,RS
89ca95d4-ff0f-47c0-ba2c-345cb20207ce,6373,6371,Near Borivili Stetion Vasant Store  Borivili (W),Solid Waste Management,7,2,RC,@mybmcSWM,19.2113889,72.8308333,BMC/MCGM via OpenCity,mumbai_public_toilets.kml,SOURCE_KML,9,True,RC,RS,False,RS
cb104415-508f-46be-b542-74a223292717,6374,6372,"Lokmanya Tilak Chouk, Near Don Bosko School ,Borivili,(W)",Solid Waste Management,4,3,RC,@mybmcSWM,19.2113889,72.8311111,BMC/MCGM via OpenCity,mumbai_public_toilets.kml,SOURCE_KML,7,True,RC,RS,False,RS
5bdfa345-d2e2-42b9-8399-554282ecddd3,6384,6382,"Mhatre Chawl,Borivili (W),Near Moksha Moll",Solid Waste Management,6,6,RC,@mybmcSWM,19.2130556,72.8666667,BMC/MCGM via OpenCity,mumbai_public_toilets.kml,SOURCE_KML,12,True,RC,RS,False,RS
005064c3-bb18-4393-be5b-36d0397a8a80,6696,6693,"Saran Chawl,Hari Masjid,Kurla Court,Kurla-W",Solid Waste Management,3,3,L,@mybmcSWM,19.0630556,72.8722222,BMC/MCGM via OpenCity,mumbai_public_toilets.kml,SOURCE_KML,6,True,L,HE,False,HE
a8970ea5-2216-492d-a93c-a074cde2ed8a,6697,6694,"156/C,Masjid Chawl,Kurla Court,L.B.S.Road,Kurla-W",Solid Waste Management,6,4,L,@mybmcSWM,19.0627778,72.8719444,BMC/MCGM via OpenCity,mumbai_public_toilets.kml,SOURCE_KML,10,True,L,HE,False,HE
c71af21a-e3b0-4b70-9d58-07fcb2cb5347,6707,6704,"Shree Sainath Nagar ,Garib Mulla Chawl, Kurla Garden,L.B.S. Marg,Kurla (W) Mum-70",Solid Waste Management,8,4,L,@mybmcSWM,19.0605556,72.8711111,BMC/MCGM via OpenCity,mumbai_public_toilets.kml,SOURCE_KML,12,True,L,HE,False,HE
5a2da998-9793-4352-8c6c-886d8acfde5a,6708,6705,"Baba Estate Chawl,Kurla Gardan,Agra Road,Kurla-W",Solid Waste Management,3,3,L,@mybmcSWM,19.0602778,72.8708333,BMC/MCGM via OpenCity,mumbai_public_toilets.kml,SOURCE_KML,6,True,L,HE,False,HE
54fe94a0-a505-48aa-a3e9-af0a53aa6ede,6710,6707,"Indira Nagar,2Nd Lean,Agra Road,Padikhadi,Kurla-W",Solid Waste Management,6,6,L,@mybmcSWM,19.0594444,72.8705556,BMC/MCGM via OpenCity,mumbai_public_toilets.kml,SOURCE_KML,12,True,L,HE,False,HE
684d66fe-8873-4fe5-8f08-fd5fda684278,6711,6708,"Indira Nagar,2Nd Lean,Agra Road,Padikhadi,Kurla-W",Solid Waste Management,3,4,L,@mybmcSWM,19.0588889,72.8702778,BMC/MCGM via OpenCity,mumbai_public_toilets.kml,SOURCE_KML,7,True,L,HE,False,HE
6ea80456-30f2-44f2-a745-d41ce8d8494b,6872,6869,Ambedkar Nagar Kurla (E),Solid Waste Management,4,4,L,@mybmcSWM,19.0652778,72.8980556,BMC/MCGM via OpenCity,mumbai_public_toilets.kml,SOURCE_KML,8,True,L,MW,False,MW
9107899b-ec68-421c-a1fe-97a47cec989a,6873,6870,"Bharatiya Nagar ,Behind Gurukrupa Book Hous",Solid Waste Management,4,3,L,@mybmcSWM,19.065,72.8966667,BMC/MCGM via OpenCity,mumbai_public_toilets.kml,SOURCE_KML,7,True,L,MW,False,MW
76bb5621-26cb-46cd-b908-4fc875c1422e,6926,6923,Gajanan Society Hanuman Tekdi Lalbatti Aslafa Village Ghatkopar (W)Mumbai 94,Solid Waste Management,2,2,L,@mybmcSWM,19.0925,72.8980556,BMC/MCGM via OpenCity,mumbai_public_toilets.kml,SOURCE_KML,4,True,L,N,False,N
15dfc8da-1741-489a-aef1-a61c33e32297,6980,6977,Shree Kala Bhaira Tarun Metra Mandal Reg No 2149 Kurla,Solid Waste Management,6,6,L,@mybmcSWM,19.1080556,72.9125,BMC/MCGM via OpenCity,mumbai_public_toilets.kml,SOURCE_KML,12,True,L,N,False,N
0b0d1b85-75b8-454a-af9b-d7299fa1f29d,6981,6978,Hari On Co Of Creadate Soc Lit Shree Gurha Nerman Sanuta Sangay Gandi Nagar,Solid Waste Management,3,3,L,@mybmcSWM,19.1077778,72.9122222,BMC/MCGM via OpenCity,mumbai_public_toilets.kml,SOURCE_KML,6,True,L,N,False,N
33822e33-fc0c-4b3e-b71a-f34263c36ef1,7128,7125,"Shiv Sadan Nagar,Sandesh Nagar",Solid Waste Management,4,4,L,@mybmcSWM,19.0930556,72.9247222,BMC/MCGM via OpenCity,mumbai_public_toilets.kml,SOURCE_KML,8,True,L,N,False,N
d6a624cf-7c8e-4bf4-a23e-91053b1bb806,7129,7126,"Shiv Sandesh Mitra Mandal,Sandesh Nagar",Solid Waste Management,5,5,L,@mybmcSWM,19.0930556,72.9247222,BMC/MCGM via OpenCity,mumbai_public_toilets.kml,SOURCE_KML,10,True,L,N,False,N
30b316d5-60c4-4d94-bb52-7890c5a915a4,7144,7141,"Chowk Khamba,Swadeshi Mill Compound,Near Sion Station",Solid Waste Management,4,4,L,@mybmcSWM,19.0786111,72.9247222,BMC/MCGM via OpenCity,mumbai_public_toilets.kml,SOURCE_KML,8,True,L,N,False,N
55c81552-f13c-4dbd-9886-b0c0f012d7ce,7145,7142,"Chowk Khamba,Swadeshi Mill Compound,Near Sion Station",Solid Waste Management,4,4,L,@mybmcSWM,19.0783333,72.9244444,BMC/MCGM via OpenCity,mumbai_public_toilets.kml,SOURCE_KML,8,True,L,N,False,N
8431cd46-a9af-4707-b476-374ad9a5b075,7146,7143,Bmc Toilet Near Chunabhatti-E,Solid Waste Management,6,6,L,@mybmcSWM,19.0783333,72.9244444,BMC/MCGM via OpenCity,mumbai_public_toilets.kml,SOURCE_KML,12,True,L,N,False,N
8bfa3afc-b9b4-42c4-8b2c-b2ed55593251,7147,7144,"Patil Lane Chawl,Chunabhatti-E",Solid Waste Management,9,5,L,@mybmcSWM,19.0783333,72.925,BMC/MCGM via OpenCity,mumbai_public_toilets.kml,SOURCE_KML,14,True,L,N,False,N
ba3a0405-7ef4-4082-acda-0ed76e18246e,7148,7145,"Muktadevi & Panka Bild,Chunabhatti-E",Solid Waste Management,3,2,L,@mybmcSWM,19.0780556,72.9241667,BMC/MCGM via OpenCity,mumbai_public_toilets.kml,SOURCE_KML,5,True,L,N,False,N
925ca2e1-4b3b-49fc-9ced-97a1d5110747,7149,7146,"Muktadevi Wada,Rangali Chawl No-4,Chunabhatti-E",Solid Waste Management,10,10,L,@mybmcSWM,19.0786111,72.9244444,BMC/MCGM via OpenCity,mumbai_public_toilets.kml,SOURCE_KML,20,True,L,N,False,N
ee42c7f4-1b39-4ba6-896c-bc375e7b0c4c,7151,7147,"Muktadevi Chawl,Dhadka Maruti Mandir,Chunabhatti",Solid Waste Management,6,5,L,@mybmcSWM,19.0783333,72.9244444,BMC/MCGM via OpenCity,mumbai_public_toilets.kml,SOURCE_KML,11,True,L,N,False,N
01d4a7b4-69ea-4318-ad5a-56bfc2c5e888,7152,7148,"Gaikwad Chawl,Near Bapu Chawl,Hill Road,Chunabhatti",Solid Waste Management,2,2,L,@mybmcSWM,19.0780556,72.9247222,BMC/MCGM via OpenCity,mumbai_public_toilets.kml,SOURCE_KML,4,True,L,N,False,N
d7223a65-cb4e-4d61-84bc-d393fa60a41f,7153,7149,"Mohan Nagar,Hill Road,Madhu Seapna Corporation,Chunabhatti",Solid Waste Management,3,2,L,@mybmcSWM,19.0783333,72.9247222,BMC/MCGM via OpenCity,mumbai_public_toilets.kml,SOURCE_KML,5,True,L,N,False,N
43a2a4fa-5e97-4c41-b156-2b1470d0c10f,7154,7150,"Parshuram Jadhav Chawl,Hill Road,Mohan Nagar,Chunabhatti",Solid Waste Management,3,2,L,@mybmcSWM,19.0783333,72.9247222,BMC/MCGM via OpenCity,mumbai_public_toilets.kml,SOURCE_KML,5,True,L,N,False,N
394199cf-8f63-47ec-935a-3c3ea428d7d4,7155,7151,"Masjid Compound,Chunabhatti",Solid Waste Management,7,7,L,@mybmcSWM,19.0783333,72.9247222,BMC/MCGM via OpenCity,mumbai_public_toilets.kml,SOURCE_KML,14,True,L,N,False,N
e5415f6f-40cf-4fa6-89b3-372531c36dac,7531,7527,Na,Solid Waste Management,3,3,RN,@mybmcSWM,19.2330556,72.8963889,BMC/MCGM via OpenCity,mumbai_public_toilets.kml,SOURCE_KML,6,True,RN,RC,False,RC
10aa5c60-38df-4a81-aa9b-b14dd4da1ffe,7532,7528,"Ekata Nagar,Opp Gokul Nagar,S.W.Obey Road,Rawal Pwal,Dahisar-E.",Solid Waste Management,8,0,RN,@mybmcSWM,19.2294444,72.8827778,BMC/MCGM via OpenCity,mumbai_public_toilets.kml,SOURCE_KML,8,True,RN,RC,False,RC
87c729c2-b1b4-4d32-9693-26f65bacae5e,7535,7531,"Gaondevi Nagar,Near Rakha Keni Chawl S.N Dabey Road,Nera Shivaji Chowk,Dahisar-W",Solid Waste Management,8,5,RN,@mybmcSWM,19.24,72.9022222,BMC/MCGM via OpenCity,mumbai_public_toilets.kml,SOURCE_KML,13,True,RN,RC,False,RC
2c36b6cc-cc41-488d-b8e4-e44b3ce3b650,7570,7566,"Dandekar  Chawl Shauchalay, Vijay  Nagar, B.R.Rd.Mulund(W)",Solid Waste Management,6,6,T,@mybmcSWM,19.1877778,72.9472222,BMC/MCGM via OpenCity,mumbai_public_toilets.kml,SOURCE_KML,12,True,T,,False,
677745ff-cf7f-4d98-a5a2-0549a16629e8,7616,7612,"Mhada Shauchalay, Khindi Pada, Goregaon Link Rd, Mulund - W",Solid Waste Management,6,6,T,@mybmcSWM,19.1661111,72.9302778,BMC/MCGM via OpenCity,mumbai_public_toilets.kml,SOURCE_KML,12,True,T,S,False,S
1a186a5d-654b-4976-ac57-d4e9fe336f8f,7617,7613,"Maharashtra Shashan Shsuchalay, Amar Ngr, Jay Bhawani Galli, Mulund W",Solid Waste Management,8,0,T,@mybmcSWM,19.1669444,72.9305556,BMC/MCGM via OpenCity,mumbai_public_toilets.kml,SOURCE_KML,8,True,T,S,False,S
3d6de24e-20fb-40cd-ba5f-f0b790483411,7663,7659,"Hari Om Nagar Mitra Mandal, Patil Wadi, Mulund (E)",Solid Waste Management,5,5,T,@mybmcSWM,19.1775,72.9713889,BMC/MCGM via OpenCity,mumbai_public_toilets.kml,SOURCE_KML,10,True,T,,False,
c777fe28-daf2-4dab-9fd4-09844ac60ef2,7981,7977,"Motilal Nehru Nagar,Kokari Agar,S.M.Road,Sion Koliwada",Solid Waste Management,6,8,FN,@mybmcSWM,19.0258333,72.8783333,BMC/MCGM via OpenCity,mumbai_public_toilets.kml,SOURCE_KML,14,True,FN,MW,False,MW
76cd1a32-92fc-4d91-bc23-aad70711bc58,8149,8145,"Nutan Nagar Near Daulat Nagar S,V,Road, Borivili (E) ,Mum-66",Solid Waste Management,3,3,RC,@mybmcSWM,19.2394444,72.8611111,BMC/MCGM via OpenCity,mumbai_public_toilets.kml,SOURCE_KML,6,True,RC,RN,False,RN
37649df0-44d3-4872-8224-54843f7ddf73,8151,8147,"Nutan Nagar Near Daulat Nagar , Borivili (E)",Solid Waste Management,5,2,RC,@mybmcSWM,19.2391667,72.8608333,BMC/MCGM via OpenCity,mumbai_public_toilets.kml,SOURCE_KML,7,True,RC,RN,False,RN
43b99319-8f0d-4a02-aca2-adc7800ff8f9,8252,8248,"Bhakati Niketan Chawl, Badarekar Wadi, Jogeshwari,(E) Mum-60",Solid Waste Management,6,0,KE,@mybmcSWM,19.1425,72.8530556,BMC/MCGM via OpenCity,mumbai_public_toilets.kml,SOURCE_KML,6,True,KE,PS,False,PS
7214ba65-d814-4504-ae65-cde90dc2263f,8256,8252,"Bajrang Niwas, Badarekar Wadi, Jogeshwari, (E)Mum-60",Solid Waste Management,6,0,KE,@mybmcSWM,19.1427778,72.8527778,BMC/MCGM via OpenCity,mumbai_public_toilets.kml,SOURCE_KML,6,True,KE,PS,False,PS
a6ce1aaf-6fd3-4fc2-b9a4-aec2be3c6631,8257,8253,"Mahadev Laxman Chawl, Bhandrekar Wadi, Jogeshwari, (E) , Mum-60",Solid Waste Management,4,0,KE,@mybmcSWM,19.1427778,72.8536111,BMC/MCGM via OpenCity,mumbai_public_toilets.kml,SOURCE_KML,4,True,KE,PS,False,PS
0fa4c720-1196-43e7-9892-9036dbf11a2b,8258,8254,"Bhakati Niketan Chawl, Badarekar Wadi, Jogeshwari,(E) Mum-60",Solid Waste Management,4,0,KE,@mybmcSWM,19.1427778,72.8530556,BMC/MCGM via OpenCity,mumbai_public_toilets.kml,SOURCE_KML,4,True,KE,PS,False,PS
c544a45a-3aa6-4018-ae38-158d4934ec77,8259,8255,"Bajrang Niwas, Badarekar Wadi, Jogeshwari, (E)Mum-60",Solid Waste Management,8,0,KE,@mybmcSWM,19.1427778,72.8527778,BMC/MCGM via OpenCity,mumbai_public_toilets.kml,SOURCE_KML,8,True,KE,PS,False,PS
6442cd9f-69c4-48ee-84d7-ec616a1cb341,8265,8261,"Mahadev Laxman Chawl, Bhandrekar Wadi, Jogeshwari, (E) , Mum-60",Solid Waste Management,3,0,KE,@mybmcSWM,19.1427778,72.8533333,BMC/MCGM via OpenCity,mumbai_public_toilets.kml,SOURCE_KML,3,True,KE,PS,False,PS
53030be9-2ef9-43a4-b2a4-ce06f098b11f,8267,8263,"Shree Krushna So. New Indira Nagar, Near Shivsena Shakha, Jogeshwari (E).",Solid Waste Management,5,5,KE,@mybmcSWM,19.1447222,72.8522222,BMC/MCGM via OpenCity,mumbai_public_toilets.kml,SOURCE_KML,10,True,KE,PS,False,PS
a1a92764-cd0e-4b58-8d80-c54c49697e6f,8305,8301,"Asalpha Pada Jambhali Pada , Near Datta Mandir, Andhari Link Road, Ghatkopar (W)",Solid Waste Management,0,21,N,@mybmcSWM,19.0933333,72.8977778,BMC/MCGM via OpenCity,mumbai_public_toilets.kml,SOURCE_KML,21,True,N,L,False,L
ffac8826-7dce-4b2c-9e3d-95dd17cd5c5b,8324,8320,"Sarvajnik Shouchalay Naigaon,S.S.Wagh Cross Marg,Near Naigaon Police Station,Mum-15",Solid Waste Management,1,2,FN,@mybmcSWM,19.0072222,72.8475,BMC/MCGM via OpenCity,mumbai_public_toilets.kml,SOURCE_KML,3,True,FN,FS,False,FS
15d1ed29-6f5c-4cca-8794-ecdbfb5a2ac7,8330,8326,"Sarvajnik Shouchalay Naigaon,S.S.Wagh Cross Marg,Near Naigaon Police Station,Mum-15",Solid Waste Management,3,3,FN,@mybmcSWM,19.0075,72.8452778,BMC/MCGM via OpenCity,mumbai_public_toilets.kml,SOURCE_KML,6,True,FN,FS,False,FS
7f213752-f715-4f5c-a2a3-7ab07a4da1d0,8351,8347,"Khed Galli, Gokhale Road, Sai Bhakti Marg, Dadar (W), Mumbai- 25",Solid Waste Management,1,1,GN,@mybmcSWM,19.0138889,72.8313889,BMC/MCGM via OpenCity,mumbai_public_toilets.kml,SOURCE_KML,2,True,GN,GS,False,GS
b3d64b5d-2371-4021-816a-acac4666f45a,8361,8357,"Sulabh Shauchalay,Datta Nagar,Cheeta Camp,M.G.Ramchandra Marg,Mankhurd",Solid Waste Management,4,4,MW,@mybmcSWM,19.0363889,72.9463889,BMC/MCGM via OpenCity,mumbai_public_toilets.kml,SOURCE_KML,8,True,MW,ME,False,ME
c9a5710e-e923-497e-a430-502a68e5b4d7,8362,8358,"Mhada Shauchalay,Datta Nagar,Cheeta Camp,M.G.Ramchandra Marg,Mankhurd",Solid Waste Management,5,5,MW,@mybmcSWM,19.0372222,72.9477778,BMC/MCGM via OpenCity,mumbai_public_toilets.kml,SOURCE_KML,10,True,MW,ME,False,ME
9b178038-526b-4faf-8020-a533bcdff9ec,8365,8361,Mharashtra Shasan Shel Colony Rd Ashok Samrat Nagar Chembur,Solid Waste Management,0,12,ME,@mybmcSWM,19.0605556,72.8880556,BMC/MCGM via OpenCity,mumbai_public_toilets.kml,SOURCE_KML,12,True,ME,MW,False,MW
7cd3c6be-f85b-450e-8929-4680175fe295,8366,8362,Mharashtra Shasan Shel Colony Rd Ashok Samrat Nagar Chembur,Solid Waste Management,0,10,ME,@mybmcSWM,19.0608333,72.8888889,BMC/MCGM via OpenCity,mumbai_public_toilets.kml,SOURCE_KML,10,True,ME,MW,False,MW
64ce0dc8-1d99-423f-93f4-94dd18d16011,8367,8363,Jetavan Shouchalay Shel Colony Road Ashok Samta Nagar Chembur,Solid Waste Management,16,16,ME,@mybmcSWM,19.0616667,72.8888889,BMC/MCGM via OpenCity,mumbai_public_toilets.kml,SOURCE_KML,32,True,ME,MW,False,MW
b8cd36a2-ed65-40b8-afd7-9fd470d09ded,8368,8364,Mharashtra Shasan Shel Colony Rd Ashok Samrat Nagar Chembur,Solid Waste Management,10,0,ME,@mybmcSWM,19.0608333,72.8888889,BMC/MCGM via OpenCity,mumbai_public_toilets.kml,SOURCE_KML,10,True,ME,MW,False,MW
cf9ec43d-5279-489d-897b-8e6c35385143,8407,8403,"Bal Vikas Mitra Mandal Majaas Gav ,Tekadi, Jogeshwari.East",Solid Waste Management,8,8,KE,@mybmcSWM,19.1419444,72.8594444,BMC/MCGM via OpenCity,mumbai_public_toilets.kml,SOURCE_KML,16,True,KE,PS,False,PS
ddac7c06-2a92-46bb-83bc-b8c98acb1e71,8408,8404,"Bal Vikas Mitra Mandal Majaas Gav ,Tekadi, Jogeshwari.East",Solid Waste Management,6,5,KE,@mybmcSWM,19.1419444,72.8594444,BMC/MCGM via OpenCity,mumbai_public_toilets.kml,SOURCE_KML,11,True,KE,PS,False,PS
b7d6301b-bdd6-435f-b85f-d0f5d9575d4e,8415,8411,"Parvatibai Gandhi Chawl, Shivtekadi ,Ghufaroad ,Jogeshwari (E) ,Badivali Vidya Mandir Highschool,",Solid Waste Management,4,4,KE,@mybmcSWM,19.1419444,72.8616667,BMC/MCGM via OpenCity,mumbai_public_toilets.kml,SOURCE_KML,8,True,KE,PS,False,PS
