pseudocode,boys,girls,total_enrolment
1003436,174,201,375
1005046,236,187,423
1025236,213,167,380
1029555,472,406,878
1030658,1,1,2
1041282,1015,849,1864
1042996,166,147,313
1044270,486,478,964
1046524,6,12,18
1062929,577,635,1212
1063480,0,1108,1108
1063899,856,703,1559
1072417,0,1270,1270
1073258,638,587,1225
1083387,945,763,1708
1091073,20,6,26
1094742,227,197,424
1096492,2482,253,2735
1096557,622,557,1179
1098640,94,94,188
1105893,604,383,987
1108689,49,46,95
1113512,78,56,134
1113689,315,179,494
1130259,120,120,240
1131142,36,40,76
1142713,337,244,581
1149949,123,146,269
1152309,35,39,74
1162418,160,133,293
1170949,439,439,878
1176426,354,168,522
1184131,59,53,112
1193571,9,10,19
1201384,30,23,53
1204292,37,18,55
1222548,170,149,319
1229423,36,42,78
1232739,45,69,114
1263824,0,323,323
1272899,0,748,748
1286935,380,259,639
1291187,389,375,764
1299884,0,623,623
1301309,40,49,89
1302852,181,106,287
1303161,1378,1221,2599
1304578,0,93,93
1307305,543,441,984
1309262,2142,1807,3949
1313782,319,301,620
1316576,26,17,43
1321284,334,242,576
1323977,0,753,753
1324530,278,316,594
1326613,354,223,577
1344278,114,53,167
1346120,652,662,1314
1356854,43,45,88
1357994,940,0,940
1358245,316,189,505
1362105,80,79,159
1366705,449,197,646
1371790,732,624,1356
1373838,147,110,257
1375203,0,730,730
1377330,119,77,196
1385891,552,536,1088
1389361,161,206,367
1397644,28,13,41
1400212,103,1234,1337
1400764,50,30,80
1412813,65,56,121
1412971,760,673,1433
1425824,18,4,22
1433553,34,39,73
1435633,845,856,1701
1440759,311,177,488
1443315,325,257,582
1448835,326,274,600
1488048,200,126,326
1503157,600,498,1098
1511490,16,11,27
1511950,258,229,487
1522422,214,0,214
1530467,3,4,7
1535579,464,337,801
1538875,6,5,11
1562839,28,21,49
1565655,121,73,194
1583446,355,330,685
1583537,508,416,924
1589117,145,121,266
1591297,40,43,83
1600411,76,62,138
1602631,802,821,1623
1605466,762,0,762
1615403,282,153,435
1617490,164,165,329
1622585,189,132,321
1622822,0,631,631
1625140,70,70,140
1625206,8,6,14
1629552,319,284,603
1629960,304,269,573
1634868,0,250,250
1643917,135,92,227
1645486,353,368,721
1658696,69,56,125
1664751,263,284,547
1665919,15,11,26
1671484,24,20,44
1672083,687,1166,1853
1674001,114,115,229
1676857,172,103,275
1681253,25,17,42
1683229,39,27,66
1686448,97,54,151
1687039,133,41,174
1691502,16,42,58
1694508,182,93,275
1701393,154,79,233
1703291,1562,2053,3615
1719079,35,29,64
1725651,192,247,439
1726283,139,98,237
1737376,32,45,77
1738272,109,30,139
1742829,125,70,195
1743140,132,102,234
1756195,810,592,1402
1760336,82,89,171
1763522,108,68,176
1764494,86,106,192
1770346,199,201,400
1772520,295,291,586
1773932,91,94,185
1778140,107,54,161
1780207,0,1066,1066
1787782,209,178,387
1790880,7,12,19
1794124,282,231,513
1800674,4,4,8
1805516,3,7,10
1812972,109,119,228
1819128,14,14,28
1819800,35,31,66
1826186,71,57,128
1833519,42,35,77
1834114,77,73,150
1837104,100,64,164
1839595,26,36,62
1841878,2,7,9
1847084,605,410,1015
1849644,1113,846,1959
1850421,12,9,21
1856162,11,1,12
1872624,325,276,601
1873889,93,78,171
1875555,15,25,40
1884260,53,25,78
1886861,0,891,891
1890127,703,513,1216
1900004,3427,1402,4829
1916086,16,10,26
1925133,22,63,85
1927981,0,3,3
1936579,1320,57,1377
1938172,32,21,53
1939272,370,314,684
1947905,625,523,1148
1948516,469,443,912
1964482,128,89,217
1966598,18,17,35
1966843,482,358,840
1969992,240,250,490
1979402,5,8,13
1994929,88,17,105
1996598,420,203,623
2001972,1445,1325,2770
2008419,612,408,1020
2014705,122,109,231
2020795,0,92,92
2022094,128,131,259
2026030,267,234,501
2028604,530,404,934
2030957,226,135,361
2032692,150,169,319
2046533,1070,925,1995
2050971,86,75,161
2051805,0,38,38
2052770,32,20,52
2057624,638,421,1059
2071695,589,430,1019
2082418,15,544,559
2086369,131,153,284
2091245,6,5,11
2095859,29,12,41
2104076,1307,977,2284
2104602,855,534,1389
2106628,0,199,199
2113001,274,330,604
2114341,97,91,188
2122304,156,77,233
2125038,85,42,127
2130844,418,308,726
2139723,20,10,30
2145547,221,219,440
2157656,1267,1212,2479
2159544,886,0,886
2168999,1830,2659,4489
2176293,55,47,102
2178034,471,313,784
2180793,31,19,50
2190094,47,45,92
2197885,21,19,40
2201741,648,635,1283
2207673,122,47,169
2217558,0,648,648
2240578,605,899,1504
2241786,328,270,598
2247606,199,131,330
2248119,765,653,1418
2260146,0,507,507
2262738,298,291,589
2269823,149,102,251
2273207,114,247,361
2273406,19,9,28
2275379,455,220,675
2295199,152,66,218
2295507,43,34,77
2295570,329,269,598
2306705,413,315,728
2315017,853,838,1691
2315021,2,1,3
2330037,0,81,81
2331923,618,543,1161
2338519,111,134,245
2340409,28,12,40
2340969,282,439,721
2341341,0,516,516
2344040,252,150,402
2356243,52,50,102
2362703,197,137,334
2369998,303,164,467
2370201,411,466,877
2381905,143,88,231
2382797,1607,748,2355
2385992,97,36,133
2393261,390,316,706
2393991,202,132,334
2395482,56,44,100
2401620,106,88,194
2403166,42,44,86
2403186,574,261,835
2404096,40,62,102
2406437,0,1638,1638
2418886,44,32,76
2421154,154,101,255
2421477,23,33,56
2424914,379,363,742
2430407,258,158,416
2435889,291,0,291
2441087,85,81,166
2451206,16,28,44
2452094,321,300,621
2453399,207,168,375
2454071,280,209,489
2456198,38,36,74
2457080,241,132,373
2465247,627,580,1207
2465710,36,44,80
2473111,49,58,107
2479489,57,42,99
2482599,108,89,197
2482744,3,4,7
2482810,75,83,158
2485194,90,222,312
2485822,237,198,435
2486616,16,20,36
2497115,0,172,172
2508063,77,76,153
2514902,88,114,202
2526617,421,258,679
2535066,29,37,66
2537256,669,329,998
2537277,124,127,251
2547945,736,523,1259
2553414,48,19,67
2557110,45,32,77
2563054,276,273,549
2565129,196,180,376
2569538,0,1731,1731
2587279,193,145,338
2590817,68,55,123
2591292,129,122,251
2591682,975,943,1918
2593711,57,55,112
2594466,178,161,339
2599665,104,91,195
2601939,102,102,204
2606914,361,242,603
2607501,95,91,186
2611777,289,214,503
2616549,328,338,666
2629216,780,587,1367
2631058,789,707,1496
2653062,85,35,120
2655944,1411,1318,2729
2661394,196,195,391
2662840,24,38,62
2678354,282,269,551
2679548,135,97,232
2690736,491,292,783
2714218,65,53,118
2721295,104,121,225
2723027,372,0,372
2730580,167,185,352
2735991,1,6,7
2737874,1639,963,2602
2740486,170,139,309
2743529,632,0,632
2746464,69,29,98
2747430,71,92,163
2747880,541,565,1106
2753706,0,870,870
2753963,701,621,1322
2761995,102,166,268
2763082,210,21,231
2763387,277,255,532
2771735,196,117,313
2776028,101,72,173
2785385,3,6,9
2786080,1860,1282,3142
2786834,173,156,329
2787336,52,0,52
2794426,10,6,16
2796955,201,223,424
2801041,87,59,146
2804283,139,92,231
2807902,14,13,27
2809616,13,12,25
2810805,745,731,1476
2811298,500,337,837
2812864,128,116,244
2813322,16,13,29
2827186,240,263,503
2837740,12,15,27
2842145,179,246,425
2846175,614,706,1320
2851375,8,10,18
2858508,42,33,75
2859528,610,468,1078
2861096,57,45,102
2861465,8,10,18
2866825,77,46,123
2882841,240,182,422
2900890,501,305,806
2903863,67,56,123
2908908,308,177,485
2911938,145,117,262
2913915,290,295,585
2915764,4,3,7
2916018,424,539,963
2919852,870,0,870
2935625,139,139,278
2941449,100,74,174
2943363,1013,1230,2243
2943390,206,156,362
2943702,242,200,442
2944778,33,24,57
2949018,232,185,417
2949508,719,685,1404
2951298,235,192,427
2968324,105,90,195
2970073,1094,853,1947
2975818,66,80,146
2977056,6,7,13
2983983,370,318,688
2985256,62,46,108
2987917,250,168,418
3003994,292,270,562
3010693,522,374,896
3011318,53,42,95
3014040,704,459,1163
3019424,85,50,135
3020188,9,22,31
3023498,597,537,1134
3024441,605,317,922
3024598,36,46,82
3027324,11,6,17
3030048,1005,0,1005
3036387,119,120,239
3036454,537,358,895
3044292,63,46,109
3044753,300,316,616
3047887,61,90,151
3049385,463,279,742
3057591,157,120,277
3061718,0,1,1
3063764,593,564,1157
3064354,77,62,139
3067600,140,132,272
3068163,927,873,1800
3069578,488,319,807
3071187,93,62,155
3073338,797,565,1362
3077665,261,99,360
3078795,171,72,243
3082133,76,62,138
3083055,41,16,57
3083389,121,96,217
3083771,102,79,181
3086032,117,153,270
3095792,500,386,886
3099901,50,33,83
3104347,241,279,520
3105657,154,107,261
3106115,1,1,2
3108434,122,104,226
3108683,576,516,1092
3109926,1364,1193,2557
3115531,645,514,1159
3122967,12,4,16
3128520,957,991,1948
3133931,81,49,130
3139018,163,209,372
3142838,795,625,1420
3148966,36,23,59
3157889,520,968,1488
3167775,534,364,898
3169269,676,588,1264
3169658,12,33,45
3172881,593,422,1015
3179082,671,523,1194
3189330,5,21,26
3200938,19,18,37
3201303,129,106,235
3206542,2,2,4
3209203,592,396,988
3210867,715,565,1280
3216386,0,128,128
3223989,86,45,131
3224626,769,400,1169
3225182,206,202,408
3234428,0,40,40
3236112,247,189,436
3237479,334,258,592
3242046,246,111,357
3250249,1198,1026,2224
3266177,434,309,743
3267707,247,207,454
3281039,541,0,541
3295282,95,83,178
3309058,69,68,137
3314257,599,602,1201
3316691,279,224,503
3318006,192,86,278
3321446,21,11,32
3323625,73,65,138
3345959,397,676,1073
3350090,446,370,816
3351589,1158,729,1887
3351928,105,91,196
3356003,81,36,117
3357145,57,46,103
3360596,615,470,1085
3363836,7,8,15
3365949,1064,455,1519
3372880,343,268,611
3376416,321,214,535
3385358,14,15,29
3394202,63,41,104
3407357,269,366,635
3408318,453,0,453
3419683,248,222,470
3421138,631,527,1158
3432780,232,127,359
3433730,567,378,945
3440865,529,393,922
3445113,53,55,108
3449581,987,351,1338
3453374,287,223,510
3460074,69,48,117
3464986,100,66,166
3476742,358,290,648
3479996,548,649,1197
3481106,307,258,565
3497719,247,144,391
3513525,1478,1057,2535
3513616,583,382,965
3520321,157,197,354
3520805,43,24,67
3524114,0,1037,1037
3531838,71,46,117
3532771,0,1175,1175
3535795,912,842,1754
3539111,294,211,505
3543806,59,57,116
3546696,0,752,752
3549475,24,1,25
3559091,0,477,477
3564666,794,678,1472
3566061,112,116,228
3567487,42,50,92
3570897,125,103,228
3577124,0,109,109
3579826,16,13,29
3581350,54,37,91
3583144,48,55,103
3588204,392,193,585
3591493,150,87,237
3592137,255,161,416
3610850,25,19,44
3614356,24,19,43
3615013,10,157,167
3615072,169,108,277
3618293,479,438,917
3625086,693,620,1313
3630880,148,83,231
3635596,57,82,139
3636206,143,109,252
3647567,432,0,432
3647575,1354,1165,2519
3648173,50,62,112
3655077,533,490,1023
3655689,17,0,17
3674031,59,66,125
3675779,4,3,7
3686348,259,232,491
3695604,0,1332,1332
3704630,236,184,420
3708410,85,52,137
3709666,426,378,804
3709669,149,115,264
3711382,108,108,216
3715468,27,21,48
3715502,319,232,551
3722598,213,129,342
3735177,366,326,692
3741365,1472,1416,2888
3750565,6,1,7
3755665,622,610,1232
3757426,43,24,67
3773057,971,632,1603
3810429,291,222,513
3811167,791,674,1465
3819231,125,97,222
3853373,3391,2104,5495
3854770,310,275,585
3856068,194,92,286
3856575,128,129,257
3856803,252,211,463
3872597,143,98,241
3875818,134,71,205
3884314,409,303,712
3891269,169,124,293
3899124,0,1137,1137
3899645,84,81,165
3906392,668,645,1313
3908303,1145,1103,2248
3915937,148,70,218
3922423,135,76,211
3923226,114,95,209
3924898,230,146,376
3925373,80,85,165
3926217,20,19,39
3937615,620,440,1060
3942082,187,72,259
3942420,81,79,160
3955814,749,726,1475
3957144,267,241,508
3964221,107,79,186
3964759,40,36,76
3971080,157,146,303
3977587,157,78,235
3983411,11,8,19
3986936,2,5,7
3987748,541,480,1021
3992350,30,27,57
3999309,38,48,86
3999596,41,12,53
4005579,233,173,406
4009258,1413,1078,2491
4021759,68,142,210
4022443,122,60,182
4025049,376,336,712
4028545,70,28,98
4035502,251,159,410
4040243,256,455,711
4048933,91,56,147
4050913,64,152,216
4056320,2,21,23
4056858,1394,1439,2833
4059822,11,35,46
4065934,412,384,796
4067633,68,52,120
4069670,502,475,977
4071864,1213,1105,2318
4076202,203,200,403
4077826,162,111,273
4082113,89,76,165
4097501,38,14,52
4098885,53,55,108
4104860,14,11,25
4108519,22,23,45
4114045,10,12,22
4116504,170,160,330
4121668,836,680,1516
4122124,858,771,1629
4125304,481,406,887
4129170,622,993,1615
4130811,119,76,195
4131283,1096,787,1883
4150945,1,1,2
4154329,440,413,853
4155958,127,127,254
4157352,454,336,790
4159300,52,60,112
4160364,0,281,281
4172987,173,54,227
4173596,336,155,491
4181334,725,95,820
4181556,97,85,182
4187854,297,248,545
4198957,394,297,691
4200966,107,89,196
4202106,357,378,735
4203033,234,226,460
4206853,0,1104,1104
4207198,265,245,510
4207748,2353,1151,3504
4208005,21,9,30
4208505,989,315,1304
4208720,65,27,92
4212357,327,209,536
4216673,144,75,219
4216796,122,95,217
4219043,614,560,1174
4227361,235,97,332
4234729,247,146,393
4236441,153,148,301
4242148,635,543,1178
4243548,100,96,196
4245593,306,396,702
4246460,91,73,164
4254529,457,195,652
4255286,889,0,889
4263471,547,447,994
4273766,312,314,626
4275134,1084,0,1084
4283616,436,390,826
4300307,1456,1526,2982
4308548,69,49,118
4313568,384,371,755
4323359,0,1781,1781
4323929,89,0,89
4324829,395,374,769
4342061,388,22,410
4354543,10,13,23
4361314,691,784,1475
4367751,34,38,72
4370363,438,269,707
4372918,793,924,1717
4376148,22,16,38
4383492,11,10,21
4383701,159,126,285
4385810,116,109,225
4393812,322,270,592
4395480,129,92,221
4398220,448,345,793
4399236,3,5,8
4401435,10,3,13
4420234,0,843,843
4422462,285,277,562
4428850,44,78,122
4432117,293,212,505
4442343,109,139,248
4446080,16,74,90
4458923,234,241,475
4471456,9,7,16
4473485,134,139,273
4479863,9,23,32
4481232,282,205,487
4487136,213,198,411
4495333,31,17,48
4499862,9,2,11
4523054,979,0,979
4528276,10,10,20
4530650,390,0,390
4534072,158,193,351
4539581,680,423,1103
4556205,0,957,957
4558851,106,93,199
4561491,218,180,398
4564187,161,173,334
4569810,51,3,54
4573107,56,56,112
4577277,398,358,756
4584866,92,67,159
4586857,58,56,114
4587762,138,104,242
4598680,89,71,160
4602567,806,497,1303
4607181,435,427,862
4622935,103,92,195
4624319,141,141,282
4641353,737,701,1438
4663401,0,202,202
4667751,360,192,552
4677383,0,395,395
4677840,2,6,8
4698011,1158,949,2107
4719901,314,275,589
4721890,23,16,39
4730503,169,129,298
4733878,25,15,40
4734105,434,360,794
4736121,174,155,329
4743597,284,384,668
4751097,91,64,155
4755429,45,18,63
4761012,20,13,33
4771730,62,59,121
4776347,113,86,199
4776939,57,45,102
4781384,553,298,851
4786228,431,615,1046
4789615,609,397,1006
4791909,65,51,116
4798555,96,51,147
4803345,0,981,981
4806440,70,68,138
4807308,121,68,189
4810202,233,174,407
4814414,127,11,138
4815893,486,320,806
4816091,165,0,165
4819797,698,0,698
4821603,3127,2462,5589
4831364,188,105,293
4832234,634,521,1155
4840123,33,45,78
4841447,204,102,306
4847799,4,3,7
4857915,513,435,948
4868504,314,282,596
4876621,241,245,486
4879125,510,450,960
4882656,107,128,235
4883444,275,222,497
4884855,701,796,1497
4887774,2,0,2
4899460,93,74,167
4903003,109,55,164
4904254,158,115,273
4909789,19,26,45
4912669,85,0,85
4916070,10,19,29
4925171,488,473,961
4927720,576,403,979
4929085,185,220,405
4934129,37,19,56
4937148,109,78,187
4941872,706,553,1259
4971573,30,15,45
4975489,273,158,431
4975572,0,12,12
4982259,203,271,474
4984043,0,48,48
4985254,547,0,547
4986357,1,1,2
4988515,344,284,628
4994853,846,703,1549
4996170,679,562,1241
4996702,49,48,97
5008125,152,42,194
5016508,75,66,141
5017356,1153,1389,2542
5021124,0,998,998
5021938,199,116,315
5024839,107,73,180
5027616,128,136,264
5036843,128,27,155
5040174,910,860,1770
5046992,20,8,28
5047220,596,486,1082
5050646,238,242,480
5051153,152,82,234
5055837,102,47,149
5068210,113,92,205
5076751,32,9,41
5084457,114,83,197
5086384,146,73,219
5086615,50,60,110
5093495,5,1,6
5101606,131,127,258
5102701,59,26,85
5117013,510,361,871
5120534,958,847,1805
5122773,694,699,1393
5132025,266,355,621
5133646,1169,673,1842
5133716,58,44,102
5144803,852,888,1740
5145835,33,18,51
5149374,210,165,375
5150527,1067,1036,2103
5154910,94,46,140
5161044,123,95,218
5165692,224,114,338
5191026,1228,1077,2305
5195723,0,340,340
5200086,0,687,687
5201331,20,15,35
5203622,304,283,587
5214113,147,58,205
5214413,337,224,561
5214652,25,17,42
5214670,177,42,219
5216338,341,324,665
5221668,0,348,348
5234727,1019,965,1984
5245765,182,144,326
5255745,473,224,697
5271061,271,476,747
5280230,47,53,100
5296801,1044,806,1850
5297163,510,383,893
5299697,352,409,761
5301017,225,78,303
5302084,85,86,171
5313306,1532,1444,2976
5314665,679,506,1185
5315361,38,32,70
5315682,139,125,264
5316243,112,70,182
5318715,82,90,172
5319265,164,109,273
5325581,312,158,470
5325726,83,68,151
5326520,382,404,786
5329567,161,131,292
5334335,770,494,1264
5336684,609,490,1099
5349038,277,186,463
5371954,99,84,183
5373982,1232,1398,2630
5393713,15,7,22
5421240,378,465,843
5425491,203,174,377
5426269,434,210,644
5432094,1399,1074,2473
5432843,0,1427,1427
5446274,41,27,68
5451065,0,1004,1004
5457613,0,231,231
5460334,619,430,1049
5460646,619,385,1004
5460994,325,313,638
5480049,73,51,124
5483392,231,63,294
5485445,81,64,145
5494437,889,930,1819
5495771,674,588,1262
5505731,681,589,1270
5511556,27,37,64
5515229,36,35,71
5519187,307,182,489
5523516,155,211,366
5524262,478,427,905
5528676,0,771,771
5528770,6,5,11
5531437,163,110,273
5532239,9,7,16
5540503,39,50,89
5541010,30,18,48
5542882,307,284,591
5553459,171,113,284
5553781,34,23,57
5558815,5,8,13
5559888,434,330,764
5565892,321,235,556
5570183,29,27,56
5572683,544,0,544
5576747,0,1736,1736
5591724,30,25,55
5599345,61,39,100
5604468,84,77,161
5605009,106,61,167
5621963,10,3,13
5628847,58,35,93
5633129,758,648,1406
5639687,1127,831,1958
5639873,329,278,607
5657330,526,373,899
5669893,958,883,1841
5674658,1209,1077,2286
5682490,558,433,991
5684299,1086,0,1086
5686099,88,76,164
5686250,381,392,773
5687057,0,213,213
5697722,55,38,93
5700798,165,116,281
5708406,457,415,872
5708583,2475,1673,4148
5712954,83,80,163
5720327,13,15,28
5731643,55,67,122
5742752,186,128,314
5746617,366,501,867
5761087,180,174,354
5772419,0,564,564
5780297,100,66,166
5781185,162,154,316
5789678,130,99,229
5795561,179,202,381
5796556,1610,1159,2769
5803126,234,187,421
5805304,22,21,43
5808655,490,257,747
5813599,110,127,237
5827676,299,241,540
5841517,79,56,135
5859926,3,6,9
5880864,29,12,41
5884748,11,22,33
5888475,895,734,1629
5894303,56,45,101
5894566,122,105,227
5895001,532,494,1026
5900251,17,9,26
5903304,119,83,202
5915223,221,206,427
5918470,600,523,1123
5931263,1405,1280,2685
5931505,45,33,78
5937135,225,200,425
5937679,332,248,580
5950054,543,348,891
5956506,90,115,205
5959788,268,171,439
5972989,7,6,13
5975717,272,272,544
5979266,525,389,914
5981943,225,173,398
5986673,160,146,306
5990930,675,586,1261
5998773,772,520,1292
6007217,45,24,69
6007645,90,99,189
6009386,161,158,319
6019570,383,274,657
6024023,342,267,609
6039620,369,51,420
6041348,42,34,76
6042327,86,73,159
6051500,358,207,565
6052520,332,219,551
6059353,170,196,366
6064085,650,1174,1824
6064754,320,268,588
6065102,201,107,308
6068906,660,608,1268
6078137,5,14,19
6086126,129,102,231
6090817,344,226,570
6098581,313,263,576
6098735,108,88,196
6100135,0,365,365
6106659,82,71,153
6106815,541,424,965
6107887,229,139,368
6109586,545,368,913
6116631,9,18,27
6117239,262,213,475
6126179,186,87,273
6127664,164,164,328
6130490,145,151,296
6137264,0,483,483
6138822,148,92,240
6143934,70,44,114
6146195,882,536,1418
6147892,208,106,314
6152244,0,439,439
6153138,0,958,958
6154054,13,25,38
6166554,732,724,1456
6170152,225,200,425
6170707,382,353,735
6173352,56,39,95
6185740,36,45,81
6193670,228,267,495
6194860,67,102,169
6201621,727,701,1428
6206138,143,141,284
6222106,60,51,111
6227372,264,237,501
6228553,352,264,616
6230290,263,165,428
6241997,151,112,263
6245159,28,35,63
6248402,80,65,145
6252075,433,470,903
6252092,228,139,367
6254426,765,583,1348
6254621,87,38,125
6258826,11,9,20
6262062,81,64,145
6264889,201,128,329
6269214,9,59,68
6282921,145,81,226
6286312,170,92,262
6292584,898,1143,2041
6292732,360,350,710
6297037,390,351,741
6299379,110,130,240
6307481,1063,748,1811
6319273,9,9,18
6323083,106,89,195
6324940,21,14,35
6337114,215,89,304
6344352,195,174,369
6346018,306,238,544
6360702,114,153,267
6361446,376,304,680
6363845,287,205,492
6377378,135,192,327
6378199,416,172,588
6378359,568,576,1144
6381030,77,77,154
6382777,91,197,288
6384541,73,75,148
6385248,656,534,1190
6389366,52,99,151
6399184,3,0,3
6400704,545,395,940
6402495,6,5,11
6404036,366,302,668
6412386,9,11,20
6414386,10,18,28
6417217,79,56,135
6417929,307,197,504
6424976,594,468,1062
6431932,210,148,358
6434917,28,24,52
6439697,144,129,273
6449441,116,115,231
6450574,1907,1692,3599
6461195,1528,1428,2956
6476622,19,13,32
6481002,282,608,890
6484058,832,738,1570
6485342,94,94,188
6497975,681,511,1192
6498393,462,491,953
6499643,634,406,1040
6502984,248,198,446
6507378,13,18,31
6514387,0,793,793
6529656,823,511,1334
6534224,390,328,718
6540353,167,119,286
6562787,514,325,839
6568642,35,35,70
6577771,141,145,286
6579936,349,0,349
6584433,250,325,575
6584881,327,315,642
6590560,459,372,831
6590874,198,194,392
6598236,229,254,483
6609383,51,1890,1941
6612978,6,1,7
6642951,699,594,1293
6645380,700,304,1004
6649567,49,67,116
6650414,50,72,122
6651655,0,558,558
6660514,0,837,837
6664354,562,349,911
6667789,143,119,262
6677541,535,353,888
6678576,147,39,186
6678724,59,55,114
6682506,135,111,246
6688398,11,8,19
6691996,55,32,87
6694053,21,18,39
6694261,90,71,161
6703765,90,59,149
6709964,35,0,35
6716575,1097,1,1098
6735048,118,86,204
6738109,9,14,23
6738487,61,58,119
6752063,686,584,1270
6756183,314,215,529
6774837,27,29,56
6777886,193,103,296
6787215,0,593,593
6787505,0,195,195
6789140,142,180,322
6796967,279,202,481
6799056,215,207,422
6807115,184,109,293
6809376,66,44,110
6809792,75,78,153
6821944,95,98,193
6823035,173,140,313
6832494,972,619,1591
6837066,296,255,551
6841595,0,804,804
6843501,268,173,441
6845229,143,107,250
6847986,759,430,1189
6851636,110,112,222
6853066,120,110,230
6864193,383,367,750
6874905,492,361,853
6880174,43,21,64
6887269,324,302,626
6887353,639,579,1218
6887550,153,142,295
6892278,480,0,480
6903048,24,78,102
6904213,246,198,444
6908882,17,11,28
6931904,140,144,284
6934609,391,238,629
6942909,146,167,313
6945235,83,7,90
6946033,707,69,776
6951259,167,155,322
6951673,14,14,28
6958268,20,12,32
6964722,573,254,827
6966497,200,133,333
6968838,40,32,72
6977125,99,97,196
6989939,320,207,527
6996117,376,261,637
6999483,443,311,754
7008206,799,562,1361
7009176,108,134,242
7012340,31,26,57
7016371,352,216,568
7023883,208,165,373
7024062,212,196,408
7027847,80,47,127
7029578,16,13,29
7038866,236,183,419
7044773,0,157,157
7050368,115,169,284
7050585,106,121,227
7051913,89,85,174
7052174,10,7,17
7052951,847,697,1544
7056210,31,41,72
7068397,169,104,273
7070732,19,12,31
7075609,670,637,1307
7078201,42,36,78
7079435,29,43,72
7081352,580,509,1089
7081844,976,951,1927
7083178,923,770,1693
7093678,275,174,449
7095600,0,1788,1788
7101838,112,96,208
7105549,542,360,902
7105562,124,104,228
7108082,55,48,103
7115834,508,229,737
7116787,55,57,112
7133447,594,521,1115
7135911,455,401,856
7143909,42,23,65
7154110,41,36,77
7168525,969,921,1890
7174128,143,120,263
7175087,151,160,311
7176235,4,0,4
7177236,64,66,130
7188039,306,310,616
7188401,26,31,57
7197061,576,0,576
7202385,76,65,141
7205814,113,46,159
7211109,91,235,326
7213395,30,56,86
7223690,9,8,17
7231251,25,32,57
7242394,364,178,542
7247807,118,68,186
7258501,372,240,612
7273163,178,104,282
7293104,127,101,228
7293825,231,185,416
7296720,1161,810,1971
7296914,52,41,93
7307264,110,87,197
7316921,838,463,1301
7323977,450,382,832
7334060,0,1772,1772
7340199,183,99,282
7346596,117,66,183
7354094,236,252,488
7358086,137,99,236
7358721,48,40,88
7365410,106,106,212
7371715,298,196,494
7374175,33,21,54
7380432,50,41,91
7381809,0,711,711
7388042,34,55,89
7388367,240,151,391
7389536,28,57,85
7402040,530,461,991
7418339,190,196,386
7421510,422,517,939
7434207,4,0,4
7437419,115,104,219
7444549,88,79,167
7446034,5,15,20
7446642,336,232,568
7448533,182,156,338
7449179,5,1,6
7450863,75,70,145
7451350,285,244,529
7453562,35,41,76
7460595,183,149,332
7462321,716,668,1384
7466476,33,14,47
7468920,465,365,830
7473843,999,1204,2203
7483425,16,3,19
7484403,726,578,1304
7493460,219,194,413
7495939,28,24,52
7504299,268,268,536
7518995,915,860,1775
7519035,114,88,202
7530233,125,99,224
7543211,341,448,789
7545058,43,52,95
7550608,136,54,190
7553451,266,0,266
7560651,0,24,24
7561858,240,152,392
7568069,104,85,189
7569233,406,170,576
7570738,1326,0,1326
7574910,60,45,105
7577331,134,72,206
7584229,388,537,925
7591123,305,161,466
7591438,367,291,658
7598579,105,95,200
7599538,135,112,247
7602497,661,467,1128
7613160,105,114,219
7617680,275,141,416
7625076,83,77,160
7631166,406,302,708
7637415,0,5,5
7640056,749,697,1446
7646867,615,495,1110
7647988,802,526,1328
7658136,64,39,103
7660355,162,158,320
7662504,226,146,372
7664886,40,52,92
7668724,4,2,6
7670009,411,296,707
7676919,166,120,286
7680061,1326,795,2121
7687039,974,1137,2111
7687395,471,521,992
7693578,120,156,276
7695255,430,260,690
7696124,126,88,214
7697088,493,199,692
7700333,521,559,1080
7714325,646,524,1170
7714723,17,26,43
7722080,0,902,902
7727923,135,147,282
7733383,103,39,142
7743101,0,716,716
7743663,74,36,110
7757172,470,475,945
7769298,241,175,416
7773919,217,144,361
7781776,771,555,1326
7785384,723,510,1233
7785674,552,404,956
7797655,263,219,482
7799462,444,428,872
7805316,9,11,20
7822067,140,94,234
7823329,51,54,105
7824385,495,558,1053
7827818,107,99,206
7828496,0,1109,1109
7831254,14,5,19
7831455,551,387,938
7831672,140,87,227
7832468,76,56,132
7834575,391,362,753
7837786,194,169,363
7837910,63,60,123
7838325,97,157,254
7839185,429,355,784
7844507,74,258,332
7850622,80,62,142
7869270,216,184,400
7881294,48,29,77
7890917,362,244,606
7898317,110,130,240
7902989,330,244,574
7904808,52,71,123
7905398,160,109,269
7912335,208,193,401
7929977,93,98,191
7936763,242,427,669
7947893,402,629,1031
7948589,14,35,49
7953950,1730,1914,3644
7958563,1198,967,2165
7966270,27,13,40
7990222,263,240,503
7996261,169,156,325
8002572,33,13,46
8002655,77,46,123
8004106,266,215,481
8016620,281,296,577
8041953,70,54,124
8042939,37,32,69
8047115,109,47,156
8047546,486,346,832
8051294,28,35,63
8051654,212,114,326
8051880,76,60,136
8052967,70,69,139
8053179,727,655,1382
8055773,488,441,929
8057326,401,408,809
8070344,3,8,11
8074894,120,83,203
8076784,18,33,51
8082017,840,714,1554
8088593,130,107,237
8095227,62,36,98
8102521,736,648,1384
8105976,127,104,231
8106002,101,84,185
8112205,147,110,257
8116734,333,231,564
8117082,3,5,8
8118696,1025,902,1927
8137289,165,195,360
8145014,62,42,104
8157868,79,54,133
8166539,898,668,1566
8169470,87,79,166
8181729,280,236,516
8182865,15,51,66
8184062,586,473,1059
8188760,126,153,279
8190299,265,263,528
8194322,833,750,1583
8202877,209,0,209
8206663,246,207,453
8207156,171,104,275
8209970,332,305,637
8214300,126,76,202
8214414,421,350,771
8217019,20,14,34
8221599,151,108,259
8222134,93,96,189
8224045,112,111,223
8225152,26,10,36
8225644,156,170,326
8225975,126,136,262
8231992,333,321,654
8238209,80,80,160
8241574,101,28,129
8242269,439,426,865
8243244,333,270,603
8243790,850,631,1481
8246408,428,377,805
8248202,40,47,87
8270988,597,568,1165
8272848,173,110,283
8277981,568,479,1047
8278351,244,410,654
8281293,321,0,321
8282313,278,175,453
8285583,369,314,683
8287152,635,310,945
8289668,8,0,8
8289719,427,387,814
8295182,368,339,707
8297147,26,9,35
8298036,0,2,2
8301164,151,21,172
8314216,128,105,233
8314296,229,195,424
8314918,45,45,90
8322257,12,15,27
8328147,178,187,365
8358001,8,15,23
8365071,9,9,18
8367436,17,18,35
8368143,245,230,475
8370332,73,54,127
8370791,0,1093,1093
8375713,11,8,19
8382644,336,318,654
8386719,0,1087,1087
8391975,56,64,120
8396240,824,717,1541
8425570,694,502,1196
8439968,240,224,464
8448711,468,440,908
8449511,946,416,1362
8449620,309,325,634
8453454,324,239,563
8454927,291,399,690
8461470,6,2,8
8468894,73,50,123
8476073,410,288,698
8480610,1436,1628,3064
8489540,526,430,956
8489912,150,157,307
8498201,1231,723,1954
8503855,35,39,74
8512495,33,14,47
8523323,159,132,291
8524026,345,292,637
8530507,634,422,1056
8536984,104,88,192
8547268,269,233,502
8549916,1403,0,1403
8553452,238,193,431
8556621,24,24,48
8558553,652,535,1187
8560709,367,326,693
8565958,51,56,107
8573745,143,36,179
8580966,826,710,1536
8581257,774,247,1021
8585723,95,145,240
8591293,15,9,24
8602037,80,63,143
8603645,104,28,132
8617020,1263,0,1263
8628092,312,262,574
8628395,65,63,128
8628893,6,4,10
8628923,470,251,721
8631314,395,318,713
8631886,401,316,717
8637726,62,142,204
8655378,0,176,176
8658752,184,121,305
8660554,38,40,78
8662201,15,21,36
8664806,95,60,155
8665131,13,5,18
8666817,252,254,506
8669951,240,229,469
8678137,0,308,308
8680339,57,71,128
8682977,57,51,108
8684630,176,75,251
8687506,173,302,475
8696260,42,33,75
8696544,0,986,986
8697773,108,94,202
8700444,336,268,604
8712603,0,526,526
8717097,489,328,817
8718007,1938,1874,3812
8719166,33,30,63
8726351,343,239,582
8731655,174,140,314
8740252,32,31,63
8742396,177,156,333
8743983,2698,1751,4449
8759283,4,9,13
8762586,10,5,15
8765406,139,157,296
8766945,61,45,106
8778286,179,135,314
8784566,950,603,1553
8785848,70,32,102
8791011,70,61,131
8800549,56,40,96
8800694,21,40,61
8803069,617,579,1196
8806027,84,78,162
8810251,1304,1435,2739
8812840,177,92,269
8826322,182,164,346
8835458,49,33,82
8838917,15,13,28
8849781,1562,1420,2982
8849908,209,60,269
8854053,249,170,419
8861350,1516,1468,2984
8862940,84,112,196
8865147,91,82,173
8865592,0,603,603
8867821,122,107,229
8868477,745,316,1061
8876036,16,19,35
8881626,0,408,408
8895956,314,273,587
8899126,152,180,332
8903927,38,28,66
8908319,248,245,493
8911852,38,18,56
8912452,15,49,64
8936337,152,88,240
8973720,40,34,74
8983550,63,101,164
8987046,466,418,884
8990373,645,533,1178
8996038,407,479,886
8996919,632,324,956
8997739,1033,745,1778
8999463,163,21,184
9003148,236,227,463
9010888,198,136,334
9014984,119,90,209
9016220,292,265,557
9016906,160,100,260
9020807,55,57,112
9026019,86,91,177
9034269,402,289,691
9036515,715,448,1163
9040059,196,117,313
9047213,0,381,381
9048430,384,255,639
9055235,306,196,502
9057809,148,95,243
9068963,57,43,100
9071964,313,255,568
9073452,298,146,444
9081134,1786,1865,3651
9081410,99,224,323
9083962,41,42,83
9089462,239,174,413
9092663,1849,1608,3457
9092969,52,26,78
9093274,546,505,1051
9093877,316,198,514
9095965,0,474,474
9097237,15,8,23
9101519,41,48,89
9106318,269,182,451
9112417,357,400,757
9114561,59,60,119
9116342,17,14,31
9117703,304,284,588
9127132,28,13,41
9133983,35,55,90
9140268,821,175,996
9141585,121,63,184
9143852,15,17,32
9150873,80,35,115
9154962,271,252,523
9165340,406,407,813
9172179,25,48,73
9183590,180,317,497
9187432,705,727,1432
9188838,77,123,200
9190204,515,473,988
9192259,303,280,583
9193730,115,96,211
9194497,8,7,15
9205883,0,199,199
9213224,172,89,261
9213791,0,506,506
9214445,3,1,4
9214933,472,220,692
9215904,0,101,101
9216638,180,167,347
9221961,1231,1232,2463
9226616,188,135,323
9228691,4,0,4
9235683,0,1044,1044
9239159,191,169,360
9241029,385,96,481
9243602,838,221,1059
9247547,63,43,106
9250168,40,44,84
9251614,96,99,195
9258275,26,28,54
9266066,238,184,422
9268093,84,67,151
9269755,512,367,879
9270229,203,143,346
9273129,126,59,185
9275426,66,37,103
9279104,169,120,289
9279776,279,303,582
9280226,1008,838,1846
9305324,33,26,59
9322423,0,662,662
9325226,74,105,179
9326075,210,239,449
9334755,916,805,1721
9347695,270,293,563
9350807,541,477,1018
9351213,1395,1148,2543
9352514,2,2,4
9352567,161,0,161
9372099,185,141,326
9376347,754,771,1525
9376458,142,166,308
9377890,989,848,1837
9378578,82,59,141
9381339,47,48,95
9383616,47,27,74
9387485,558,458,1016
9394125,35,54,89
9394203,83,43,126
9394300,21,18,39
9401460,0,122,122
9411979,406,256,662
9414305,6,12,18
9425048,157,125,282
9435876,495,415,910
9439004,24,22,46
9442460,864,634,1498
9444111,1111,912,2023
9451373,161,176,337
9460378,66,57,123
9460794,5,6,11
9461713,161,99,260
9469835,339,285,624
9475435,401,341,742
9479548,2,7,9
9484403,24,12,36
9488947,59,23,82
9493101,1199,1378,2577
9500217,727,630,1357
9511002,80,55,135
9516563,701,469,1170
9518808,351,312,663
9524060,171,123,294
9539310,1060,897,1957
9541878,29,31,60
9544874,153,112,265
9549533,46,62,108
9549625,355,267,622
9552835,38,40,78
9556927,36,17,53
9558040,89,88,177
9569069,294,176,470
9570806,29,27,56
9575202,46,51,97
9580494,11,7,18
9585040,0,203,203
9588511,416,328,744
9595450,79,55,134
9601349,89,51,140
9603864,241,229,470
9606036,542,451,993
9612061,0,882,882
9616237,75,68,143
9617352,148,69,217
9622244,57,75,132
9624387,2,11,13
9631471,9,13,22
9638556,533,589,1122
9646967,18,22,40
9648316,15,7,22
9651497,323,261,584
9651724,54,47,101
9655648,0,160,160
9663197,376,354,730
9666187,275,197,472
9669367,201,217,418
9670297,111,102,213
9673690,50,33,83
9684073,130,26,156
9687658,69,60,129
9690768,51,43,94
9693823,259,265,524
9704017,42,32,74
9708576,184,129,313
9720454,49,85,134
9728039,94,91,185
9731459,736,710,1446
9734232,33,28,61
9747369,340,197,537
9752445,404,345,749
9755207,161,66,227
9755801,531,447,978
9756694,2,6,8
9756804,684,479,1163
9766666,118,52,170
9772203,6,9,15
9773823,27,42,69
9773977,35,31,66
9790831,40,30,70
9818593,791,718,1509
9818627,251,209,460
9830673,1376,170,1546
9835977,121,86,207
9837348,118,120,238
9839887,54,29,83
9844940,59,61,120
9857607,62,66,128
9858451,250,183,433
9858757,219,60,279
9859896,649,550,1199
9860387,632,468,1100
9864365,95,67,162
9864475,116,109,225
9866177,114,137,251
9868281,22,12,34
9883401,88,1507,1595
9888078,8,13,21
9896154,294,283,577
9897836,28,10,38
9904283,200,183,383
9908658,149,104,253
9914907,240,124,364
9918267,132,132,264
9919307,113,77,190
9921132,0,2,2
9921202,195,171,366
9927326,56,43,99
9931553,37,37,74
9932468,130,111,241
9946473,631,0,631
9960693,49,11,60
9961517,183,55,238
9966698,68,57,125
9973697,282,193,475
9975056,291,316,607
9995317,36,33,69
9996501,114,78,192
1011885,69,56,125
1021930,20,29,49
1022204,93,77,170
1023331,45,36,81
1026618,60,65,125
1027228,152,139,291
1032071,127,131,258
1034437,74,54,128
1036813,71,59,130
1040957,0,438,438
1056352,4,6,10
1067907,232,210,442
1070323,183,59,242
1072624,29,25,54
1073984,63,29,92
1078819,66,43,109
1087731,81,87,168
1094519,75,103,178
1098081,27,12,39
1098532,45,53,98
1098567,4,7,11
1099495,5,9,14
1101720,364,369,733
1102059,76,84,160
1104890,14,11,25
1107281,135,115,250
1110438,5,3,8
1112910,95,84,179
1113859,362,292,654
1117003,187,160,347
1117458,149,128,277
1117618,87,172,259
1118062,130,111,241
1119585,280,215,495
1123095,13,6,19
1130315,15,13,28
1132210,301,254,555
1132288,287,264,551
1140694,5,9,14
1143821,508,395,903
1148209,5,2,7
1148596,57,61,118
1152816,432,357,789
1156337,520,399,919
1157564,114,115,229
1159840,399,343,742
1160115,222,155,377
1174847,13,17,30
1182531,16,5,21
1184330,11,11,22
1187468,28,28,56
1188879,1581,1363,2944
1189310,396,375,771
1193835,366,341,707
1195082,419,372,791
1196612,156,128,284
1206032,130,185,315
1206578,443,221,664
1210247,39,60,99
1210708,123,125,248
1215119,199,158,357
1218788,34,28,62
1222980,41,29,70
1238360,20,10,30
1239201,85,60,145
1251476,8,3,11
1251779,53,31,84
1251969,355,385,740
1254310,58,60,118
1256848,8,3,11
1259647,1,0,1
1261064,32,27,59
1261216,26,16,42
1261759,13,20,33
1262812,27,27,54
1266277,7,1,8
1266744,251,190,441
1269230,116,143,259
1270083,186,204,390
1278213,420,461,881
1283350,16,16,32
1289674,79,36,115
1291874,147,114,261
1293911,17,10,27
1294571,97,92,189
1295243,233,139,372
1296096,310,281,591
1306922,356,174,530
1310401,434,459,893
1312677,87,85,172
1314874,688,776,1464
1314930,113,105,218
1324138,26,18,44
1325055,233,279,512
1336336,121,124,245
1342282,219,189,408
1343901,229,171,400
1346492,15,15,30
1347408,431,370,801
1349106,151,106,257
1350583,27,21,48
1360084,375,326,701
1361815,384,313,697
1363630,35,39,74
1370546,81,58,139
1374549,169,195,364
1377135,154,105,259
1379505,183,217,400
1379827,113,119,232
1379962,78,41,119
1380220,538,694,1232
1381439,11,16,27
1384536,94,113,207
1387124,49,41,90
1390129,226,146,372
1391726,188,152,340
1396054,207,188,395
1410951,44,19,63
1414563,18,16,34
1414831,479,411,890
1415635,179,220,399
1417732,0,226,226
1419562,98,81,179
1425656,80,77,157
1426098,3,1,4
1428939,15,10,25
1432510,270,203,473
1447711,29,13,42
1454041,222,207,429
1456849,544,435,979
1462536,322,342,664
1462973,85,88,173
1464412,41,19,60
1466100,7,8,15
1467295,411,333,744
1468149,3,6,9
1471248,83,104,187
1475684,142,108,250
1477175,197,154,351
1477333,155,151,306
1482805,103,114,217
1499602,56,53,109
1499838,27,16,43
1511641,180,147,327
1520547,42,50,92
1527837,20,13,33
1529369,346,274,620
1529836,431,417,848
1530756,226,277,503
1537168,519,350,869
1537582,104,115,219
1537709,34,43,77
1545207,141,160,301
1547587,40,52,92
1551358,297,157,454
1559661,0,3,3
1566310,338,341,679
1566326,208,102,310
1567496,132,111,243
1568648,22,11,33
1572076,69,26,95
1572453,198,238,436
1575315,14,11,25
1584247,105,75,180
1584472,138,106,244
1590235,20,37,57
1594254,154,121,275
1594617,46,63,109
1608595,165,110,275
1614162,81,65,146
1618426,12,5,17
1624362,136,117,253
1625956,81,65,146
1627046,113,114,227
1635706,280,288,568
1636452,745,726,1471
1640909,22,27,49
1642752,30,21,51
1650746,154,131,285
1654383,154,162,316
1656568,13,26,39
1658864,25,19,44
1660307,141,130,271
1665665,119,70,189
1666568,64,66,130
1677658,360,402,762
1697549,143,143,286
1697816,2,3,5
1698304,685,596,1281
1701444,177,153,330
1706688,383,564,947
1707289,105,73,178
1710751,258,259,517
1720981,96,96,192
1721773,40,31,71
1723463,0,636,636
1739848,0,685,685
1739889,81,77,158
1741962,29,32,61
1750331,375,305,680
1753038,398,604,1002
1756611,38,23,61
1757561,609,605,1214
1766715,70,65,135
1768363,46,36,82
1775433,55,70,125
1776056,12,10,22
1779484,122,71,193
1783888,67,77,144
1787109,496,550,1046
1788665,221,142,363
1788811,52,52,104
1792431,27,22,49
1795070,267,232,499
1804261,197,0,197
1804359,31,23,54
1806139,113,106,219
1809691,189,147,336
1827762,133,126,259
1827791,5,6,11
1838775,516,657,1173
1840900,176,157,333
1854212,116,67,183
1855231,286,235,521
1856986,64,103,167
1858000,41,34,75
1859696,503,406,909
1863565,12,11,23
1868153,2,1,3
1870872,264,255,519
1872368,69,45,114
1875338,207,199,406
1875803,3,2,5
1879005,22,10,32
1883475,22,27,49
1886363,121,105,226
1887741,623,450,1073
1888057,48,59,107
1889822,85,78,163
1891686,168,216,384
1893286,30,24,54
1894602,28,32,60
1896525,231,203,434
1897042,360,284,644
1902601,137,107,244
1903633,63,69,132
1906658,3,2,5
1907509,54,52,106
1912783,531,503,1034
1912987,352,171,523
1913052,172,181,353
1914822,39,30,69
1915346,22,21,43
1921808,6,7,13
1924108,322,245,567
1925695,284,264,548
1927719,80,92,172
1935127,80,101,181
1937424,147,63,210
1938786,323,299,622
1940857,96,87,183
1946340,70,84,154
1949027,248,290,538
1953134,51,54,105
1960098,387,404,791
1961921,53,45,98
1962219,115,235,350
1965972,0,124,124
1969948,102,105,207
1970441,14,1,15
1971962,249,274,523
1976130,55,50,105
1979419,94,62,156
1980362,6,9,15
1980667,713,673,1386
1982066,260,303,563
1987191,16,19,35
2001714,58,49,107
2004745,465,442,907
2014526,55,25,80
2015321,143,154,297
2028107,13,18,31
2032470,7,6,13
2034695,1069,967,2036
2036206,811,0,811
2041169,20,24,44
2042691,63,40,103
2046328,0,609,609
2048203,158,121,279
2058621,62,10,72
2061494,39,30,69
2066317,159,109,268
2078673,11,10,21
2078710,143,150,293
2081260,111,105,216
2092191,1,4,5
2092474,32,21,53
2095757,152,164,316
2100120,40,34,74
2100462,16,17,33
2105687,19,11,30
2113346,174,189,363
2115546,218,202,420
2115870,3,6,9
2128198,10,2,12
2132340,61,54,115
2139424,134,93,227
2141559,73,54,127
2142548,27,32,59
2147283,320,269,589
2148524,188,168,356
2152853,0,199,199
2153028,165,202,367
2156313,208,169,377
2157548,154,8,162
2158592,24,17,41
2164222,350,311,661
2166831,14,20,34
2168133,53,49,102
2174320,179,124,303
2174579,46,47,93
2176765,164,150,314
2183221,3,3,6
2187150,0,732,732
2187516,148,117,265
2189560,109,79,188
2190337,28,22,50
2198025,439,435,874
2198186,270,223,493
2198221,141,121,262
2202684,24,8,32
2209485,107,126,233
2215858,91,76,167
2224864,260,320,580
2226340,33,29,62
2245001,36,29,65
2245559,58,48,106
2250923,24,31,55
2253578,207,385,592
2257307,13,17,30
2258971,12,4,16
2259770,706,562,1268
2264624,131,94,225
2265925,13,9,22
2266291,305,217,522
2268851,12,4,16
2273677,185,190,375
2274067,72,70,142
2280731,208,148,356
2285385,18,14,32
2285881,29,17,46
2298320,446,335,781
2298602,13,13,26
2299145,0,373,373
2304443,116,116,232
2307835,11,10,21
2311467,92,55,147
2338785,93,78,171
2342778,52,31,83
2350427,19,15,34
2358224,215,171,386
2361213,4,3,7
2366164,104,96,200
2377699,128,120,248
2391494,56,51,107
2409737,125,162,287
2414528,162,169,331
2421661,19,26,45
2421698,296,247,543
2423731,198,238,436
2437455,95,88,183
2437469,152,101,253
2440221,211,165,376
2440357,258,234,492
2443537,128,66,194
2448578,94,75,169
2449654,0,722,722
2461227,203,177,380
2461393,617,584,1201
2465678,37,39,76
2466658,0,427,427
2470458,16,23,39
2484487,32,26,58
2491221,7,9,16
2492070,187,182,369
2492252,59,66,125
2499064,0,160,160
2507817,52,64,116
2508504,6,8,14
2510087,11,6,17
2512569,116,78,194
2512943,59,67,126
2515495,0,923,923
2515664,263,249,512
2517387,0,320,320
2518221,69,64,133
2525580,241,216,457
2530784,484,359,843
2533576,256,165,421
2536829,134,119,253
2538758,62,54,116
2541087,49,45,94
2541878,36,66,102
2548063,149,131,280
2556716,310,242,552
2557349,7,10,17
2558563,61,95,156
2574038,145,143,288
2577827,2,1,3
2577945,94,168,262
2583432,45,17,62
2588599,226,193,419
2589453,235,173,408
2594981,280,277,557
2595658,50,63,113
2606007,134,107,241
2606415,2,5,7
2607700,73,54,127
2608034,107,76,183
2610992,123,138,261
2619504,48,53,101
2626577,49,54,103
2632621,7,4,11
2635962,388,295,683
2640209,321,231,552
2651520,23,18,41
2652760,703,0,703
2654687,21,20,41
2655009,25,7,32
2667172,1,2,3
2668190,461,447,908
2669994,275,228,503
2672207,154,133,287
2674948,289,295,584
2695126,49,40,89
2697815,42,35,77
2711799,191,150,341
2711992,444,353,797
2712398,17,23,40
2715848,137,147,284
2718580,66,51,117
2725703,94,89,183
2737940,4,2,6
2739003,34,28,62
2742466,0,681,681
2746013,7,11,18
2750500,2,1,3
2755192,11,8,19
2756161,6,3,9
2761885,16,17,33
2762271,38,28,66
2763358,60,37,97
2776650,286,230,516
2777883,225,223,448
2788390,62,28,90
2793818,113,108,221
2794837,409,362,771
2799339,306,220,526
2801776,107,114,221
2807599,27,22,49
2811576,591,553,1144
2811979,37,31,68
2812664,128,107,235
2823743,33,24,57
2825838,0,1,1
2825961,68,269,337
2826689,37,23,60
2827554,246,289,535
2832841,146,65,211
2834454,30,24,54
2834891,763,702,1465
2835996,122,168,290
2838671,191,168,359
2846972,77,70,147
2852208,12,5,17
2852456,34,36,70
2852598,305,258,563
2853385,83,70,153
2857477,22,17,39
2869446,12,4,16
2870426,195,180,375
2873147,44,34,78
2876669,312,291,603
2880854,4,12,16
2882001,41,52,93
2882460,13,10,23
2890749,146,116,262
2903808,291,331,622
2907368,95,91,186
2907721,252,203,455
2912354,118,101,219
2912824,583,583,1166
2914499,55,37,92
2917910,383,286,669
2925806,331,23,354
2926487,87,80,167
2933603,75,35,110
2943172,89,74,163
2946576,76,78,154
2948036,153,130,283
2948762,33,50,83
2956650,101,103,204
2962034,171,131,302
2964671,217,169,386
2975548,23,27,50
2981084,129,141,270
2981413,24,21,45
2992364,20,6,26
3000589,152,205,357
3007473,151,101,252
3009500,316,246,562
3014679,62,77,139
3014930,112,110,222
3021783,74,41,115
3024551,153,126,279
3025460,47,57,104
3037970,23,12,35
3041830,25,23,48
3043249,343,300,643
3046135,138,117,255
3047122,48,42,90
3049981,186,226,412
3052240,73,73,146
3053386,5,14,19
3057144,25,26,51
3057356,441,385,826
3058399,66,68,134
3060290,84,81,165
3065304,3,8,11
3066382,21,5,26
3066529,177,126,303
3069060,20,20,40
3069925,21,21,42
3075150,120,83,203
3075373,46,90,136
3076849,6,6,12
3088197,4,15,19
3095811,101,73,174
3097228,38,54,92
3097840,97,102,199
3098952,35,42,77
3101887,331,367,698
3112284,127,81,208
3117597,354,336,690
3124996,153,78,231
3128058,189,137,326
3139694,97,78,175
3143077,236,219,455
3143675,296,245,541
3146773,87,58,145
3148458,343,330,673
3149617,8,12,20
3153343,358,288,646
3154117,149,143,292
3155579,5,4,9
3161065,78,67,145
3173097,71,73,144
3174914,158,168,326
3176639,285,213,498
3178356,15,22,37
3181473,4,3,7
3191011,39,45,84
3195667,48,50,98
3202644,263,381,644
3208291,100,61,161
3210549,550,458,1008
3213040,3,2,5
3217127,658,522,1180
3217553,121,112,233
3221085,118,89,207
3221737,52,56,108
3229400,79,51,130
3230939,0,1111,1111
3237217,185,194,379
3248979,81,29,110
3249640,3,0,3
3252274,59,64,123
3254036,28,18,46
3254817,150,128,278
3259464,138,117,255
3271738,6,2,8
3277398,153,146,299
3278174,14,12,26
3281784,293,231,524
3286695,476,446,922
3289241,254,231,485
3291553,63,49,112
3291844,52,50,102
3298299,33,33,66
3307486,11,14,25
3311250,15,20,35
3317563,211,216,427
3319423,108,86,194
3329338,7,20,27
3335524,82,56,138
3342853,86,107,193
3346999,19,12,31
3348713,5,1,6
3354387,25,25,50
3355924,36,32,68
3358107,386,322,708
3366811,36,33,69
3394864,52,63,115
3396148,60,35,95
3399377,232,205,437
3411535,14,8,22
3414602,62,34,96
3414930,6,9,15
3416515,198,175,373
3419300,54,66,120
3420419,248,346,594
3422150,85,81,166
3423739,34,27,61
3424807,101,107,208
3428325,110,92,202
3437119,40,29,69
3449241,812,625,1437
3454636,275,245,520
3456197,183,122,305
3458217,5,2,7
3461811,21,15,36
3465667,76,64,140
3477289,188,172,360
3483157,68,60,128
3485596,97,106,203
3490159,9,10,19
3496035,186,157,343
3503932,95,77,172
3504347,427,0,427
3505066,68,66,134
3506290,102,84,186
3517535,102,69,171
3519403,37,38,75
3522201,526,522,1048
3522380,99,54,153
3525973,205,172,377
3534586,85,82,167
3541799,539,0,539
3542417,88,57,145
3543657,306,231,537
3547718,9,11,20
3551338,390,313,703
3551844,199,196,395
3557706,7,7,14
3557784,158,167,325
3560918,159,152,311
3561958,0,84,84
3566401,290,309,599
3568330,12,17,29
3574346,74,101,175
3576313,287,0,287
3581066,0,1,1
3584294,18,21,39
3585968,270,245,515
3586058,63,56,119
3586124,80,54,134
3589472,6,4,10
3589933,19,16,35
3595573,162,120,282
3595594,22,34,56
3596457,42,28,70
3598746,26,42,68
3598862,20,22,42
3600558,240,273,513
3600766,438,440,878
3607157,77,74,151
3607289,113,91,204
3610925,96,101,197
3617626,63,61,124
3617811,10,11,21
3618751,370,276,646
3623693,8,18,26
3631317,216,220,436
3642373,83,79,162
3643909,21,39,60
3646692,17,20,37
3647018,37,10,47
3648536,375,332,707
3649593,21,31,52
3652009,134,121,255
3663958,252,200,452
3671216,305,262,567
3675627,82,68,150
3677584,3,1,4
3677714,439,402,841
3680668,82,99,181
3685757,79,72,151
3687871,0,603,603
3688248,124,117,241
3689664,254,222,476
3693073,598,564,1162
3695727,39,32,71
3696878,594,0,594
3699371,470,627,1097
3700537,60,45,105
3705490,112,101,213
3707281,29,50,79
3710148,17,11,28
3712971,67,72,139
3713965,54,43,97
3716262,420,487,907
3716791,146,61,207
3717066,263,228,491
3717674,98,81,179
3717799,467,608,1075
3724482,146,103,249
3728279,19,24,43
3740906,124,108,232
3749361,49,30,79
3752455,129,0,129
3753760,56,45,101
3767466,45,42,87
3777342,278,272,550
3778470,84,127,211
3782470,13,7,20
3785330,32,26,58
3785953,85,94,179
3786165,392,0,392
3788520,29,15,44
3799766,444,453,897
3806847,0,151,151
3808077,29,23,52
3809025,204,160,364
3810587,94,31,125
3815023,296,322,618
3816655,129,138,267
3818794,42,42,84
3819077,35,29,64
3821892,203,164,367
3829275,24,20,44
3831162,206,151,357
3836922,19,17,36
3842744,2,0,2
3842981,24,25,49
3843242,287,212,499
3850003,280,258,538
3851562,27,28,55
3852244,189,238,427
3855504,226,145,371
3855601,198,166,364
3858622,0,328,328
3860600,31,25,56
3868800,190,191,381
3872023,15,17,32
3877894,115,127,242
3881641,443,401,844
3889431,423,264,687
3890876,387,320,707
3891156,258,250,508
3891627,72,77,149
3891893,30,41,71
3892940,27,20,47
3896069,157,214,371
3904956,24,20,44
3921394,92,96,188
3922078,12,9,21
3927885,399,420,819
3933003,409,346,755
3933048,376,291,667
3937394,180,93,273
3944822,585,362,947
3948883,11,12,23
3948946,133,111,244
3955655,9,4,13
3956362,68,87,155
3962097,113,130,243
3962404,430,339,769
3965879,17,14,31
3969962,9,4,13
3981792,154,130,284
3982370,21,37,58
3986032,440,283,723
3996830,71,55,126
4004949,19,6,25
4006061,279,247,526
4007973,27,35,62
4009556,216,201,417
4010489,108,91,199
4012905,45,40,85
4020190,75,93,168
4024337,234,229,463
4026708,32,12,44
4027216,71,59,130
4030802,9,5,14
4038003,53,61,114
4038173,591,488,1079
4045188,396,0,396
4045332,9,8,17
4054044,421,512,933
4062554,237,188,425
4062671,0,806,806
4062939,176,184,360
4068246,30,15,45
4076731,17,14,31
4078299,4,9,13
4079168,436,553,989
4083635,68,60,128
4089338,70,67,137
4090419,30,44,74
4097786,260,219,479
4104630,99,110,209
4106047,84,63,147
4106374,6,8,14
4107053,584,469,1053
4109876,229,217,446
4110129,112,132,244
4119811,211,173,384
4121268,39,23,62
4121873,102,93,195
4126955,3,9,12
4128581,9,12,21
4132327,86,61,147
4136415,27,6,33
4141280,233,202,435
4142692,426,383,809
4147360,272,194,466
4150880,37,37,74
4153992,167,105,272
4155564,64,41,105
4156300,89,74,163
4162991,1080,973,2053
4164802,10,7,17
4164816,145,120,265
4168770,20,25,45
4185166,249,186,435
4186406,500,208,708
4191702,173,135,308
4204579,603,450,1053
4207772,26,22,48
4219286,77,64,141
4219792,8,1,9
4222683,80,93,173
4228290,1,4,5
4235392,22,22,44
4237493,376,244,620
4246411,5,3,8
4246623,25,11,36
4248146,92,67,159
4250777,311,305,616
4252838,391,434,825
4256718,80,80,160
4258191,245,205,450
4266129,114,91,205
4267712,70,62,132
4269452,180,179,359
4270728,23,10,33
4274575,540,401,941
4276287,181,128,309
4278190,177,147,324
4278388,42,24,66
4279395,66,41,107
4294717,119,90,209
4296147,12,12,24
4299247,39,40,79
4300885,0,843,843
4305709,237,237,474
4314017,0,237,237
4318644,372,329,701
4319418,283,286,569
4320968,11,15,26
4323074,122,72,194
4331364,73,35,108
4331917,6,7,13
4334254,10,4,14
4335500,87,42,129
4336532,55,61,116
4342274,85,93,178
4346772,501,373,874
4347666,436,398,834
4351848,155,143,298
4352761,157,150,307
4353494,390,425,815
4353940,119,105,224
4354027,82,89,171
4354578,0,336,336
4364301,109,96,205
4371666,136,120,256
4372242,127,141,268
4380968,7,4,11
4384665,94,98,192
4399434,120,62,182
4399968,448,147,595
4406599,26,22,48
4407176,41,42,83
4417964,2,5,7
4420199,45,39,84
4422412,16,10,26
4432836,110,100,210
4436534,11,4,15
4441706,66,44,110
4448978,135,57,192
4461807,0,488,488
4462644,263,193,456
4466202,224,219,443
4470017,66,70,136
4471156,139,101,240
4472751,364,249,613
4484966,20,26,46
4490492,1,2,3
4499495,22,15,37
4502341,59,70,129
4502574,2,3,5
4504738,124,97,221
4516882,680,522,1202
4517169,102,77,179
4518894,19,21,40
4519978,393,325,718
4522653,372,361,733
4525771,140,126,266
4533743,15,15,30
4534598,315,324,639
4538510,21,26,47
4542764,127,149,276
4544047,32,22,54
4547383,65,51,116
4556789,108,82,190
4558266,14,9,23
4559033,133,144,277
4566249,344,353,697
4574993,121,132,253
4576614,63,52,115
4578171,351,0,351
4590352,51,42,93
4590458,431,288,719
4594647,371,301,672
4596708,67,47,114
4600413,32,29,61
4603342,50,42,92
4608098,57,72,129
4608895,14,6,20
4612068,67,34,101
4619058,48,39,87
4619247,27,22,49
4621365,173,165,338
4634129,155,118,273
4636379,143,141,284
4638801,33,22,55
4641951,32,26,58
4645097,26,26,52
4648241,78,66,144
4655780,9,10,19
4657041,35,28,63
4661714,102,89,191
4665605,150,89,239
4669142,37,45,82
4669619,120,112,232
4680275,187,130,317
4681133,37,49,86
4687368,135,129,264
4687430,161,117,278
4687797,108,85,193
4694806,689,640,1329
4695668,18,20,38
4695760,95,77,172
4696636,37,21,58
4699024,1,2,3
4699825,61,59,120
4700137,49,51,100
4701048,0,87,87
4708392,43,29,72
4711406,43,57,100
4713217,42,52,94
4736813,8,6,14
4746663,42,47,89
4746798,254,214,468
4768126,285,231,516
4771607,365,340,705
4776274,208,176,384
4783284,415,341,756
4785013,441,400,841
4789805,269,248,517
4791421,9,9,18
4792929,116,82,198
4795312,202,150,352
4797541,39,29,68
4800855,178,172,350
4804723,34,48,82
4806336,164,160,324
4812513,82,56,138
4813710,231,162,393
4819583,224,257,481
4825061,392,245,637
4825356,26,13,39
4835190,970,0,970
4835201,34,40,74
4838186,43,20,63
4838360,127,105,232
4844161,21,24,45
4844887,28,26,54
4848646,42,34,76
4863414,21,31,52
4874386,22,25,47
4875469,294,221,515
4876993,31,54,85
4879991,712,0,712
4880549,90,76,166
4880762,526,482,1008
4886470,34,29,63
4888788,133,105,238
4889063,19,15,34
4890826,44,38,82
4903076,61,63,124
4906153,131,112,243
4911054,100,119,219
4911538,28,17,45
4911838,1,4,5
4911903,51,49,100
4912444,45,34,79
4912460,42,22,64
4912561,27,30,57
4914021,11,11,22
4917164,204,172,376
4917759,220,200,420
4934456,353,280,633
4944223,124,103,227
4949821,246,175,421
4951673,125,102,227
4952946,32,25,57
4955291,432,356,788
4955772,0,562,562
4957521,2,2,4
4963734,126,127,253
4965794,264,140,404
4967225,76,67,143
4971526,175,187,362
4972204,36,27,63
4975524,18,19,37
4976362,93,111,204
4979138,44,26,70
4982250,67,91,158
4989743,24,28,52
4993236,102,97,199
4993597,335,354,689
4999066,103,92,195
4999266,87,59,146
5000066,117,199,316
5004676,130,147,277
5007077,128,108,236
5010032,21,31,52
5010334,97,123,220
5012430,51,33,84
5015478,13,11,24
5017291,74,58,132
5018711,307,476,783
5030047,171,0,171
5031465,82,49,131
5031580,15,20,35
5036419,14,5,19
5053644,170,161,331
5073109,361,314,675
5074780,409,220,629
5081328,63,39,102
5083554,455,484,939
5088039,69,45,114
5099408,53,74,127
5109253,394,512,906
5114116,66,88,154
5114448,13,6,19
5115691,31,31,62
5120037,81,74,155
5121990,104,110,214
5132492,16,18,34
5133471,285,140,425
5137860,308,274,582
5139320,16,13,29
5141009,168,143,311
5154214,8,10,18
5154588,32,37,69
5157060,25,18,43
5161438,254,244,498
5162825,85,97,182
5169807,5,4,9
5176224,25,23,48
5187936,74,68,142
5189028,182,194,376
5196849,132,111,243
5208376,52,73,125
5216748,316,248,564
5221315,66,48,114
5222831,66,86,152
5224816,63,57,120
5224849,37,37,74
5229120,5,2,7
5230730,185,168,353
5239884,20,17,37
5241021,444,381,825
5248166,8,9,17
5252724,131,145,276
5255963,606,640,1246
5257253,78,92,170
5265373,544,488,1032
5272181,230,186,416
5278522,106,33,139
5280871,9,9,18
5281054,237,241,478
5281571,17,28,45
5284116,90,75,165
5287264,185,241,426
5298783,104,100,204
5299912,244,234,478
5301054,222,248,470
5308213,42,59,101
5314930,291,211,502
5315642,169,162,331
5316191,101,58,159
5317050,100,107,207
5322888,4,3,7
5323403,132,291,423
5323742,48,30,78
5325672,596,624,1220
5325980,501,429,930
5327849,14,8,22
5333814,31,19,50
5341598,28,24,52
5345467,1,2,3
5350349,232,177,409
5363710,18,6,24
5364625,172,184,356
5368679,90,47,137
5369754,192,161,353
5372449,55,34,89
5374693,14,89,103
5374697,1404,973,2377
5375106,63,77,140
5377917,763,660,1423
5382913,122,114,236
5386622,94,102,196
5394863,228,199,427
5397210,334,265,599
5403382,57,41,98
5408008,135,122,257
5424657,16,20,36
5425456,62,73,135
5426191,26,12,38
5428887,113,151,264
5434572,37,32,69
5440165,215,215,430
5442927,2,3,5
5443134,43,38,81
5444488,10,15,25
5445671,0,48,48
5446262,323,243,566
5449549,59,23,82
5455818,0,119,119
5456614,17,16,33
5460239,266,198,464
5464988,88,88,176
5469889,210,133,343
5476079,5,4,9
5483076,24,18,42
5484113,237,222,459
5485063,175,129,304
5494776,39,37,76
5496613,217,145,362
5497990,145,139,284
5500194,5,6,11
5500210,287,222,509
5509925,8,3,11
5520500,134,134,268
5521942,77,97,174
5524663,6,4,10
5524785,140,91,231
5533360,204,188,392
5537003,376,289,665
5537584,17,14,31
5538044,1,2,3
5540340,0,569,569
5546833,107,107,214
5547109,64,111,175
5547333,21,21,42
5554195,47,23,70
5567634,293,197,490
5577286,625,0,625
5578120,273,207,480
5582044,372,268,640
5588215,91,100,191
5590531,37,25,62
5590828,145,147,292
5601796,12,20,32
5609578,143,175,318
5616013,51,71,122
5616588,88,72,160
5618979,347,411,758
5625198,77,92,169
5627232,25,25,50
5627999,450,357,807
5635570,67,54,121
5636849,14,10,24
5636873,0,386,386
5636982,331,289,620
5642994,309,197,506
5648962,24,26,50
5651073,30,25,55
5652186,84,68,152
5652795,306,287,593
5655109,123,87,210
5659394,120,88,208
5662677,159,155,314
5665279,13,13,26
5671718,240,172,412
5676577,21,11,32
5678379,18,13,31
5689708,199,155,354
5691065,26,23,49
5691509,181,115,296
5696499,159,133,292
5697145,54,15,69
5700040,301,224,525
5700497,4,9,13
5703087,282,214,496
5703164,243,284,527
5704174,127,162,289
5704476,77,102,179
5706276,406,323,729
5711199,11,8,19
5717832,3,3,6
5718093,38,51,89
5720704,451,328,779
5722194,18,13,31
5726044,4,8,12
5729038,48,52,100
5730762,105,126,231
5734712,221,168,389
5734774,358,348,706
5735742,451,378,829
5736476,290,239,529
5740174,102,88,190
5745033,61,68,129
5745326,265,299,564
5748927,101,81,182
5749039,32,25,57
5758427,10,1,11
5759269,245,221,466
5765052,10,6,16
5767372,8,12,20
5770612,66,37,103
5771291,67,52,119
5772300,44,36,80
5773798,97,111,208
5779455,2,5,7
5784207,25,35,60
5785485,121,83,204
5789483,128,0,128
5795422,344,308,652
5796449,51,37,88
5801589,130,105,235
5802117,333,275,608
5804545,141,174,315
5810033,299,340,639
5810447,73,64,137
5815891,33,38,71
5822309,279,111,390
5823695,117,77,194
5824009,27,21,48
5836070,6,2,8
5837857,45,20,65
5843476,42,28,70
5843555,313,376,689
5847234,123,98,221
5849697,158,200,358
5851532,164,134,298
5852529,6,3,9
5855566,0,577,577
5860199,4,3,7
5861620,437,480,917
5872914,98,83,181
5878044,367,367,734
5886087,26,32,58
5890482,81,55,136
5894493,120,109,229
5898883,544,405,949
5899199,103,103,206
5903984,90,76,166
5904434,25,37,62
5905817,68,80,148
5909626,38,39,77
5911813,14,14,28
5915593,90,106,196
5915871,3,1,4
5916642,78,82,160
5930262,223,174,397
5930792,10,0,10
5931596,63,78,141
5950721,378,289,667
5953888,0,71,71
5954167,25,18,43
5964019,112,96,208
5970163,120,102,222
5974841,80,64,144
5979370,40,38,78
5990888,85,67,152
5991739,141,97,238
6004131,17,15,32
6011793,109,80,189
6016465,36,15,51
6019349,467,354,821
6031920,716,0,716
6040825,327,280,607
6041868,145,142,287
6053207,504,343,847
6054972,18,23,41
6059913,91,68,159
6061520,16,14,30
6073351,205,121,326
6089121,59,45,104
6098120,163,155,318
6102605,32,26,58
6103845,170,146,316
6106075,93,106,199
6108237,14,19,33
6109083,14,20,34
6112621,80,105,185
6113123,0,650,650
6114399,238,254,492
6117361,162,76,238
6120845,115,93,208
6121362,131,122,253
6131868,3,0,3
6136534,134,0,134
6144416,15,7,22
6150033,168,154,322
6157035,0,575,575
6162692,49,50,99
6163686,67,76,143
6164042,42,79,121
6167255,38,44,82
6170833,93,89,182
6171766,48,51,99
6177520,193,242,435
6179090,1,2,3
6179294,117,129,246
6192420,494,433,927
6192713,64,43,107
6197249,387,289,676
6202944,69,52,121
6205251,119,120,239
6213926,1,0,1
6215757,106,112,218
6220520,106,93,199
6225816,178,124,302
6226167,57,66,123
6232013,169,155,324
6234270,49,31,80
6236816,11,20,31
6238059,29,37,66
6242256,30,25,55
6245346,3,4,7
6248919,94,99,193
6248971,457,448,905
6250998,372,306,678
6251063,99,78,177
6252691,144,122,266
6256214,258,196,454
6258348,1,3,4
6260511,13,13,26
6269548,205,225,430
6273060,38,39,77
6274801,1,0,1
6276613,176,67,243
6277371,7,4,11
6278193,128,146,274
6278321,64,47,111
6279286,38,16,54
6279350,198,317,515
6286801,21,11,32
6288274,45,23,68
6290121,7,13,20
6291545,20,24,44
6293044,18,20,38
6294205,105,78,183
6295162,0,756,756
6298985,129,81,210
6301158,238,197,435
6307074,69,52,121
6308386,139,106,245
6311269,296,303,599
6311583,73,95,168
6320274,16,18,34
6321137,15,20,35
6322900,57,51,108
6326847,14,17,31
6340482,186,198,384
6341029,16,12,28
6352990,191,187,378
6363137,318,254,572
6370642,65,50,115
6374408,94,99,193
6377601,6,6,12
6381295,14,9,23
6387957,8,6,14
6393368,22,28,50
6398521,47,49,96
6401699,80,80,160
6416364,374,307,681
6417096,152,112,264
6428325,23,33,56
6432717,30,27,57
6432808,37,38,75
6433779,94,69,163
6441086,19,19,38
6446790,361,283,644
6450564,88,89,177
6451471,8,13,21
6453071,21,9,30
6454848,229,187,416
6455589,18,14,32
6466906,120,112,232
6468825,849,0,849
6479747,132,167,299
6483815,240,268,508
6489886,58,60,118
6491911,78,138,216
6492044,200,183,383
6492778,93,105,198
6493371,359,258,617
6514860,211,170,381
6520831,0,541,541
6527849,271,224,495
6529043,20,20,40
6535220,39,30,69
6543163,29,19,48
6543950,89,97,186
6547354,50,39,89
6550018,19,17,36
6555162,378,314,692
6560949,73,78,151
6563586,26,36,62
6567329,75,45,120
6569925,529,366,895
6576825,204,224,428
6579078,66,66,132
6579099,31,19,50
6584763,320,416,736
6589571,25,7,32
6590082,463,645,1108
6591472,4,1,5
6592839,236,184,420
6593489,30,20,50
6598843,165,153,318
6599591,80,116,196
6605608,55,53,108
6612055,8,8,16
6612084,172,115,287
6616675,57,56,113
6619936,103,96,199
6621052,158,161,319
6622219,444,372,816
6624356,13,16,29
6627181,161,111,272
6628683,107,81,188
6632610,363,422,785
6634085,513,409,922
6635035,143,109,252
6637144,54,41,95
6637373,200,152,352
6638867,127,131,258
6641137,21,23,44
6643850,9,7,16
6650251,269,229,498
6654543,148,112,260
6660160,47,45,92
6661997,18,21,39
6671441,30,36,66
6673439,186,119,305
6677855,3,3,6
6679431,53,54,107
6680163,161,135,296
6685698,7,24,31
6687624,4,8,12
6690026,266,200,466
6691983,13,8,21
6712051,470,368,838
6712118,48,71,119
6712586,315,268,583
6713929,152,126,278
6716093,105,130,235
6717453,560,514,1074
6719989,209,180,389
6719999,29,15,44
6726589,9,16,25
6733487,193,130,323
6748372,98,69,167
6749631,90,108,198
6750874,366,314,680
6753552,117,86,203
6769803,166,152,318
6772642,294,300,594
6774152,6,1,7
6787434,127,112,239
6798664,6,12,18
6802073,236,176,412
6807728,137,149,286
6817058,66,62,128
6825952,119,136,255
6826560,347,297,644
6834414,34,10,44
6836300,67,47,114
6837777,876,813,1689
6840175,40,55,95
6845360,26,24,50
6861681,315,276,591
6863050,13,20,33
6866335,21,31,52
6867190,12,23,35
6872914,25,46,71
6881107,44,79,123
6882444,20,11,31
6882971,327,301,628
6883946,64,65,129
6894515,140,113,253
6895540,359,0,359
6899774,394,242,636
6906321,70,64,134
6914219,132,119,251
6924445,2,3,5
6939398,229,203,432
6947694,167,165,332
6949466,103,114,217
6951954,223,176,399
6957095,298,297,595
6958322,209,188,397
6961511,22,12,34
6962546,7,1,8
6962909,83,50,133
6963716,63,63,126
6966638,107,81,188
6971598,33,31,64
6972382,1,0,1
6972895,155,168,323
6972923,95,99,194
6975637,123,118,241
6979295,20,19,39
6980224,76,54,130
6982927,195,152,347
7002494,7,4,11
7010117,566,494,1060
7018377,90,80,170
7022915,116,167,283
7025092,73,81,154
7026194,119,139,258
7026268,4,1,5
7040892,1,3,4
7040906,36,27,63
7042575,96,69,165
7044971,145,153,298
7048508,0,260,260
7049317,145,142,287
7050388,287,227,514
7051666,253,197,450
7058911,49,54,103
7059527,13,16,29
7067154,127,119,246
7068067,0,1,1
7070076,92,52,144
7076526,7,8,15
7081721,62,76,138
7088578,9,9,18
7088880,28,24,52
7090817,30,29,59
7091442,20,28,48
7095434,388,190,578
7097177,199,188,387
7103591,373,384,757
7108800,10,5,15
7117716,34,18,52
7122268,26,31,57
7127562,58,42,100
7135145,249,178,427
7139186,28,35,63
7140340,62,30,92
7148997,44,59,103
7155529,50,46,96
7159009,29,18,47
7161468,2,1,3
7167044,8,4,12
7168756,18,11,29
7172326,11,6,17
7172793,104,107,211
7178422,8,5,13
7182188,47,57,104
7185619,74,98,172
7187105,17,13,30
7203102,25,7,32
7203433,75,207,282
7206170,156,169,325
7211681,1,4,5
7211917,248,165,413
7214533,69,45,114
7216680,168,34,202
7218966,90,47,137
7221814,372,335,707
7223132,11,8,19
7223596,203,76,279
7224500,439,334,773
7233929,335,305,640
7236017,16,4,20
7236758,0,175,175
7239905,88,97,185
7242330,440,518,958
7243438,5,10,15
7248343,102,81,183
7252870,130,123,253
7255053,139,113,252
7265117,16,31,47
7265297,7,13,20
7271861,23,28,51
7272592,183,172,355
7277706,9,3,12
7278736,322,293,615
7283325,63,61,124
7291929,121,114,235
7292220,67,48,115
7293645,12,25,37
7294995,182,128,310
7295927,177,148,325
7300100,201,157,358
7302254,30,12,42
7305402,33,36,69
7307362,326,250,576
7314361,205,179,384
7317230,217,163,380
7323003,12,2,14
7325577,1,0,1
7326561,71,34,105
7331800,140,111,251
7332495,161,131,292
7332818,87,79,166
7336240,1536,1214,2750
7337085,21,41,62
7346759,17,25,42
7346959,115,94,209
7348052,9,13,22
7354787,58,61,119
7357435,314,240,554
7361658,32,41,73
7365407,156,158,314
7372661,59,49,108
7373813,26,24,50
7379042,57,61,118
7382858,122,151,273
7383655,30,26,56
7385144,226,161,387
7390170,23,36,59
7392891,99,78,177
7399753,8,2,10
7400524,304,275,579
7404716,0,1,1
7407764,112,95,207
7416827,71,75,146
7417865,32,31,63
7420515,6,8,14
7422393,8,5,13
7429764,83,74,157
7432173,247,140,387
7436295,4,3,7
7445537,612,510,1122
7449299,1,0,1
7460065,1068,0,1068
7462170,16,14,30
7467406,548,511,1059
7472043,13,18,31
7474082,5,2,7
7478484,1129,1092,2221
7482179,53,54,107
7484769,10,15,25
7488257,329,280,609
7488551,87,101,188
7488803,113,110,223
7499749,139,109,248
7500049,20,13,33
7501813,155,92,247
7502242,91,84,175
7505020,29,23,52
7506559,8,10,18
7511029,119,88,207
7514633,57,46,103
7517972,29,25,54
7529519,39,30,69
7530521,49,46,95
7534290,245,217,462
7537660,118,51,169
7540058,169,152,321
7541810,64,37,101
7542086,19,22,41
7545930,152,145,297
7553127,258,259,517
7553850,61,77,138
7554052,44,24,68
7557472,23,28,51
7558468,95,80,175
7560958,41,40,81
7564708,120,104,224
7567947,339,345,684
7574188,1,0,1
7580941,251,215,466
7581406,127,72,199
7587237,27,37,64
7587876,37,39,76
7590464,84,59,143
7592471,645,560,1205
7593126,32,58,90
7597174,114,143,257
7599751,211,249,460
7600716,341,368,709
7602438,79,61,140
7611503,7,6,13
7611861,32,27,59
7616889,84,57,141
7619896,263,367,630
7622081,157,71,228
7624921,179,146,325
7630690,4,4,8
7632913,45,64,109
7634595,431,307,738
7635140,100,78,178
7636268,29,15,44
7637542,273,309,582
7638126,589,0,589
7638187,191,199,390
7640377,34,46,80
7642022,55,43,98
7644398,180,184,364
7644865,12,13,25
7648127,70,66,136
7662239,85,69,154
7663434,62,62,124
7670597,12,15,27
7674356,16,22,38
7676779,73,78,151
7677833,39,17,56
7678262,378,350,728
7683373,170,108,278
7684981,9,5,14
7687069,223,253,476
7692368,56,44,100
7694868,26,31,57
7703966,21,18,39
7708275,86,78,164
7708916,20,17,37
7709855,101,98,199
7717782,176,177,353
7723804,155,127,282
7726000,3,1,4
7728034,17,10,27
7734732,176,220,396
7735282,8,7,15
7739785,193,224,417
7741082,4,1,5
7743192,87,98,185
7744599,550,462,1012
7745465,210,192,402
7748548,42,45,87
7751994,120,78,198
7768919,482,413,895
7768946,441,411,852
7775234,11,18,29
7775611,27,15,42
7776349,240,185,425
7781057,340,271,611
7781487,370,303,673
7782829,13,22,35
7793283,9,11,20
7797108,230,183,413
7801502,164,99,263
7804676,14,13,27
7805052,76,62,138
7805688,135,140,275
7809129,39,9,48
7810263,21,11,32
7819728,76,102,178
7824606,269,224,493
7829335,176,163,339
7838161,433,347,780
7843159,54,40,94
7844959,813,758,1571
7847293,14,17,31
7852189,186,80,266
7852570,275,190,465
7864427,561,396,957
7868752,33,20,53
7869493,4,6,10
7874061,14,7,21
7875553,477,436,913
7876036,95,89,184
7879817,538,362,900
7884016,26,18,44
7890150,126,124,250
7890804,146,79,225
7892493,15,16,31
7894944,98,84,182
7899493,54,62,116
7903974,557,0,557
7905697,500,474,974
7906457,3,6,9
7914126,745,546,1291
7917772,336,258,594
7922548,254,218,472
7924435,17,6,23
7924484,372,338,710
7925825,109,131,240
7928728,72,80,152
7942755,36,50,86
7956966,576,468,1044
7959786,54,43,97
7961499,207,101,308
7963233,62,72,134
7965458,0,157,157
7966455,113,112,225
7968454,629,0,629
7973836,29,39,68
7976439,39,0,39
7988845,331,284,615
7995629,12,10,22
8000492,0,52,52
8004594,24,36,60
8005518,28,17,45
8007149,306,244,550
8008387,71,65,136
8009367,191,146,337
8034076,125,108,233
8034381,95,81,176
8038476,201,165,366
8040255,168,186,354
8044080,395,363,758
8045439,16,15,31
8050851,191,149,340
8058542,182,172,354
8067674,113,91,204
8072641,147,152,299
8074707,200,154,354
8079253,100,93,193
8079617,4,8,12
8087718,399,377,776
8088228,114,124,238
8091799,10,5,15
8094615,7,10,17
8096255,259,203,462
8100160,34,32,66
8104493,162,130,292
8112464,239,159,398
8112740,8,21,29
8115259,16,16,32
8117194,11,11,22
8117801,117,95,212
8120347,3,0,3
8121465,305,320,625
8122473,61,77,138
8125334,67,67,134
8128192,284,250,534
8132237,222,187,409
8141878,804,450,1254
8141929,12,21,33
8145998,93,84,177
8146642,144,97,241
8151986,0,1,1
8153152,60,33,93
8155811,118,124,242
8161034,24,23,47
8165032,26,19,45
8172298,46,63,109
8173428,43,33,76
8174275,95,99,194
8174345,5,7,12
8175849,57,37,94
8178494,884,812,1696
8180692,25,34,59
8181975,69,93,162
8188375,100,107,207
8188838,43,70,113
8190070,164,127,291
8196014,3,0,3
8196291,463,517,980
8198553,7,7,14
8203991,80,49,129
8209412,2,1,3
8209843,160,111,271
8212198,274,228,502
8214212,38,47,85
8229230,13,15,28
8230292,144,138,282
8232432,14,14,28
8234357,244,212,456
8245103,134,85,219
8255864,25,3,28
8256496,73,53,126
8272689,39,42,81
8274691,294,220,514
8275312,164,144,308
8276051,107,86,193
8278806,4,8,12
8285745,514,405,919
8292088,15,20,35
8292583,393,314,707
8293606,11,8,19
8294577,73,63,136
8304745,90,74,164
8306198,355,280,635
8310538,1,2,3
8321334,58,78,136
8323784,187,166,353
8329229,77,49,126
8331929,21,20,41
8333641,203,0,203
8339120,236,253,489
8339303,300,333,633
8346772,95,71,166
8346875,44,46,90
8354348,676,642,1318
8357010,0,336,336
8358508,460,348,808
8363063,66,56,122
8367267,23,17,40
8367342,272,241,513
8369467,130,129,259
8371113,31,24,55
8371503,153,281,434
8372285,29,19,48
8373940,291,196,487
8379570,174,192,366
8383395,88,126,214
8384785,57,40,97
8391861,7,7,14
8391919,108,90,198
8394590,100,108,208
8396715,59,39,98
8402491,32,26,58
8403443,49,61,110
8403682,11,13,24
8407198,78,66,144
8409784,164,171,335
8414735,2,3,5
8415029,6,7,13
8417290,61,41,102
8418617,24,16,40
8426885,85,94,179
8436305,38,42,80
8437797,76,82,158
8441816,306,302,608
8442767,204,177,381
8444860,33,45,78
8452183,458,466,924
8452319,271,197,468
8455582,20,22,42
8455700,29,31,60
8457005,555,584,1139
8462063,93,119,212
8464893,36,36,72
8465971,16,12,28
8471096,47,58,105
8475459,239,202,441
8477475,131,89,220
8479418,128,104,232
8483237,6,17,23
8484368,115,96,211
8485585,25,33,58
8493333,130,120,250
8494066,5,2,7
8500682,17,14,31
8500901,170,191,361
8501761,89,99,188
8505970,13,17,30
8522000,155,110,265
8538955,9,21,30
8543080,5,4,9
8543832,39,39,78
8547561,25,28,53
8550663,68,79,147
8568693,75,79,154
8569101,42,28,70
8569696,89,108,197
8571044,115,112,227
8571947,56,58,114
8573254,33,21,54
8579108,0,187,187
8585054,53,46,99
8587002,11,10,21
8593713,3,4,7
8594604,81,117,198
8600781,21,33,54
8602805,76,102,178
8604012,4,7,11
8614333,7,12,19
8615796,183,183,366
8619599,47,50,97
8621580,261,202,463
8626066,22,19,41
8631260,576,530,1106
8632520,119,61,180
8633860,15,11,26
8646096,37,28,65
8646224,32,30,62
8647005,31,28,59
8656120,90,75,165
8667421,16,22,38
8667836,71,84,155
8675675,63,47,110
8684973,220,237,457
8685349,651,555,1206
8687205,69,66,135
8688419,195,168,363
8689431,28,23,51
8691564,217,194,411
8691837,403,298,701
8694391,127,85,212
8700161,8,16,24
8702730,94,90,184
8713970,13,9,22
8715832,460,566,1026
8724989,18,13,31
8725315,210,220,430
8736183,36,29,65
8736494,114,71,185
8738984,32,36,68
8742084,8,7,15
8744862,97,96,193
8746423,49,25,74
8760902,86,60,146
8761032,27,41,68
8763554,25,14,39
8763715,424,281,705
8765140,9,9,18
8768797,19,7,26
8769526,178,152,330
8769786,488,518,1006
8771573,8,19,27
8778760,12,7,19
8782331,254,256,510
8792118,25,26,51
8793973,25,18,43
8796471,77,77,154
8798797,512,389,901
8808673,42,48,90
8809779,41,46,87
8812481,56,68,124
8813929,36,29,65
8814272,221,203,424
8814785,167,130,297
8818055,85,65,150
8819819,52,52,104
8820688,104,81,185
8828675,356,302,658
8834763,5,5,10
8836994,154,147,301
8850242,690,701,1391
8850531,37,25,62
8855233,57,66,123
8862741,10,6,16
8863655,72,83,155
8863934,124,96,220
8864437,354,345,699
8866026,351,235,586
8868921,3,2,5
8869738,64,45,109
8883471,107,55,162
8891891,58,46,104
8894308,63,49,112
8897444,31,29,60
8899214,48,37,85
8899930,28,18,46
8901463,60,62,122
8905946,409,431,840
8909040,19,10,29
8914062,87,209,296
8914226,57,47,104
8914362,150,134,284
8919097,111,94,205
8922971,145,136,281
8924904,472,412,884
8927674,2,6,8
8933314,297,249,546
8935755,61,83,144
8937197,215,136,351
8943176,109,73,182
8943721,0,6,6
8944568,18,23,41
8954126,22,24,46
8972092,5,0,5
8973950,350,432,782
8978516,238,212,450
8981858,83,81,164
8985173,114,95,209
8989023,10,18,28
8991582,461,306,767
8995029,297,241,538
8996136,73,63,136
8999404,21,8,29
9000390,481,478,959
9001185,149,173,322
9001529,112,132,244
9004301,103,118,221
9013215,12,26,38
9013821,100,114,214
9020712,20,21,41
9021174,3,13,16
9022137,598,0,598
9022949,4,4,8
9023309,83,148,231
9033924,129,96,225
9042863,203,177,380
9045548,62,58,120
9047445,132,80,212
9051046,755,634,1389
9058554,377,429,806
9063430,4,7,11
9063925,27,30,57
9066388,38,43,81
9068216,10,4,14
9071034,272,207,479
9080958,299,256,555
9082410,347,260,607
9082479,27,4,31
9092989,5,8,13
9096649,17,20,37
9104927,135,101,236
9106276,91,80,171
9112296,0,447,447
9114982,11,14,25
9116808,227,202,429
9125918,214,234,448
9130504,23,13,36
9132208,25,27,52
9136776,102,99,201
9138148,142,127,269
9143471,543,476,1019
9150584,252,194,446
9151221,109,122,231
9157995,2,1,3
9159937,0,667,667
9163424,267,242,509
9164702,56,49,105
9171239,373,545,918
9173611,30,20,50
9175016,0,906,906
9176846,94,62,156
9176875,68,63,131
9179137,177,127,304
9194424,32,48,80
9202418,63,78,141
9203390,53,52,105
9206705,41,37,78
9216382,46,57,103
9218046,32,23,55
9220040,71,63,134
9224135,417,304,721
9224617,3,4,7
9230987,645,610,1255
9234290,20,22,42
9235853,50,26,76
9239687,7,5,12
9240555,173,128,301
9245699,7,10,17
9247537,43,45,88
9258064,207,258,465
9258681,85,158,243
9260279,218,203,421
9264002,183,124,307
9268901,313,317,630
9268978,106,0,106
9275703,99,76,175
9283726,121,144,265
9283782,40,43,83
9292792,26,63,89
9301232,18,18,36
9312155,125,78,203
9314723,34,25,59
9317806,441,309,750
9318300,164,127,291
9321815,155,154,309
9324877,30,38,68
9327002,13,20,33
9333610,221,138,359
9334269,78,73,151
9335383,5,7,12
9347204,131,109,240
9352960,24,27,51
9353837,12,16,28
9357519,56,79,135
9358781,302,329,631
9358787,85,109,194
9362785,16,13,29
9365343,47,37,84
9386117,0,336,336
9390293,119,78,197
9391892,289,252,541
9394353,15,20,35
9395110,88,57,145
9400736,126,119,245
9400834,213,230,443
9408010,147,161,308
9408702,36,54,90
9410799,65,51,116
9410820,576,444,1020
9412109,7,6,13
9416455,0,2,2
9425345,73,82,155
9425936,316,303,619
9431740,2,9,11
9444224,466,356,822
9450078,15,20,35
9456321,25,24,49
9457509,66,63,129
9464707,379,316,695
9468704,306,221,527
9469811,48,38,86
9474321,103,71,174
9475098,810,656,1466
9480063,0,896,896
9484130,214,173,387
9487237,252,202,454
9491687,19,21,40
9496247,222,210,432
9497954,95,95,190
9503302,0,15,15
9504570,42,54,96
9507116,84,45,129
9508548,16,12,28
9522147,256,189,445
9525905,121,107,228
9526973,11,10,21
9528307,57,13,70
9537512,20,11,31
9546227,357,298,655
9554406,7,6,13
9555267,63,64,127
9562066,347,101,448
9569588,267,288,555
9575629,54,59,113
9588325,324,320,644
9592021,116,103,219
9594806,525,505,1030
9595912,36,31,67
9595943,25,34,59
9600730,28,27,55
9602965,7,11,18
9611435,43,36,79
9613021,13,9,22
9619038,45,27,72
9625596,51,25,76
9625982,2,2,4
9629461,13,7,20
9631149,40,24,64
9646643,133,136,269
9647471,20,22,42
9657864,45,52,97
9661440,30,23,53
9662235,170,176,346
9664678,76,53,129
9664896,0,210,210
9667932,77,67,144
9668989,95,59,154
9674853,3,11,14
9675762,117,93,210
9676357,19,19,38
9686882,9,4,13
9689597,33,52,85
9689741,1,1,2
9690579,19,27,46
9691919,15,20,35
9703889,259,273,532
9706545,16,24,40
9710128,131,118,249
9711843,87,87,174
9714283,3,1,4
9715408,117,108,225
9716856,32,29,61
9717641,31,19,50
9725542,5,7,12
9726657,9,10,19
9732575,85,97,182
9734011,142,228,370
9735319,4,2,6
9737748,634,505,1139
9746465,165,197,362
9748805,218,426,644
9753255,13,15,28
9754225,65,66,131
9756868,0,384,384
9765187,17,15,32
9772997,115,102,217
9776775,6,10,16
9781255,15,16,31
9783889,66,73,139
9785874,326,297,623
9789503,44,34,78
9792835,18,10,28
9796225,332,329,661
9798592,34,30,64
9802151,170,117,287
9813084,16,8,24
9813541,171,94,265
9821036,79,101,180
9823538,39,39,78
9824457,78,81,159
9824803,16,7,23
9827779,323,261,584
9837480,6,7,13
9844624,9,7,16
9846182,185,175,360
9847410,38,28,66
9851224,622,0,622
9851984,2,2,4
9866901,14,6,20
9873716,456,508,964
9876632,8,6,14
9881024,110,74,184
9888851,19,11,30
9889089,11,9,20
9889197,105,107,212
9889642,521,400,921
9890237,212,181,393
9895872,60,56,116
9896248,89,91,180
9896483,81,71,152
9897183,15,16,31
9903022,341,264,605
9907844,39,40,79
9912147,106,82,188
9914286,77,60,137
9918021,20,11,31
9919324,52,41,93
9923198,5,4,9
9926378,33,31,64
9931803,79,71,150
9932656,266,216,482
9939185,87,84,171
9941124,32,37,69
9947258,2,2,4
9947612,0,744,744
9951375,98,80,178
9952169,38,30,68
9953906,0,728,728
9962840,8,6,14
9994934,40,34,74
