complaint_id,timestamp,complaint_text,category,latitude_x,longitude_x,ward_id,status,date,hour,day_of_week,month,priority,ward_name,zone,latitude_y,longitude_y,rainfall,temperature,humidity,aqi,traffic_density,water_level,waste_bin_level
C0001,2026-03-04 07:08:00,Waste collection delayed,Waste,19.082365,72.881767,W002,In Progress,2026-03-04,7,Wednesday,3,Medium,Ward B,South,19.08,72.88,33.12,27.0,82.39,142,89,25.44,97.94
C0002,2026-01-08 02:13:00,Street light not working,Electricity,19.077327,72.88102,W002,In Progress,2026-01-08,2,Thursday,1,Medium,Ward B,South,19.08,72.88,119.53,24.73,62.46,117,76,96.75,52.43
C0003,2026-04-25 18:17:00,Street light damaged,Electricity,19.073094,72.880065,W004,Open,2026-04-25,18,Saturday,4,Medium,Ward D,Central,19.07,72.885,61.98,24.1,84.13,113,58,80.8,62.23
C0004,2026-02-09 06:48:00,Large pothole on main road,Road,19.080366,72.887927,W007,Open,2026-02-09,6,Monday,2,High,Ward G,East,19.082,72.892,12.44,29.82,81.48,84,93,13.52,18.2
C0005,2026-03-09 01:46:00,Road surface damaged,Road,19.064594,72.886248,W006,Resolved,2026-03-09,1,Monday,3,High,Ward F,Central,19.065,72.89,92.71,28.95,72.88,196,77,96.82,70.71
C0006,2026-04-03 18:12:00,Road surface damaged,Road,19.082046,72.875458,W002,Open,2026-04-03,18,Friday,4,High,Ward B,South,19.08,72.88,40.54,32.88,89.84,137,94,65.49,39.14
C0007,2026-01-26 12:17:00,Garbage overflowing,Waste,19.089534,72.873341,W005,Open,2026-01-26,12,Monday,1,Medium,Ward E,West,19.09,72.87,100.6,30.28,86.62,215,88,65.3,71.26
C0008,2026-06-21 08:44:00,Road damaged,Road,19.069367,72.89148,W006,In Progress,2026-06-21,8,Sunday,6,High,Ward F,Central,19.065,72.89,56.38,29.62,60.47,64,41,97.52,67.95
C0009,2026-04-29 12:17:00,Water supply interruption,Water,19.089895,72.8764,W003,In Progress,2026-04-29,12,Wednesday,4,High,Ward C,West,19.085,72.875,93.72,33.39,81.18,183,39,41.67,74.73
C0010,2026-02-28 01:51:00,Pothole near bus stop,Road,19.068155,72.882677,W004,Open,2026-02-28,1,Saturday,2,High,Ward D,Central,19.07,72.885,1.1,29.06,68.06,208,87,75.41,35.41
C0011,2026-06-17 15:25:00,Road damaged,Road,19.063847,72.879429,W010,Open,2026-06-17,15,Wednesday,6,High,Ward J,South,19.06,72.878,68.43,24.99,75.23,53,50,25.77,94.34
C0012,2026-05-24 17:16:00,Water supply interruption,Water,19.09247,72.869284,W005,In Progress,2026-05-24,17,Sunday,5,High,Ward E,West,19.09,72.87,39.05,24.98,70.58,128,88,55.59,44.42
C0013,2026-02-05 16:31:00,Road damaged,Road,19.077909,72.887471,W007,Open,2026-02-05,16,Thursday,2,High,Ward G,East,19.082,72.892,110.01,27.1,77.96,219,89,92.11,10.77
C0014,2026-06-02 02:24:00,Pipeline leakage,Water,19.083816,72.879961,W003,In Progress,2026-06-02,2,Tuesday,6,High,Ward C,West,19.085,72.875,22.74,24.36,55.89,201,95,74.99,42.96
C0015,2026-06-24 17:48:00,Garbage not collected,Waste,19.087668,72.87141,W005,Open,2026-06-24,17,Wednesday,6,Medium,Ward E,West,19.09,72.87,89.57,31.66,84.54,155,76,79.97,27.53
C0016,2026-04-27 00:46:00,Street light damaged,Electricity,19.093759,72.867634,W005,In Progress,2026-04-27,0,Monday,4,Medium,Ward E,West,19.09,72.87,27.43,25.0,64.45,110,89,33.42,65.15
C0017,2026-06-13 16:38:00,Waste collection delayed,Waste,19.081989,72.873739,W003,Open,2026-06-13,16,Saturday,6,Medium,Ward C,West,19.085,72.875,44.74,26.85,67.3,164,51,72.48,14.39
C0018,2026-03-24 15:01:00,Dustbin is full,Waste,19.091119,72.88063,W009,Resolved,2026-03-24,15,Tuesday,3,Medium,Ward I,North,19.095,72.882,114.2,24.74,60.95,146,90,97.46,92.17
C0019,2026-05-26 02:05:00,Garbage overflowing,Waste,19.072319,72.88816,W004,In Progress,2026-05-26,2,Tuesday,5,Medium,Ward D,Central,19.07,72.885,10.16,30.42,69.55,166,29,43.81,78.12
C0020,2026-05-21 05:16:00,Pipeline leakage,Water,19.085277,72.876066,W003,Open,2026-05-21,5,Thursday,5,High,Ward C,West,19.085,72.875,93.06,25.43,85.51,182,76,48.27,33.46
C0021,2026-04-13 21:41:00,Low water pressure,Water,19.093734,72.885996,W009,Resolved,2026-04-13,21,Monday,4,High,Ward I,North,19.095,72.882,61.67,33.48,60.86,247,25,40.37,11.46
C0022,2026-01-17 10:01:00,Water supply interruption,Water,19.080883,72.877301,W002,Open,2026-01-17,10,Saturday,1,High,Ward B,South,19.08,72.88,29.26,28.65,76.36,147,40,22.99,21.44
C0023,2026-02-28 02:57:00,Garbage not collected,Waste,19.071314,72.876004,W001,In Progress,2026-02-28,2,Saturday,2,Medium,Ward A,South,19.076,72.8777,114.87,29.24,84.37,69,40,99.2,59.31
C0024,2026-02-24 17:08:00,Broken footpath,Road,19.072234,72.888824,W004,In Progress,2026-02-24,17,Tuesday,2,High,Ward D,Central,19.07,72.885,55.28,25.55,61.6,235,93,80.64,74.5
C0025,2026-04-15 06:06:00,Pipeline leakage,Water,19.063969,72.871311,W008,Resolved,2026-04-15,6,Wednesday,4,High,Ward H,West,19.068,72.872,64.46,33.47,65.66,241,86,57.48,62.01
C0026,2026-06-22 20:41:00,Street light not working,Electricity,19.077984,72.891026,W007,Resolved,2026-06-22,20,Monday,6,Medium,Ward G,East,19.082,72.892,70.56,33.86,68.22,149,66,69.78,45.86
C0027,2026-02-18 17:28:00,Water supply interruption,Water,19.076402,72.876835,W002,Resolved,2026-02-18,17,Wednesday,2,High,Ward B,South,19.08,72.88,49.25,31.75,87.22,238,78,35.49,60.59
C0028,2026-05-21 03:03:00,Waste dumped on road,Waste,19.071521,72.885406,W004,Open,2026-05-21,3,Thursday,5,Medium,Ward D,Central,19.07,72.885,81.21,25.33,80.36,167,26,34.15,75.54
C0029,2026-04-15 15:30:00,Water supply interruption,Water,19.077137,72.87901,W002,Open,2026-04-15,15,Wednesday,4,High,Ward B,South,19.08,72.88,111.2,27.81,83.77,57,26,95.24,16.75
C0030,2026-04-10 08:59:00,Street light not working,Electricity,19.087841,72.87455,W003,Resolved,2026-04-10,8,Friday,4,Medium,Ward C,West,19.085,72.875,41.44,30.72,89.35,216,47,12.65,22.47
C0031,2026-02-18 09:13:00,Street light damaged,Electricity,19.099687,72.882792,W009,In Progress,2026-02-18,9,Wednesday,2,Medium,Ward I,North,19.095,72.882,92.54,31.05,79.16,175,29,46.79,13.49
C0032,2026-01-13 18:30:00,Pothole near bus stop,Road,19.076029,72.881227,W001,Open,2026-01-13,18,Tuesday,1,High,Ward A,South,19.076,72.8777,62.15,24.5,63.72,81,78,95.67,56.45
C0033,2026-01-18 19:04:00,Garbage overflowing,Waste,19.077752,72.875052,W001,Open,2026-01-18,19,Sunday,1,Medium,Ward A,South,19.076,72.8777,42.22,28.54,65.73,109,38,22.79,63.07
C0034,2026-06-02 01:39:00,Dirty water supply,Water,19.05582,72.879574,W010,In Progress,2026-06-02,1,Tuesday,6,High,Ward J,South,19.06,72.878,88.26,28.89,55.67,208,35,40.73,61.14
C0035,2026-02-22 21:45:00,Large pothole on main road,Road,19.093142,72.879656,W009,Open,2026-02-22,21,Sunday,2,High,Ward I,North,19.095,72.882,53.02,30.8,80.09,175,27,97.78,88.58
C0036,2026-01-19 00:29:00,Power line issue,Electricity,19.091212,72.87063,W005,Open,2026-01-19,0,Monday,1,Medium,Ward E,West,19.09,72.87,93.08,27.8,86.8,126,23,61.48,81.65
C0037,2026-03-09 04:59:00,Dirty water supply,Water,19.07849,72.875688,W002,Open,2026-03-09,4,Monday,3,High,Ward B,South,19.08,72.88,78.37,28.09,72.21,231,98,27.12,84.83
C0038,2026-04-23 17:45:00,Road damaged,Road,19.063025,72.894839,W006,In Progress,2026-04-23,17,Thursday,4,High,Ward F,Central,19.065,72.89,6.9,31.74,61.13,176,54,22.84,75.97
C0039,2026-03-18 21:06:00,Dustbin is full,Waste,19.099389,72.878343,W009,Open,2026-03-18,21,Wednesday,3,Medium,Ward I,North,19.095,72.882,84.09,31.35,66.13,119,48,75.74,35.17
C0040,2026-03-14 19:13:00,Low water pressure,Water,19.082176,72.877036,W002,In Progress,2026-03-14,19,Saturday,3,High,Ward B,South,19.08,72.88,105.1,26.05,76.24,98,68,46.66,37.58
C0041,2026-01-14 02:40:00,Power line issue,Electricity,19.089236,72.867767,W005,Open,2026-01-14,2,Wednesday,1,Medium,Ward E,West,19.09,72.87,64.59,31.35,83.0,106,71,79.79,89.29
C0042,2026-02-11 23:28:00,Low water pressure,Water,19.065517,72.889277,W006,Open,2026-02-11,23,Wednesday,2,High,Ward F,Central,19.065,72.89,81.37,28.38,59.42,110,76,22.62,83.84
C0043,2026-05-20 01:53:00,Garbage overflowing,Waste,19.078692,72.880525,W002,Resolved,2026-05-20,1,Wednesday,5,Medium,Ward B,South,19.08,72.88,37.86,29.36,62.29,225,100,45.3,42.14
C0044,2026-04-04 01:57:00,Waste collection delayed,Waste,19.083578,72.876821,W003,In Progress,2026-04-04,1,Saturday,4,Medium,Ward C,West,19.085,72.875,74.74,31.01,69.66,76,58,90.7,55.19
C0045,2026-04-15 19:47:00,Road surface damaged,Road,19.076546,72.884299,W002,Open,2026-04-15,19,Wednesday,4,High,Ward B,South,19.08,72.88,111.2,27.81,83.77,57,26,95.24,16.75
C0046,2026-02-15 23:59:00,Street light not working,Electricity,19.083322,72.879308,W003,In Progress,2026-02-15,23,Sunday,2,Medium,Ward C,West,19.085,72.875,12.74,26.42,59.29,165,51,65.78,15.39
C0047,2026-06-29 03:24:00,Road damaged,Road,19.073722,72.888586,W004,Open,2026-06-29,3,Monday,6,High,Ward D,Central,19.07,72.885,99.27,28.94,62.86,102,77,77.25,29.33
C0048,2026-03-20 07:14:00,Power line issue,Electricity,19.065237,72.881931,W004,Resolved,2026-03-20,7,Friday,3,Medium,Ward D,Central,19.07,72.885,97.12,24.92,84.65,134,71,19.02,57.41
C0049,2026-03-31 20:32:00,Waste collection delayed,Waste,19.088997,72.874811,W005,In Progress,2026-03-31,20,Tuesday,3,Medium,Ward E,West,19.09,72.87,38.35,25.4,55.89,177,51,72.98,60.47
C0050,2026-03-08 05:37:00,Garbage not collected,Waste,19.069625,72.887655,W006,Open,2026-03-08,5,Sunday,3,Medium,Ward F,Central,19.065,72.89,16.96,27.88,75.87,197,50,95.04,24.86
C0051,2026-03-22 13:38:00,Power line issue,Electricity,19.064842,72.874156,W010,In Progress,2026-03-22,13,Sunday,3,Medium,Ward J,South,19.06,72.878,44.83,33.42,68.85,75,67,93.96,82.96
C0052,2026-04-22 00:33:00,Pothole near bus stop,Road,19.074256,72.885385,W004,In Progress,2026-04-22,0,Wednesday,4,High,Ward D,Central,19.07,72.885,67.76,30.12,89.71,151,35,49.01,50.95
C0053,2026-01-18 21:58:00,Broken footpath,Road,19.068302,72.883139,W004,Open,2026-01-18,21,Sunday,1,High,Ward D,Central,19.07,72.885,58.1,31.25,89.18,184,82,10.19,59.28
C0054,2026-03-25 12:44:00,Broken footpath,Road,19.087957,72.866273,W005,Resolved,2026-03-25,12,Wednesday,3,High,Ward E,West,19.09,72.87,31.83,26.82,63.31,62,40,12.72,42.87
C0055,2026-05-26 09:25:00,Dirty water supply,Water,19.082479,72.887004,W007,Resolved,2026-05-26,9,Tuesday,5,High,Ward G,East,19.082,72.892,46.17,26.26,69.87,51,24,89.7,54.57
C0056,2026-06-05 20:20:00,Street light flickering,Electricity,19.06965,72.884422,W004,Open,2026-06-05,20,Friday,6,Medium,Ward D,Central,19.07,72.885,80.42,24.43,77.57,122,67,60.74,69.25
C0057,2026-06-18 02:18:00,Street light damaged,Electricity,19.095155,72.883329,W009,Resolved,2026-06-18,2,Thursday,6,Medium,Ward I,North,19.095,72.882,39.37,25.16,64.93,203,72,88.04,99.6
C0058,2026-02-27 06:09:00,Low water pressure,Water,19.075244,72.877448,W002,Resolved,2026-02-27,6,Friday,2,High,Ward B,South,19.08,72.88,56.34,32.4,87.0,144,24,63.9,37.8
C0059,2026-04-17 20:36:00,Waste dumped on road,Waste,19.056944,72.879964,W010,Resolved,2026-04-17,20,Friday,4,Medium,Ward J,South,19.06,72.878,102.86,25.34,72.54,73,39,45.72,48.78
C0060,2026-06-17 22:00:00,Water supply interruption,Water,19.085927,72.895604,W007,Open,2026-06-17,22,Wednesday,6,High,Ward G,East,19.082,72.892,80.47,24.29,60.09,241,96,89.52,68.87
C0061,2026-06-28 16:29:00,Water supply interruption,Water,19.077502,72.889492,W007,Open,2026-06-28,16,Sunday,6,High,Ward G,East,19.082,72.892,10.13,27.68,68.77,146,72,84.19,88.66
C0062,2026-06-20 16:35:00,Pipeline leakage,Water,19.068955,72.8765,W008,Resolved,2026-06-20,16,Saturday,6,High,Ward H,West,19.068,72.872,24.23,30.62,72.16,116,57,37.6,74.43
C0063,2026-04-25 05:47:00,Street light flickering,Electricity,19.063615,72.877501,W010,Open,2026-04-25,5,Saturday,4,Medium,Ward J,South,19.06,72.878,24.33,26.5,76.65,89,54,84.69,68.49
C0064,2026-03-12 14:04:00,Street light damaged,Electricity,19.092135,72.867345,W005,Resolved,2026-03-12,14,Thursday,3,Medium,Ward E,West,19.09,72.87,11.2,27.6,57.88,220,71,55.17,93.12
C0065,2026-02-08 07:24:00,Garbage overflowing,Waste,19.066939,72.892064,W006,Open,2026-02-08,7,Sunday,2,Medium,Ward F,Central,19.065,72.89,100.2,29.49,80.45,185,72,45.2,99.06
C0066,2026-05-19 14:26:00,Power line issue,Electricity,19.077623,72.895329,W007,Resolved,2026-05-19,14,Tuesday,5,Medium,Ward G,East,19.082,72.892,115.21,32.32,61.79,136,24,47.63,33.68
C0067,2026-04-08 15:00:00,Dustbin is full,Waste,19.064427,72.875986,W010,Resolved,2026-04-08,15,Wednesday,4,Medium,Ward J,South,19.06,72.878,12.93,28.14,87.43,222,66,92.14,28.72
C0068,2026-02-26 08:27:00,Pipeline leakage,Water,19.081856,72.890889,W007,In Progress,2026-02-26,8,Thursday,2,High,Ward G,East,19.082,72.892,115.45,25.17,89.99,172,36,56.78,64.15
C0069,2026-02-02 19:34:00,Pipeline leakage,Water,19.07727,72.89094,W007,In Progress,2026-02-02,19,Monday,2,High,Ward G,East,19.082,72.892,8.65,32.62,56.48,54,25,78.68,62.86
C0070,2026-02-04 14:11:00,Waste dumped on road,Waste,19.071503,72.876491,W001,Open,2026-02-04,14,Wednesday,2,Medium,Ward A,South,19.076,72.8777,118.38,27.23,88.98,130,93,24.15,85.82
C0071,2026-04-08 08:48:00,Large pothole on main road,Road,19.072512,72.871216,W008,Open,2026-04-08,8,Wednesday,4,High,Ward H,West,19.068,72.872,12.84,30.11,61.56,150,35,19.64,35.42
C0072,2026-01-14 11:14:00,Dustbin is full,Waste,19.069501,72.874812,W008,In Progress,2026-01-14,11,Wednesday,1,Medium,Ward H,West,19.068,72.872,100.86,33.2,89.33,186,47,18.35,59.66
C0073,2026-02-21 00:39:00,Garbage overflowing,Waste,19.072524,72.873962,W001,In Progress,2026-02-21,0,Saturday,2,Medium,Ward A,South,19.076,72.8777,87.73,30.48,80.15,53,75,25.36,43.72
C0074,2026-06-29 08:49:00,Pipeline leakage,Water,19.078689,72.881059,W002,In Progress,2026-06-29,8,Monday,6,High,Ward B,South,19.08,72.88,10.69,27.68,88.15,80,37,79.49,16.12
C0075,2026-01-28 18:01:00,Low water pressure,Water,19.084289,72.880758,W002,Resolved,2026-01-28,18,Wednesday,1,High,Ward B,South,19.08,72.88,54.44,30.7,81.01,188,50,94.92,79.82
C0076,2026-06-01 22:53:00,Water leakage on road,Water,19.083272,72.888019,W007,Resolved,2026-06-01,22,Monday,6,High,Ward G,East,19.082,72.892,40.01,27.03,56.93,215,73,85.07,20.75
C0077,2026-01-11 11:34:00,Dustbin is full,Waste,19.059284,72.876706,W010,In Progress,2026-01-11,11,Sunday,1,Medium,Ward J,South,19.06,72.878,36.46,26.1,82.5,205,46,91.99,24.13
C0078,2026-05-06 03:27:00,Waste dumped on road,Waste,19.069608,72.891356,W006,Resolved,2026-05-06,3,Wednesday,5,Medium,Ward F,Central,19.065,72.89,78.83,29.7,88.16,192,89,55.31,14.86
C0079,2026-05-14 20:17:00,Street light damaged,Electricity,19.086159,72.879196,W003,Resolved,2026-05-14,20,Thursday,5,Medium,Ward C,West,19.085,72.875,116.26,33.25,88.26,106,43,88.88,11.4
C0080,2026-03-10 10:54:00,Street light flickering,Electricity,19.065455,72.876346,W008,Resolved,2026-03-10,10,Tuesday,3,Medium,Ward H,West,19.068,72.872,97.82,25.36,81.25,155,62,36.85,19.64
C0081,2026-05-26 19:42:00,Pipeline leakage,Water,19.06679,72.867287,W008,Resolved,2026-05-26,19,Tuesday,5,High,Ward H,West,19.068,72.872,69.35,32.47,63.29,178,100,82.28,53.85
C0082,2026-04-01 08:21:00,Street light damaged,Electricity,19.082797,72.875962,W003,Resolved,2026-04-01,8,Wednesday,4,Medium,Ward C,West,19.085,72.875,107.95,30.54,62.78,107,62,15.8,40.82
C0083,2026-02-18 02:15:00,Dustbin is full,Waste,19.097201,72.881886,W009,Open,2026-02-18,2,Wednesday,2,Medium,Ward I,North,19.095,72.882,92.54,31.05,79.16,175,29,46.79,13.49
C0084,2026-01-05 02:18:00,Electric pole damaged,Electricity,19.065216,72.873918,W008,Resolved,2026-01-05,2,Monday,1,Medium,Ward H,West,19.068,72.872,112.26,29.71,71.54,250,25,56.21,55.96
C0085,2026-05-22 16:22:00,Broken footpath,Road,19.059255,72.880459,W010,Resolved,2026-05-22,16,Friday,5,High,Ward J,South,19.06,72.878,91.73,29.68,58.25,228,40,35.48,12.18
C0086,2026-03-20 08:14:00,Power line issue,Electricity,19.061207,72.886926,W006,Open,2026-03-20,8,Friday,3,Medium,Ward F,Central,19.065,72.89,51.98,31.24,72.36,147,22,19.9,11.22
C0087,2026-02-25 23:30:00,Water supply interruption,Water,19.092765,72.882896,W009,In Progress,2026-02-25,23,Wednesday,2,High,Ward I,North,19.095,72.882,17.32,28.63,57.02,155,75,82.76,30.12
C0088,2026-02-19 09:14:00,Pothole near bus stop,Road,19.058609,72.876023,W010,In Progress,2026-02-19,9,Thursday,2,High,Ward J,South,19.06,72.878,117.35,25.58,77.85,171,69,45.79,62.75
C0089,2026-01-12 01:35:00,Low water pressure,Water,19.092921,72.886441,W009,In Progress,2026-01-12,1,Monday,1,High,Ward I,North,19.095,72.882,78.73,24.06,81.28,247,87,47.95,30.54
C0090,2026-05-27 09:30:00,Garbage not collected,Waste,19.067787,72.870407,W008,Open,2026-05-27,9,Wednesday,5,Medium,Ward H,West,19.068,72.872,39.78,27.53,89.22,125,80,10.88,47.47
C0091,2026-01-17 12:31:00,Street light not working,Electricity,19.085741,72.871294,W005,Open,2026-01-17,12,Saturday,1,Medium,Ward E,West,19.09,72.87,84.14,26.76,55.36,98,80,12.93,24.12
C0092,2026-03-19 02:15:00,Dirty water supply,Water,19.081185,72.877644,W003,In Progress,2026-03-19,2,Thursday,3,High,Ward C,West,19.085,72.875,24.92,27.08,64.28,80,100,67.09,59.58
C0093,2026-04-08 14:58:00,Dirty water supply,Water,19.059427,72.881602,W010,Resolved,2026-04-08,14,Wednesday,4,High,Ward J,South,19.06,72.878,12.93,28.14,87.43,222,66,92.14,28.72
C0094,2026-01-26 06:40:00,Dustbin is full,Waste,19.08711,72.871604,W005,Open,2026-01-26,6,Monday,1,Medium,Ward E,West,19.09,72.87,100.6,30.28,86.62,215,88,65.3,71.26
C0095,2026-01-20 05:00:00,Dirty water supply,Water,19.069085,72.886894,W004,Resolved,2026-01-20,5,Tuesday,1,High,Ward D,Central,19.07,72.885,65.35,30.48,86.79,86,97,38.84,63.0
C0096,2026-03-15 22:18:00,Garbage overflowing,Waste,19.09203,72.86954,W005,In Progress,2026-03-15,22,Sunday,3,Medium,Ward E,West,19.09,72.87,77.18,27.1,70.31,111,46,62.59,17.85
C0097,2026-06-19 06:27:00,Road surface damaged,Road,19.066148,72.882248,W004,Open,2026-06-19,6,Friday,6,High,Ward D,Central,19.07,72.885,12.62,28.38,78.05,71,27,36.37,45.86
C0098,2026-01-16 05:50:00,Water leakage on road,Water,19.088076,72.87249,W005,In Progress,2026-01-16,5,Friday,1,High,Ward E,West,19.09,72.87,41.66,28.28,67.97,179,74,84.56,17.38
C0099,2026-04-30 22:19:00,Street light not working,Electricity,19.091997,72.874427,W005,In Progress,2026-04-30,22,Thursday,4,Medium,Ward E,West,19.09,72.87,70.9,28.57,81.21,194,50,19.49,89.27
C0100,2026-01-21 19:02:00,Electric pole damaged,Electricity,19.098894,72.884345,W009,In Progress,2026-01-21,19,Wednesday,1,Medium,Ward I,North,19.095,72.882,98.99,24.01,85.43,168,28,53.58,46.67
C0101,2026-02-28 21:53:00,Garbage not collected,Waste,19.093605,72.870871,W005,Open,2026-02-28,21,Saturday,2,Medium,Ward E,West,19.09,72.87,76.53,33.34,86.95,218,44,73.1,59.32
C0102,2026-05-01 16:41:00,Garbage overflowing,Waste,19.089422,72.867782,W005,In Progress,2026-05-01,16,Friday,5,Medium,Ward E,West,19.09,72.87,31.56,28.22,63.38,245,44,17.74,12.18
C0103,2026-05-01 11:26:00,Street light not working,Electricity,19.080333,72.893701,W007,Open,2026-05-01,11,Friday,5,Medium,Ward G,East,19.082,72.892,34.16,31.43,83.31,155,20,42.36,46.72
C0104,2026-03-15 21:25:00,Electric pole damaged,Electricity,19.068136,72.890501,W006,Resolved,2026-03-15,21,Sunday,3,Medium,Ward F,Central,19.065,72.89,6.95,24.86,70.21,166,33,21.74,76.83
C0105,2026-03-24 03:49:00,Large pothole on main road,Road,19.079042,72.880146,W002,Open,2026-03-24,3,Tuesday,3,High,Ward B,South,19.08,72.88,76.69,32.87,70.63,117,49,44.62,62.29
C0106,2026-01-14 06:33:00,Electric pole damaged,Electricity,19.093618,72.884564,W009,In Progress,2026-01-14,6,Wednesday,1,Medium,Ward I,North,19.095,72.882,3.24,27.94,74.75,56,86,40.66,67.21
C0107,2026-03-10 17:08:00,Garbage overflowing,Waste,19.072277,72.871381,W008,In Progress,2026-03-10,17,Tuesday,3,Medium,Ward H,West,19.068,72.872,97.82,25.36,81.25,155,62,36.85,19.64
C0108,2026-06-11 19:51:00,Garbage not collected,Waste,19.065393,72.868584,W008,In Progress,2026-06-11,19,Thursday,6,Medium,Ward H,West,19.068,72.872,117.06,29.34,59.25,56,58,67.24,63.62
C0109,2026-02-27 03:29:00,Street light not working,Electricity,19.080471,72.879177,W001,Open,2026-02-27,3,Friday,2,Medium,Ward A,South,19.076,72.8777,61.54,28.97,58.45,234,78,23.27,35.51
C0110,2026-06-30 08:26:00,Road surface damaged,Road,19.071347,72.876802,W008,Open,2026-06-30,8,Tuesday,6,High,Ward H,West,19.068,72.872,4.93,25.79,60.95,176,44,77.67,79.04
C0111,2026-02-18 19:32:00,Pipeline leakage,Water,19.070463,72.868365,W008,Open,2026-02-18,19,Wednesday,2,High,Ward H,West,19.068,72.872,33.48,26.98,87.95,126,82,37.7,98.88
C0112,2026-05-10 08:52:00,Power line issue,Electricity,19.085026,72.872261,W005,In Progress,2026-05-10,8,Sunday,5,Medium,Ward E,West,19.09,72.87,13.48,24.55,88.21,87,84,87.45,62.19
C0113,2026-04-25 17:30:00,Street light damaged,Electricity,19.058451,72.878519,W010,In Progress,2026-04-25,17,Saturday,4,Medium,Ward J,South,19.06,72.878,24.33,26.5,76.65,89,54,84.69,68.49
C0114,2026-02-18 22:15:00,Power line issue,Electricity,19.082718,72.889336,W007,Resolved,2026-02-18,22,Wednesday,2,Medium,Ward G,East,19.082,72.892,96.44,26.64,71.95,113,70,97.34,43.58
C0115,2026-06-30 12:24:00,Broken footpath,Road,19.080884,72.880624,W001,In Progress,2026-06-30,12,Tuesday,6,High,Ward A,South,19.076,72.8777,56.27,32.71,89.1,151,85,43.61,60.91
C0116,2026-02-02 16:37:00,Street light not working,Electricity,19.08332,72.871004,W003,Resolved,2026-02-02,16,Monday,2,Medium,Ward C,West,19.085,72.875,6.57,26.04,88.09,246,28,20.66,89.45
C0117,2026-02-06 13:55:00,Street light not working,Electricity,19.081548,72.876544,W002,Resolved,2026-02-06,13,Friday,2,Medium,Ward B,South,19.08,72.88,43.42,27.63,61.31,104,46,52.7,56.42
C0118,2026-06-27 12:41:00,Road surface damaged,Road,19.085803,72.868286,W005,In Progress,2026-06-27,12,Saturday,6,High,Ward E,West,19.09,72.87,94.72,26.74,57.8,249,61,48.47,44.42
C0119,2026-06-10 22:56:00,Power line issue,Electricity,19.097594,72.885724,W009,Open,2026-06-10,22,Wednesday,6,Medium,Ward I,North,19.095,72.882,36.49,25.32,82.63,93,30,23.53,40.34
C0120,2026-06-11 21:58:00,Garbage overflowing,Waste,19.057874,72.875275,W010,Open,2026-06-11,21,Thursday,6,Medium,Ward J,South,19.06,72.878,111.34,25.56,88.96,189,70,32.38,17.56
C0121,2026-04-24 05:44:00,Garbage not collected,Waste,19.079995,72.887289,W007,Resolved,2026-04-24,5,Friday,4,Medium,Ward G,East,19.082,72.892,60.38,27.4,59.1,181,43,43.84,88.83
C0122,2026-04-06 13:09:00,Large pothole on main road,Road,19.073442,72.876821,W001,In Progress,2026-04-06,13,Monday,4,High,Ward A,South,19.076,72.8777,87.17,33.82,84.55,76,48,55.68,34.08
C0123,2026-01-21 19:55:00,Water supply interruption,Water,19.083825,72.876831,W003,Resolved,2026-01-21,19,Wednesday,1,High,Ward C,West,19.085,72.875,109.93,25.81,75.49,212,69,18.89,22.82
C0124,2026-04-29 20:16:00,Water supply interruption,Water,19.059596,72.879668,W010,Resolved,2026-04-29,20,Wednesday,4,High,Ward J,South,19.06,72.878,37.12,26.47,64.95,210,95,95.97,41.33
C0125,2026-04-24 11:37:00,Water leakage on road,Water,19.087992,72.87462,W005,In Progress,2026-04-24,11,Friday,4,High,Ward E,West,19.09,72.87,115.57,28.55,69.14,51,45,37.1,17.7
C0126,2026-02-20 12:54:00,Power line issue,Electricity,19.089832,72.867372,W005,In Progress,2026-02-20,12,Friday,2,Medium,Ward E,West,19.09,72.87,112.07,24.36,84.27,176,31,19.83,61.54
C0127,2026-01-06 21:25:00,Large pothole on main road,Road,19.062745,72.890659,W006,In Progress,2026-01-06,21,Tuesday,1,High,Ward F,Central,19.065,72.89,119.91,32.36,88.91,242,77,66.14,33.86
C0128,2026-02-28 19:51:00,Power line issue,Electricity,19.074523,72.879066,W001,In Progress,2026-02-28,19,Saturday,2,Medium,Ward A,South,19.076,72.8777,114.87,29.24,84.37,69,40,99.2,59.31
C0129,2026-06-10 20:02:00,Water leakage on road,Water,19.088089,72.869408,W005,In Progress,2026-06-10,20,Wednesday,6,High,Ward E,West,19.09,72.87,34.98,24.63,85.51,109,84,43.55,52.62
C0130,2026-03-17 10:47:00,Water leakage on road,Water,19.064155,72.887008,W006,In Progress,2026-03-17,10,Tuesday,3,High,Ward F,Central,19.065,72.89,34.99,31.85,80.89,112,85,50.99,73.7
C0131,2026-03-07 15:51:00,Road damaged,Road,19.062951,72.893704,W006,Open,2026-03-07,15,Saturday,3,High,Ward F,Central,19.065,72.89,51.86,24.29,76.49,100,36,22.84,61.08
C0132,2026-02-27 21:46:00,Garbage overflowing,Waste,19.069744,72.870974,W008,In Progress,2026-02-27,21,Friday,2,Medium,Ward H,West,19.068,72.872,115.98,30.42,72.17,93,48,73.04,14.73
C0133,2026-01-04 08:34:00,Waste dumped on road,Waste,19.061236,72.888686,W006,In Progress,2026-01-04,8,Sunday,1,Medium,Ward F,Central,19.065,72.89,2.34,33.29,85.76,128,67,56.14,54.07
C0134,2026-01-28 21:14:00,Power line issue,Electricity,19.089715,72.871195,W005,In Progress,2026-01-28,21,Wednesday,1,Medium,Ward E,West,19.09,72.87,3.93,27.71,70.52,110,27,92.5,43.97
C0135,2026-06-12 14:58:00,Water leakage on road,Water,19.067011,72.891492,W006,Open,2026-06-12,14,Friday,6,High,Ward F,Central,19.065,72.89,74.1,26.2,67.51,133,32,44.37,98.22
C0136,2026-03-19 15:07:00,Garbage not collected,Waste,19.080972,72.878873,W003,Open,2026-03-19,15,Thursday,3,Medium,Ward C,West,19.085,72.875,24.92,27.08,64.28,80,100,67.09,59.58
C0137,2026-06-21 23:44:00,Power line issue,Electricity,19.08646,72.891191,W007,In Progress,2026-06-21,23,Sunday,6,Medium,Ward G,East,19.082,72.892,46.97,28.95,88.98,207,95,86.73,38.29
C0138,2026-05-06 19:26:00,Street light not working,Electricity,19.089391,72.872797,W003,In Progress,2026-05-06,19,Wednesday,5,Medium,Ward C,West,19.085,72.875,31.9,24.41,57.46,127,76,74.18,94.73
C0139,2026-04-24 07:54:00,Pipeline leakage,Water,19.063627,72.894809,W006,Resolved,2026-04-24,7,Friday,4,High,Ward F,Central,19.065,72.89,31.33,28.07,58.73,68,92,93.44,51.5
C0140,2026-04-12 08:12:00,Pothole near bus stop,Road,19.099682,72.88649,W009,Resolved,2026-04-12,8,Sunday,4,High,Ward I,North,19.095,72.882,94.35,25.59,74.01,153,29,61.66,68.16
C0141,2026-01-06 01:50:00,Dirty water supply,Water,19.078335,72.884888,W002,In Progress,2026-01-06,1,Tuesday,1,High,Ward B,South,19.08,72.88,48.31,27.39,85.16,113,34,76.65,51.66
C0142,2026-02-23 18:13:00,Dustbin is full,Waste,19.073131,72.88233,W004,Open,2026-02-23,18,Monday,2,Medium,Ward D,Central,19.07,72.885,5.43,27.45,57.23,65,51,43.16,65.65
C0143,2026-02-07 04:34:00,Waste collection delayed,Waste,19.057507,72.874745,W010,In Progress,2026-02-07,4,Saturday,2,Medium,Ward J,South,19.06,72.878,111.66,28.15,68.88,145,90,25.99,84.38
C0144,2026-04-02 07:37:00,Water leakage on road,Water,19.074238,72.874442,W001,Open,2026-04-02,7,Thursday,4,High,Ward A,South,19.076,72.8777,21.64,24.81,66.64,95,74,34.29,67.21
C0145,2026-01-30 23:04:00,Street light flickering,Electricity,19.084762,72.87778,W003,In Progress,2026-01-30,23,Friday,1,Medium,Ward C,West,19.085,72.875,8.82,24.81,76.29,66,65,38.01,89.67
C0146,2026-05-09 07:39:00,Waste dumped on road,Waste,19.055434,72.880832,W010,In Progress,2026-05-09,7,Saturday,5,Medium,Ward J,South,19.06,72.878,10.75,30.72,69.82,139,60,95.8,49.64
C0147,2026-06-14 00:03:00,Broken footpath,Road,19.099986,72.885473,W009,Resolved,2026-06-14,0,Sunday,6,High,Ward I,North,19.095,72.882,71.87,27.62,71.82,161,93,97.1,66.82
C0148,2026-01-19 02:20:00,Electric pole damaged,Electricity,19.081083,72.875657,W002,Resolved,2026-01-19,2,Monday,1,Medium,Ward B,South,19.08,72.88,75.53,24.54,60.22,194,49,91.02,40.51
C0149,2026-06-02 16:18:00,Broken footpath,Road,19.059537,72.879054,W010,Open,2026-06-02,16,Tuesday,6,High,Ward J,South,19.06,72.878,88.26,28.89,55.67,208,35,40.73,61.14
C0150,2026-04-26 07:26:00,Pipeline leakage,Water,19.078389,72.879535,W002,Resolved,2026-04-26,7,Sunday,4,High,Ward B,South,19.08,72.88,59.12,24.07,85.0,60,92,53.33,39.82
C0151,2026-03-22 21:16:00,Broken footpath,Road,19.078743,72.876526,W002,Resolved,2026-03-22,21,Sunday,3,High,Ward B,South,19.08,72.88,109.68,24.28,79.52,195,48,19.16,96.03
C0152,2026-01-24 13:06:00,Garbage not collected,Waste,19.082446,72.878726,W002,Open,2026-01-24,13,Saturday,1,Medium,Ward B,South,19.08,72.88,8.98,31.82,64.28,209,37,68.18,10.18
C0153,2026-05-24 17:21:00,Dustbin is full,Waste,19.0967,72.881108,W009,In Progress,2026-05-24,17,Sunday,5,Medium,Ward I,North,19.095,72.882,108.39,30.36,55.01,87,49,50.24,52.91
C0154,2026-06-03 09:22:00,Waste collection delayed,Waste,19.078036,72.892074,W007,Open,2026-06-03,9,Wednesday,6,Medium,Ward G,East,19.082,72.892,65.51,27.22,88.76,104,44,77.27,76.43
C0155,2026-03-31 17:23:00,Water leakage on road,Water,19.064149,72.869786,W008,Open,2026-03-31,17,Tuesday,3,High,Ward H,West,19.068,72.872,41.18,31.13,79.02,213,48,44.94,51.61
C0156,2026-06-18 22:17:00,Dustbin is full,Waste,19.07729,72.889733,W007,Resolved,2026-06-18,22,Thursday,6,Medium,Ward G,East,19.082,72.892,14.83,25.1,59.76,245,51,51.6,96.62
C0157,2026-02-16 04:36:00,Pothole near bus stop,Road,19.066573,72.885696,W006,In Progress,2026-02-16,4,Monday,2,High,Ward F,Central,19.065,72.89,81.65,25.19,89.13,150,44,14.69,99.28
C0158,2026-02-25 12:26:00,Dustbin is full,Waste,19.075536,72.874274,W001,Resolved,2026-02-25,12,Wednesday,2,Medium,Ward A,South,19.076,72.8777,69.13,29.77,82.04,132,23,24.42,93.61
C0159,2026-02-09 05:48:00,Garbage not collected,Waste,19.066178,72.89174,W006,Resolved,2026-02-09,5,Monday,2,Medium,Ward F,Central,19.065,72.89,94.62,27.45,80.65,210,92,89.13,51.42
C0160,2026-06-05 14:26:00,Electric pole damaged,Electricity,19.065732,72.874549,W008,Open,2026-06-05,14,Friday,6,Medium,Ward H,West,19.068,72.872,8.5,26.35,70.57,198,32,26.84,42.22
C0161,2026-03-14 21:43:00,Street light not working,Electricity,19.065931,72.890269,W006,Resolved,2026-03-14,21,Saturday,3,Medium,Ward F,Central,19.065,72.89,112.07,25.32,85.13,195,64,74.04,32.23
C0162,2026-06-03 01:00:00,Pipeline leakage,Water,19.073044,72.882153,W001,Open,2026-06-03,1,Wednesday,6,High,Ward A,South,19.076,72.8777,5.5,31.01,59.57,94,31,60.96,51.67
C0163,2026-01-31 00:31:00,Large pothole on main road,Road,19.09247,72.866757,W005,Resolved,2026-01-31,0,Saturday,1,High,Ward E,West,19.09,72.87,50.75,33.16,56.8,123,25,54.63,92.8
C0164,2026-05-24 21:51:00,Dirty water supply,Water,19.093542,72.880971,W009,In Progress,2026-05-24,21,Sunday,5,High,Ward I,North,19.095,72.882,108.39,30.36,55.01,87,49,50.24,52.91
C0165,2026-04-28 02:55:00,Street light not working,Electricity,19.074131,72.876993,W001,Resolved,2026-04-28,2,Tuesday,4,Medium,Ward A,South,19.076,72.8777,7.2,32.14,71.68,211,32,96.32,54.37
C0166,2026-04-14 00:20:00,Pothole near bus stop,Road,19.078719,72.896476,W007,Resolved,2026-04-14,0,Tuesday,4,High,Ward G,East,19.082,72.892,46.56,30.3,70.16,54,21,22.49,99.42
C0167,2026-01-28 07:27:00,Waste dumped on road,Waste,19.065889,72.89024,W006,Resolved,2026-01-28,7,Wednesday,1,Medium,Ward F,Central,19.065,72.89,102.65,24.99,79.0,189,28,80.44,15.58
C0168,2026-03-27 05:04:00,Road damaged,Road,19.090105,72.86614,W005,In Progress,2026-03-27,5,Friday,3,High,Ward E,West,19.09,72.87,109.7,24.67,68.58,151,62,12.52,35.4
C0169,2026-06-15 04:15:00,Large pothole on main road,Road,19.066028,72.88256,W004,Open,2026-06-15,4,Monday,6,High,Ward D,Central,19.07,72.885,32.72,28.2,86.92,141,65,60.84,47.39
C0170,2026-02-15 20:31:00,Water leakage on road,Water,19.05964,72.878637,W010,In Progress,2026-02-15,20,Sunday,2,High,Ward J,South,19.06,72.878,5.84,26.81,75.91,217,62,40.85,28.52
C0171,2026-02-08 14:04:00,Large pothole on main road,Road,19.067689,72.873314,W008,Resolved,2026-02-08,14,Sunday,2,High,Ward H,West,19.068,72.872,5.73,28.2,82.79,167,28,45.01,91.32
C0172,2026-05-10 02:19:00,Waste collection delayed,Waste,19.059617,72.873376,W010,Resolved,2026-05-10,2,Sunday,5,Medium,Ward J,South,19.06,72.878,83.41,30.68,68.18,219,76,20.19,16.97
C0173,2026-06-07 19:32:00,Garbage not collected,Waste,19.088845,72.870803,W005,In Progress,2026-06-07,19,Sunday,6,Medium,Ward E,West,19.09,72.87,4.81,28.71,81.9,58,45,89.47,37.12
C0174,2026-06-16 06:20:00,Street light flickering,Electricity,19.07705,72.877714,W001,Open,2026-06-16,6,Tuesday,6,Medium,Ward A,South,19.076,72.8777,93.46,28.12,87.23,91,71,59.51,41.68
C0175,2026-01-22 16:41:00,Waste collection delayed,Waste,19.064726,72.869477,W008,Resolved,2026-01-22,16,Thursday,1,Medium,Ward H,West,19.068,72.872,117.63,26.44,74.29,148,79,96.5,65.87
C0176,2026-04-06 09:24:00,Low water pressure,Water,19.067088,72.870384,W008,In Progress,2026-04-06,9,Monday,4,High,Ward H,West,19.068,72.872,67.8,33.78,78.44,136,70,27.34,68.0
C0177,2026-03-26 03:35:00,Pothole near bus stop,Road,19.077784,72.875541,W001,In Progress,2026-03-26,3,Thursday,3,High,Ward A,South,19.076,72.8777,31.8,30.42,68.56,144,56,20.01,15.4
C0178,2026-01-21 18:42:00,Low water pressure,Water,19.056414,72.876498,W010,In Progress,2026-01-21,18,Wednesday,1,High,Ward J,South,19.06,72.878,49.59,25.88,67.66,243,49,92.24,11.68
C0179,2026-01-22 09:35:00,Dirty water supply,Water,19.080767,72.894917,W007,Open,2026-01-22,9,Thursday,1,High,Ward G,East,19.082,72.892,35.02,31.05,69.54,173,91,50.66,10.09
C0180,2026-05-11 11:01:00,Waste dumped on road,Waste,19.093626,72.878803,W009,Open,2026-05-11,11,Monday,5,Medium,Ward I,North,19.095,72.882,29.69,29.29,66.67,150,60,55.97,80.28
C0181,2026-02-27 04:09:00,Street light damaged,Electricity,19.060772,72.893444,W006,Open,2026-02-27,4,Friday,2,Medium,Ward F,Central,19.065,72.89,45.58,32.33,72.48,217,27,98.3,39.98
C0182,2026-06-08 04:38:00,Waste collection delayed,Waste,19.093767,72.878622,W009,In Progress,2026-06-08,4,Monday,6,Medium,Ward I,North,19.095,72.882,106.56,25.11,67.8,208,63,55.13,10.14
C0183,2026-01-12 13:23:00,Pipeline leakage,Water,19.061764,72.875375,W010,Resolved,2026-01-12,13,Monday,1,High,Ward J,South,19.06,72.878,106.26,31.78,62.66,228,74,47.21,46.84
C0184,2026-03-01 17:15:00,Broken footpath,Road,19.058095,72.881086,W010,Resolved,2026-03-01,17,Sunday,3,High,Ward J,South,19.06,72.878,3.95,33.29,66.01,103,68,79.83,99.2
C0185,2026-04-23 14:49:00,Road surface damaged,Road,19.067818,72.883819,W004,In Progress,2026-04-23,14,Thursday,4,High,Ward D,Central,19.07,72.885,73.08,31.24,87.57,152,56,80.67,55.18
C0186,2026-06-04 04:55:00,Water supply interruption,Water,19.0795,72.893412,W007,Resolved,2026-06-04,4,Thursday,6,High,Ward G,East,19.082,72.892,83.0,29.96,80.1,206,75,41.22,82.98
C0187,2026-02-01 09:05:00,Dustbin is full,Waste,19.097631,72.879728,W009,In Progress,2026-02-01,9,Sunday,2,Medium,Ward I,North,19.095,72.882,53.17,28.24,76.25,156,34,40.45,28.92
C0188,2026-02-26 14:56:00,Street light not working,Electricity,19.083496,72.870267,W003,Open,2026-02-26,14,Thursday,2,Medium,Ward C,West,19.085,72.875,6.18,27.77,76.17,60,60,95.87,61.92
C0189,2026-04-09 02:23:00,Road damaged,Road,19.079245,72.890187,W007,Open,2026-04-09,2,Thursday,4,High,Ward G,East,19.082,72.892,105.77,28.19,76.31,227,24,20.55,40.85
C0190,2026-01-10 09:58:00,Water supply interruption,Water,19.068298,72.891961,W006,Open,2026-01-10,9,Saturday,1,High,Ward F,Central,19.065,72.89,2.84,25.93,66.49,67,50,28.85,14.23
C0191,2026-01-02 02:01:00,Street light flickering,Electricity,19.065559,72.87535,W008,In Progress,2026-01-02,2,Friday,1,Medium,Ward H,West,19.068,72.872,82.58,26.2,66.35,246,83,70.92,89.86
C0192,2026-03-15 07:19:00,Street light not working,Electricity,19.056218,72.875384,W010,In Progress,2026-03-15,7,Sunday,3,Medium,Ward J,South,19.06,72.878,93.96,31.21,60.84,82,63,37.13,52.68
C0193,2026-01-29 15:38:00,Street light not working,Electricity,19.060361,72.87932,W010,In Progress,2026-01-29,15,Thursday,1,Medium,Ward J,South,19.06,72.878,109.05,30.59,65.56,214,76,26.73,22.39
C0194,2026-04-20 00:39:00,Low water pressure,Water,19.068528,72.885707,W004,Open,2026-04-20,0,Monday,4,High,Ward D,Central,19.07,72.885,25.99,30.07,71.5,173,92,71.2,36.16
C0195,2026-05-15 17:32:00,Pothole near bus stop,Road,19.082864,72.880076,W002,Open,2026-05-15,17,Friday,5,High,Ward B,South,19.08,72.88,4.71,27.87,81.78,62,25,16.64,92.87
C0196,2026-06-12 12:23:00,Street light not working,Electricity,19.079537,72.887162,W007,Open,2026-06-12,12,Friday,6,Medium,Ward G,East,19.082,72.892,6.6,30.41,75.42,106,30,40.4,67.31
C0197,2026-05-29 23:48:00,Water leakage on road,Water,19.063325,72.885443,W006,In Progress,2026-05-29,23,Friday,5,High,Ward F,Central,19.065,72.89,1.42,33.27,70.71,223,47,18.22,82.3
C0198,2026-06-28 15:40:00,Pipeline leakage,Water,19.061823,72.886349,W006,In Progress,2026-06-28,15,Sunday,6,High,Ward F,Central,19.065,72.89,82.5,32.27,82.98,100,29,39.21,79.77
C0199,2026-02-21 01:50:00,Waste collection delayed,Waste,19.064995,72.867419,W008,Resolved,2026-02-21,1,Saturday,2,Medium,Ward H,West,19.068,72.872,31.39,27.6,63.27,220,57,17.71,21.22
C0200,2026-05-02 08:02:00,Street light flickering,Electricity,19.097533,72.878911,W009,Resolved,2026-05-02,8,Saturday,5,Medium,Ward I,North,19.095,72.882,117.0,26.47,89.81,100,56,16.73,61.78
C0201,2026-02-01 11:27:00,Large pothole on main road,Road,19.079895,72.880133,W001,Resolved,2026-02-01,11,Sunday,2,High,Ward A,South,19.076,72.8777,73.08,30.58,79.27,57,91,20.37,36.15
C0202,2026-06-27 15:23:00,Pipeline leakage,Water,19.069243,72.890193,W006,Open,2026-06-27,15,Saturday,6,High,Ward F,Central,19.065,72.89,112.86,28.71,69.45,135,91,60.4,27.95
C0203,2026-06-04 05:34:00,Waste dumped on road,Waste,19.079938,72.888026,W007,Resolved,2026-06-04,5,Thursday,6,Medium,Ward G,East,19.082,72.892,83.0,29.96,80.1,206,75,41.22,82.98
C0204,2026-06-04 22:27:00,Broken footpath,Road,19.086666,72.869439,W005,Resolved,2026-06-04,22,Thursday,6,High,Ward E,West,19.09,72.87,57.12,25.27,60.01,119,41,13.31,85.13
C0205,2026-04-22 08:40:00,Road surface damaged,Road,19.0808,72.882179,W001,Open,2026-04-22,8,Wednesday,4,High,Ward A,South,19.076,72.8777,14.14,24.07,77.91,226,62,45.19,47.56
C0206,2026-06-23 05:01:00,Road surface damaged,Road,19.078428,72.893076,W007,Resolved,2026-06-23,5,Tuesday,6,High,Ward G,East,19.082,72.892,98.85,29.05,65.5,219,58,15.48,30.48
C0207,2026-03-02 20:23:00,Water leakage on road,Water,19.074622,72.882195,W001,Open,2026-03-02,20,Monday,3,High,Ward A,South,19.076,72.8777,70.44,31.52,79.94,151,31,80.0,87.84
C0208,2026-04-05 11:28:00,Pipeline leakage,Water,19.062631,72.878739,W010,In Progress,2026-04-05,11,Sunday,4,High,Ward J,South,19.06,72.878,77.86,31.97,58.96,228,70,10.68,43.72
C0209,2026-06-16 08:15:00,Power line issue,Electricity,19.069605,72.885259,W006,Open,2026-06-16,8,Tuesday,6,Medium,Ward F,Central,19.065,72.89,110.81,28.8,65.91,142,79,35.77,93.21
C0210,2026-01-31 08:49:00,Street light flickering,Electricity,19.065603,72.871463,W008,In Progress,2026-01-31,8,Saturday,1,Medium,Ward H,West,19.068,72.872,101.44,27.68,81.69,196,62,82.65,43.83
C0211,2026-02-01 04:54:00,Street light damaged,Electricity,19.085741,72.866727,W005,In Progress,2026-02-01,4,Sunday,2,Medium,Ward E,West,19.09,72.87,11.01,29.3,68.17,166,53,74.7,40.58
C0212,2026-06-20 11:45:00,Waste collection delayed,Waste,19.063649,72.872422,W008,Resolved,2026-06-20,11,Saturday,6,Medium,Ward H,West,19.068,72.872,24.23,30.62,72.16,116,57,37.6,74.43
C0213,2026-05-11 07:07:00,Low water pressure,Water,19.089851,72.877921,W003,Open,2026-05-11,7,Monday,5,High,Ward C,West,19.085,72.875,113.42,24.67,78.11,219,56,22.88,39.39
C0214,2026-05-22 18:23:00,Waste collection delayed,Waste,19.067674,72.87683,W008,Open,2026-05-22,18,Friday,5,Medium,Ward H,West,19.068,72.872,83.92,30.16,65.94,100,22,77.96,57.39
C0215,2026-03-21 12:45:00,Garbage not collected,Waste,19.062189,72.878257,W010,Resolved,2026-03-21,12,Saturday,3,Medium,Ward J,South,19.06,72.878,42.58,32.39,84.58,95,69,71.81,74.34
C0216,2026-03-23 20:04:00,Garbage overflowing,Waste,19.0595,72.879801,W010,Resolved,2026-03-23,20,Monday,3,Medium,Ward J,South,19.06,72.878,89.44,26.38,89.38,92,51,44.49,59.44
C0217,2026-04-21 16:58:00,Water supply interruption,Water,19.088682,72.878314,W003,In Progress,2026-04-21,16,Tuesday,4,High,Ward C,West,19.085,72.875,108.24,29.39,55.04,248,72,87.06,69.34
C0218,2026-02-11 10:59:00,Road damaged,Road,19.087093,72.87346,W003,In Progress,2026-02-11,10,Wednesday,2,High,Ward C,West,19.085,72.875,73.78,28.35,77.38,64,34,73.82,22.28
C0219,2026-02-20 20:35:00,Waste collection delayed,Waste,19.087745,72.87125,W005,In Progress,2026-02-20,20,Friday,2,Medium,Ward E,West,19.09,72.87,112.07,24.36,84.27,176,31,19.83,61.54
C0220,2026-06-14 05:37:00,Dustbin is full,Waste,19.099416,72.878542,W009,In Progress,2026-06-14,5,Sunday,6,Medium,Ward I,North,19.095,72.882,71.87,27.62,71.82,161,93,97.1,66.82
C0221,2026-01-11 00:05:00,Road surface damaged,Road,19.055455,72.879415,W010,In Progress,2026-01-11,0,Sunday,1,High,Ward J,South,19.06,72.878,36.46,26.1,82.5,205,46,91.99,24.13
C0222,2026-04-17 19:40:00,Dirty water supply,Water,19.085303,72.87389,W005,In Progress,2026-04-17,19,Friday,4,High,Ward E,West,19.09,72.87,9.18,24.75,55.65,179,33,23.26,88.86
C0223,2026-03-04 21:25:00,Broken footpath,Road,19.087974,72.86573,W005,Open,2026-03-04,21,Wednesday,3,High,Ward E,West,19.09,72.87,113.86,27.32,76.71,134,88,50.04,61.94
C0224,2026-05-04 14:13:00,Electric pole damaged,Electricity,19.083402,72.871437,W003,In Progress,2026-05-04,14,Monday,5,Medium,Ward C,West,19.085,72.875,87.98,24.21,68.22,235,24,54.69,30.27
C0225,2026-02-03 11:32:00,Broken footpath,Road,19.065617,72.888191,W006,Resolved,2026-02-03,11,Tuesday,2,High,Ward F,Central,19.065,72.89,87.29,32.19,83.53,110,81,74.41,54.53
C0226,2026-03-05 04:06:00,Broken footpath,Road,19.075506,72.884454,W002,In Progress,2026-03-05,4,Thursday,3,High,Ward B,South,19.08,72.88,21.59,31.68,55.94,236,99,47.98,59.49
C0227,2026-03-25 18:46:00,Water supply interruption,Water,19.080127,72.894631,W007,Resolved,2026-03-25,18,Wednesday,3,High,Ward G,East,19.082,72.892,43.3,28.28,65.31,219,73,23.47,26.42
C0228,2026-03-20 15:01:00,Electric pole damaged,Electricity,19.0909,72.880932,W009,Resolved,2026-03-20,15,Friday,3,Medium,Ward I,North,19.095,72.882,74.3,26.46,65.33,155,21,81.32,10.85
C0229,2026-04-01 01:03:00,Dirty water supply,Water,19.067814,72.885975,W004,In Progress,2026-04-01,1,Wednesday,4,High,Ward D,Central,19.07,72.885,89.31,27.07,82.58,134,97,53.77,73.21
C0230,2026-01-03 03:27:00,Road surface damaged,Road,19.064339,72.869645,W008,Resolved,2026-01-03,3,Saturday,1,High,Ward H,West,19.068,72.872,30.17,29.53,87.99,224,56,39.09,15.0
C0231,2026-04-13 01:36:00,Pothole near bus stop,Road,19.082618,72.890625,W007,Resolved,2026-04-13,1,Monday,4,High,Ward G,East,19.082,72.892,98.65,27.75,83.1,164,56,21.8,97.02
C0232,2026-04-26 17:17:00,Street light flickering,Electricity,19.083253,72.881232,W002,In Progress,2026-04-26,17,Sunday,4,Medium,Ward B,South,19.08,72.88,59.12,24.07,85.0,60,92,53.33,39.82
C0233,2026-04-11 11:50:00,Water leakage on road,Water,19.084868,72.880578,W002,Resolved,2026-04-11,11,Saturday,4,High,Ward B,South,19.08,72.88,43.04,28.53,76.56,222,82,49.01,50.15
C0234,2026-05-11 12:32:00,Dirty water supply,Water,19.080403,72.870389,W003,In Progress,2026-05-11,12,Monday,5,High,Ward C,West,19.085,72.875,113.42,24.67,78.11,219,56,22.88,39.39
C0235,2026-04-27 04:38:00,Street light flickering,Electricity,19.068931,72.886398,W006,In Progress,2026-04-27,4,Monday,4,Medium,Ward F,Central,19.065,72.89,66.64,32.56,61.86,239,76,87.34,65.54
C0236,2026-06-07 23:53:00,Pipeline leakage,Water,19.062992,72.888364,W006,In Progress,2026-06-07,23,Sunday,6,High,Ward F,Central,19.065,72.89,51.08,27.94,83.34,228,30,26.61,87.2
C0237,2026-03-18 15:52:00,Street light flickering,Electricity,19.090166,72.880312,W009,Open,2026-03-18,15,Wednesday,3,Medium,Ward I,North,19.095,72.882,84.09,31.35,66.13,119,48,75.74,35.17
C0238,2026-06-02 15:16:00,Pothole near bus stop,Road,19.086671,72.894829,W007,In Progress,2026-06-02,15,Tuesday,6,High,Ward G,East,19.082,72.892,94.53,24.43,59.14,217,42,49.91,34.8
C0239,2026-05-30 15:10:00,Water leakage on road,Water,19.060242,72.880212,W010,Resolved,2026-05-30,15,Saturday,5,High,Ward J,South,19.06,72.878,96.38,25.85,58.88,97,66,86.98,79.37
C0240,2026-05-27 22:07:00,Water leakage on road,Water,19.081908,72.87441,W003,Resolved,2026-05-27,22,Wednesday,5,High,Ward C,West,19.085,72.875,33.53,29.17,73.32,206,57,57.09,28.4
C0241,2026-04-16 16:49:00,Street light damaged,Electricity,19.086115,72.874716,W003,In Progress,2026-04-16,16,Thursday,4,Medium,Ward C,West,19.085,72.875,55.35,29.5,65.17,67,46,72.55,16.76
C0242,2026-02-23 17:20:00,Dirty water supply,Water,19.080981,72.877484,W001,Resolved,2026-02-23,17,Monday,2,High,Ward A,South,19.076,72.8777,15.83,28.15,74.74,193,71,75.27,89.92
C0243,2026-05-17 10:34:00,Pipeline leakage,Water,19.063543,72.89272,W006,In Progress,2026-05-17,10,Sunday,5,High,Ward F,Central,19.065,72.89,35.81,33.2,56.72,156,46,35.37,95.31
C0244,2026-03-05 08:35:00,Street light damaged,Electricity,19.087985,72.874415,W005,Resolved,2026-03-05,8,Thursday,3,Medium,Ward E,West,19.09,72.87,80.76,25.39,65.6,114,74,94.62,22.89
C0245,2026-03-23 15:22:00,Pipeline leakage,Water,19.090605,72.874345,W005,In Progress,2026-03-23,15,Monday,3,High,Ward E,West,19.09,72.87,45.41,31.34,65.31,95,74,96.36,35.06
C0246,2026-05-27 21:34:00,Pothole near bus stop,Road,19.088797,72.874802,W005,Resolved,2026-05-27,21,Wednesday,5,High,Ward E,West,19.09,72.87,9.37,30.34,82.93,129,97,32.61,51.66
C0247,2026-03-15 22:05:00,Pothole near bus stop,Road,19.083464,72.874424,W003,Resolved,2026-03-15,22,Sunday,3,High,Ward C,West,19.085,72.875,110.51,33.74,60.44,133,66,76.86,63.0
C0248,2026-05-18 08:59:00,Water supply interruption,Water,19.06862,72.869716,W008,Open,2026-05-18,8,Monday,5,High,Ward H,West,19.068,72.872,42.46,25.3,74.69,183,60,27.14,60.24
C0249,2026-01-13 21:57:00,Water supply interruption,Water,19.06031,72.879379,W010,Open,2026-01-13,21,Tuesday,1,High,Ward J,South,19.06,72.878,83.27,31.06,57.25,154,60,91.83,10.71
C0250,2026-05-01 03:43:00,Power line issue,Electricity,19.082708,72.875052,W002,In Progress,2026-05-01,3,Friday,5,Medium,Ward B,South,19.08,72.88,71.64,31.97,74.19,98,91,27.98,32.72
C0251,2026-05-03 20:12:00,Electric pole damaged,Electricity,19.087559,72.872872,W003,Resolved,2026-05-03,20,Sunday,5,Medium,Ward C,West,19.085,72.875,62.51,26.53,77.35,100,53,68.79,12.9
C0252,2026-03-01 17:47:00,Dustbin is full,Waste,19.078231,72.882067,W001,Open,2026-03-01,17,Sunday,3,Medium,Ward A,South,19.076,72.8777,9.48,33.59,71.06,112,45,76.18,10.82
C0253,2026-04-12 15:11:00,Water leakage on road,Water,19.086366,72.896621,W007,Resolved,2026-04-12,15,Sunday,4,High,Ward G,East,19.082,72.892,94.79,29.5,57.55,231,47,19.26,35.02
C0254,2026-05-26 19:06:00,Waste collection delayed,Waste,19.080285,72.87605,W001,Resolved,2026-05-26,19,Tuesday,5,Medium,Ward A,South,19.076,72.8777,100.8,25.54,89.91,221,50,38.97,73.8
C0255,2026-05-10 14:17:00,Street light damaged,Electricity,19.091928,72.878126,W009,Open,2026-05-10,14,Sunday,5,Medium,Ward I,North,19.095,72.882,90.04,29.49,76.81,86,50,41.48,16.97
C0256,2026-01-04 23:21:00,Road damaged,Road,19.070908,72.872678,W008,Open,2026-01-04,23,Sunday,1,High,Ward H,West,19.068,72.872,10.28,28.86,57.42,244,74,18.12,48.03
C0257,2026-05-12 10:05:00,Electric pole damaged,Electricity,19.084008,72.870954,W003,Open,2026-05-12,10,Tuesday,5,Medium,Ward C,West,19.085,72.875,106.85,32.15,56.03,192,30,95.97,96.28
C0258,2026-01-02 08:24:00,Road damaged,Road,19.065355,72.874538,W008,Resolved,2026-01-02,8,Friday,1,High,Ward H,West,19.068,72.872,82.58,26.2,66.35,246,83,70.92,89.86
C0259,2026-06-17 11:44:00,Waste collection delayed,Waste,19.087363,72.871678,W005,Resolved,2026-06-17,11,Wednesday,6,Medium,Ward E,West,19.09,72.87,36.2,24.1,58.38,81,51,24.98,66.29
C0260,2026-06-25 16:59:00,Pipeline leakage,Water,19.093951,72.872036,W005,Resolved,2026-06-25,16,Thursday,6,High,Ward E,West,19.09,72.87,35.76,24.64,88.43,143,28,78.44,70.57
C0261,2026-06-07 07:14:00,Large pothole on main road,Road,19.084574,72.879782,W002,Resolved,2026-06-07,7,Sunday,6,High,Ward B,South,19.08,72.88,51.37,32.73,63.67,161,26,97.33,37.83
C0262,2026-06-29 17:58:00,Broken footpath,Road,19.059708,72.878375,W010,In Progress,2026-06-29,17,Monday,6,High,Ward J,South,19.06,72.878,44.36,30.84,71.04,52,26,84.85,15.43
C0263,2026-01-21 16:28:00,Dirty water supply,Water,19.070282,72.883618,W004,In Progress,2026-01-21,16,Wednesday,1,High,Ward D,Central,19.07,72.885,97.71,33.69,71.45,154,61,33.21,94.74
C0264,2026-05-10 06:36:00,Dustbin is full,Waste,19.080367,72.876645,W002,In Progress,2026-05-10,6,Sunday,5,Medium,Ward B,South,19.08,72.88,36.58,33.88,76.57,163,83,21.45,66.73
C0265,2026-05-30 15:05:00,Garbage overflowing,Waste,19.071989,72.871455,W008,Open,2026-05-30,15,Saturday,5,Medium,Ward H,West,19.068,72.872,14.61,33.58,58.02,204,52,71.68,60.21
C0266,2026-04-17 14:36:00,Dirty water supply,Water,19.063577,72.871624,W008,Resolved,2026-04-17,14,Friday,4,High,Ward H,West,19.068,72.872,107.28,29.4,77.89,88,87,50.74,33.9
C0267,2026-01-01 23:13:00,Power line issue,Electricity,19.076783,72.873153,W001,Resolved,2026-01-01,23,Thursday,1,Medium,Ward A,South,19.076,72.8777,76.73,24.25,64.63,107,25,98.07,54.93
C0268,2026-05-01 01:18:00,Garbage not collected,Waste,19.079089,72.88269,W002,In Progress,2026-05-01,1,Friday,5,Medium,Ward B,South,19.08,72.88,71.64,31.97,74.19,98,91,27.98,32.72
C0269,2026-04-25 12:24:00,Broken footpath,Road,19.077802,72.896641,W007,In Progress,2026-04-25,12,Saturday,4,High,Ward G,East,19.082,72.892,26.23,29.74,61.4,241,70,21.33,70.31
C0270,2026-02-15 17:25:00,Pothole near bus stop,Road,19.085288,72.877279,W003,Open,2026-02-15,17,Sunday,2,High,Ward C,West,19.085,72.875,12.74,26.42,59.29,165,51,65.78,15.39
C0271,2026-04-29 21:46:00,Waste collection delayed,Waste,19.076444,72.878019,W001,Open,2026-04-29,21,Wednesday,4,Medium,Ward A,South,19.076,72.8777,41.24,27.13,77.86,231,46,41.4,73.56
C0272,2026-02-09 08:12:00,Power line issue,Electricity,19.074374,72.88725,W004,Open,2026-02-09,8,Monday,2,Medium,Ward D,Central,19.07,72.885,66.5,27.9,71.45,212,38,50.12,84.21
C0273,2026-01-05 07:13:00,Street light flickering,Electricity,19.071673,72.878639,W001,Resolved,2026-01-05,7,Monday,1,Medium,Ward A,South,19.076,72.8777,111.47,31.55,79.15,232,79,70.88,68.28
C0274,2026-01-12 12:28:00,Garbage overflowing,Waste,19.057343,72.875173,W010,Open,2026-01-12,12,Monday,1,Medium,Ward J,South,19.06,72.878,106.26,31.78,62.66,228,74,47.21,46.84
C0275,2026-05-28 10:36:00,Road damaged,Road,19.085979,72.876725,W003,Resolved,2026-05-28,10,Thursday,5,High,Ward C,West,19.085,72.875,15.22,24.77,82.43,114,28,41.54,60.32
C0276,2026-06-19 16:14:00,Road damaged,Road,19.069136,72.882752,W004,In Progress,2026-06-19,16,Friday,6,High,Ward D,Central,19.07,72.885,12.62,28.38,78.05,71,27,36.37,45.86
C0277,2026-05-23 15:03:00,Pipeline leakage,Water,19.064723,72.882416,W010,In Progress,2026-05-23,15,Saturday,5,High,Ward J,South,19.06,72.878,29.24,25.59,71.88,66,74,56.11,12.11
C0278,2026-04-15 04:19:00,Broken footpath,Road,19.080765,72.894544,W007,Resolved,2026-04-15,4,Wednesday,4,High,Ward G,East,19.082,72.892,16.96,24.42,75.05,150,72,67.32,70.14
C0279,2026-02-06 14:58:00,Low water pressure,Water,19.065576,72.884127,W004,Resolved,2026-02-06,14,Friday,2,High,Ward D,Central,19.07,72.885,18.59,26.96,82.58,179,79,40.66,17.73
C0280,2026-03-04 08:13:00,Pipeline leakage,Water,19.093303,72.877791,W009,Resolved,2026-03-04,8,Wednesday,3,High,Ward I,North,19.095,72.882,34.97,30.95,72.19,197,24,26.93,36.97
C0281,2026-02-18 01:17:00,Dustbin is full,Waste,19.063772,72.89105,W006,Open,2026-02-18,1,Wednesday,2,Medium,Ward F,Central,19.065,72.89,42.51,31.72,80.23,214,67,54.23,93.31
C0282,2026-06-21 17:13:00,Dirty water supply,Water,19.079794,72.883695,W002,Resolved,2026-06-21,17,Sunday,6,High,Ward B,South,19.08,72.88,4.32,25.77,78.08,249,69,33.16,30.51
C0283,2026-02-18 23:07:00,Garbage overflowing,Waste,19.092469,72.872543,W005,Open,2026-02-18,23,Wednesday,2,Medium,Ward E,West,19.09,72.87,114.8,28.6,73.66,189,20,11.16,55.06
C0284,2026-03-03 17:20:00,Pipeline leakage,Water,19.062755,72.876807,W010,In Progress,2026-03-03,17,Tuesday,3,High,Ward J,South,19.06,72.878,62.53,30.85,60.93,118,52,86.63,13.15
C0285,2026-04-03 16:56:00,Large pothole on main road,Road,19.064973,72.885986,W006,In Progress,2026-04-03,16,Friday,4,High,Ward F,Central,19.065,72.89,70.76,25.69,67.83,216,77,94.9,87.15
C0286,2026-04-05 10:26:00,Road damaged,Road,19.063457,72.875641,W008,In Progress,2026-04-05,10,Sunday,4,High,Ward H,West,19.068,72.872,97.8,25.83,69.03,166,80,95.55,41.56
C0287,2026-05-22 18:37:00,Waste collection delayed,Waste,19.0872,72.872952,W003,Open,2026-05-22,18,Friday,5,Medium,Ward C,West,19.085,72.875,38.22,25.42,79.65,122,46,42.59,27.86
C0288,2026-05-26 07:31:00,Pipeline leakage,Water,19.065506,72.894435,W006,Resolved,2026-05-26,7,Tuesday,5,High,Ward F,Central,19.065,72.89,21.58,29.09,74.32,165,45,49.38,97.47
C0289,2026-04-28 05:46:00,Electric pole damaged,Electricity,19.09295,72.866693,W005,In Progress,2026-04-28,5,Tuesday,4,Medium,Ward E,West,19.09,72.87,23.87,29.76,77.72,94,92,45.05,62.25
C0290,2026-05-19 20:03:00,Street light damaged,Electricity,19.095239,72.885391,W009,Open,2026-05-19,20,Tuesday,5,Medium,Ward I,North,19.095,72.882,77.48,28.81,76.95,187,64,53.58,69.12
C0291,2026-02-05 20:14:00,Waste dumped on road,Waste,19.07168,72.87421,W001,Open,2026-02-05,20,Thursday,2,Medium,Ward A,South,19.076,72.8777,52.53,28.39,73.3,90,55,93.39,18.86
C0292,2026-01-16 19:40:00,Power line issue,Electricity,19.096668,72.883165,W009,Resolved,2026-01-16,19,Friday,1,Medium,Ward I,North,19.095,72.882,32.41,32.08,73.84,173,70,88.48,62.59
C0293,2026-05-17 17:26:00,Garbage not collected,Waste,19.063119,72.872294,W008,Resolved,2026-05-17,17,Sunday,5,Medium,Ward H,West,19.068,72.872,82.98,29.95,82.56,95,78,36.54,19.87
C0294,2026-05-09 22:43:00,Pothole near bus stop,Road,19.094306,72.886397,W009,Open,2026-05-09,22,Saturday,5,High,Ward I,North,19.095,72.882,8.6,31.77,66.32,197,30,34.88,64.93
C0295,2026-02-08 07:12:00,Dustbin is full,Waste,19.081198,72.877524,W002,Resolved,2026-02-08,7,Sunday,2,Medium,Ward B,South,19.08,72.88,38.24,24.99,80.01,135,28,92.02,44.73
C0296,2026-04-06 12:29:00,Street light not working,Electricity,19.09065,72.874902,W005,Open,2026-04-06,12,Monday,4,Medium,Ward E,West,19.09,72.87,57.97,28.88,86.07,162,67,85.67,56.71
C0297,2026-01-24 12:24:00,Garbage not collected,Waste,19.088772,72.86976,W005,In Progress,2026-01-24,12,Saturday,1,Medium,Ward E,West,19.09,72.87,106.49,28.88,73.94,208,82,78.62,58.43
C0298,2026-05-08 13:41:00,Water leakage on road,Water,19.078844,72.878359,W001,Open,2026-05-08,13,Friday,5,High,Ward A,South,19.076,72.8777,31.8,32.9,63.74,115,63,93.04,91.67
C0299,2026-02-24 22:56:00,Garbage overflowing,Waste,19.095668,72.879711,W009,Open,2026-02-24,22,Tuesday,2,Medium,Ward I,North,19.095,72.882,52.68,29.4,81.4,248,51,29.05,77.79
C0300,2026-03-22 00:13:00,Garbage overflowing,Waste,19.09087,72.872523,W005,In Progress,2026-03-22,0,Sunday,3,Medium,Ward E,West,19.09,72.87,27.91,26.19,73.43,50,25,64.41,26.03
C0301,2026-02-11 18:15:00,Waste collection delayed,Waste,19.082667,72.895494,W007,In Progress,2026-02-11,18,Wednesday,2,Medium,Ward G,East,19.082,72.892,93.42,27.66,68.4,195,40,25.35,11.63
C0302,2026-02-05 22:46:00,Broken footpath,Road,19.090784,72.884455,W009,Resolved,2026-02-05,22,Thursday,2,High,Ward I,North,19.095,72.882,67.07,30.43,66.5,82,71,95.12,83.97
C0303,2026-03-01 02:21:00,Waste dumped on road,Waste,19.077052,72.878839,W001,In Progress,2026-03-01,2,Sunday,3,Medium,Ward A,South,19.076,72.8777,9.48,33.59,71.06,112,45,76.18,10.82
C0304,2026-06-12 08:50:00,Pothole near bus stop,Road,19.086926,72.891906,W007,Resolved,2026-06-12,8,Friday,6,High,Ward G,East,19.082,72.892,6.6,30.41,75.42,106,30,40.4,67.31
C0305,2026-02-17 21:37:00,Electric pole damaged,Electricity,19.096607,72.877857,W009,In Progress,2026-02-17,21,Tuesday,2,Medium,Ward I,North,19.095,72.882,92.95,27.8,83.76,112,30,78.3,92.94
C0306,2026-01-22 08:09:00,Water leakage on road,Water,19.0888,72.872839,W005,Open,2026-01-22,8,Thursday,1,High,Ward E,West,19.09,72.87,11.19,33.92,86.95,168,38,43.6,98.68
C0307,2026-01-28 02:00:00,Large pothole on main road,Road,19.08643,72.891447,W007,Resolved,2026-01-28,2,Wednesday,1,High,Ward G,East,19.082,72.892,108.2,30.45,57.12,120,76,14.93,64.97
C0308,2026-02-17 13:28:00,Water leakage on road,Water,19.08057,72.880124,W002,Open,2026-02-17,13,Tuesday,2,High,Ward B,South,19.08,72.88,88.72,26.99,66.77,180,58,35.68,50.34
C0309,2026-05-22 02:38:00,Waste collection delayed,Waste,19.07698,72.875944,W001,Resolved,2026-05-22,2,Friday,5,Medium,Ward A,South,19.076,72.8777,32.72,25.57,59.01,209,62,92.1,79.02
C0310,2026-04-10 02:46:00,Broken footpath,Road,19.080011,72.881752,W001,Open,2026-04-10,2,Friday,4,High,Ward A,South,19.076,72.8777,103.28,31.12,87.74,211,23,58.24,56.62
C0311,2026-02-13 04:17:00,Pipeline leakage,Water,19.058011,72.877931,W010,Open,2026-02-13,4,Friday,2,High,Ward J,South,19.06,72.878,101.51,26.51,77.23,191,47,47.0,79.08
C0312,2026-04-18 09:30:00,Power line issue,Electricity,19.087827,72.873611,W003,Open,2026-04-18,9,Saturday,4,Medium,Ward C,West,19.085,72.875,21.5,33.49,78.08,87,74,27.45,27.05
C0313,2026-01-28 04:19:00,Pipeline leakage,Water,19.063068,72.870957,W008,In Progress,2026-01-28,4,Wednesday,1,High,Ward H,West,19.068,72.872,22.78,25.22,84.68,166,75,15.92,70.98
C0314,2026-03-27 13:52:00,Broken footpath,Road,19.085235,72.89351,W007,In Progress,2026-03-27,13,Friday,3,High,Ward G,East,19.082,72.892,94.39,30.23,73.29,157,21,78.09,37.82
C0315,2026-06-04 22:12:00,Large pothole on main road,Road,19.08479,72.871776,W003,Resolved,2026-06-04,22,Thursday,6,High,Ward C,West,19.085,72.875,0.87,33.26,79.74,201,94,42.73,79.51
C0316,2026-05-28 07:20:00,Broken footpath,Road,19.063761,72.893165,W006,Resolved,2026-05-28,7,Thursday,5,High,Ward F,Central,19.065,72.89,18.14,28.47,83.27,116,74,62.6,37.52
C0317,2026-02-21 18:34:00,Dustbin is full,Waste,19.061799,72.892676,W006,Open,2026-02-21,18,Saturday,2,Medium,Ward F,Central,19.065,72.89,0.82,27.84,70.64,118,72,49.67,92.17
C0318,2026-03-16 22:04:00,Pipeline leakage,Water,19.07119,72.874957,W008,Resolved,2026-03-16,22,Monday,3,High,Ward H,West,19.068,72.872,29.35,28.72,68.4,88,55,72.7,21.6
C0319,2026-03-03 08:42:00,Low water pressure,Water,19.064541,72.871231,W008,Resolved,2026-03-03,8,Tuesday,3,High,Ward H,West,19.068,72.872,1.48,28.14,82.27,235,60,21.07,21.59
C0320,2026-05-03 18:25:00,Street light flickering,Electricity,19.080344,72.884235,W002,In Progress,2026-05-03,18,Sunday,5,Medium,Ward B,South,19.08,72.88,19.03,31.28,81.07,190,34,62.45,94.32
C0321,2026-06-29 17:38:00,Waste collection delayed,Waste,19.083382,72.88785,W007,Open,2026-06-29,17,Monday,6,Medium,Ward G,East,19.082,72.892,72.01,33.95,64.9,223,53,32.98,77.29
C0322,2026-01-12 18:41:00,Dirty water supply,Water,19.066775,72.888996,W006,Resolved,2026-01-12,18,Monday,1,High,Ward F,Central,19.065,72.89,5.55,33.84,76.39,246,63,35.81,25.41
C0323,2026-01-26 08:14:00,Garbage not collected,Waste,19.082107,72.892188,W007,In Progress,2026-01-26,8,Monday,1,Medium,Ward G,East,19.082,72.892,87.88,24.9,65.33,241,26,86.85,39.07
C0324,2026-04-06 12:29:00,Pipeline leakage,Water,19.062723,72.878886,W010,In Progress,2026-04-06,12,Monday,4,High,Ward J,South,19.06,72.878,79.41,26.49,67.1,223,36,94.55,45.14
C0325,2026-05-04 03:18:00,Pothole near bus stop,Road,19.08416,72.879617,W003,Open,2026-05-04,3,Monday,5,High,Ward C,West,19.085,72.875,87.98,24.21,68.22,235,24,54.69,30.27
C0326,2026-03-29 14:50:00,Large pothole on main road,Road,19.082069,72.874829,W003,Resolved,2026-03-29,14,Sunday,3,High,Ward C,West,19.085,72.875,16.28,32.51,85.78,57,84,56.47,75.58
C0327,2026-03-23 02:19:00,Electric pole damaged,Electricity,19.075447,72.882108,W002,Open,2026-03-23,2,Monday,3,Medium,Ward B,South,19.08,72.88,113.84,31.92,88.62,216,39,80.0,23.19
C0328,2026-03-04 16:11:00,Garbage overflowing,Waste,19.065519,72.88831,W006,Resolved,2026-03-04,16,Wednesday,3,Medium,Ward F,Central,19.065,72.89,52.83,28.31,83.82,216,60,57.04,98.74
C0329,2026-06-11 05:11:00,Pipeline leakage,Water,19.069405,72.871321,W008,Open,2026-06-11,5,Thursday,6,High,Ward H,West,19.068,72.872,117.06,29.34,59.25,56,58,67.24,63.62
C0330,2026-06-01 13:24:00,Pipeline leakage,Water,19.055045,72.875148,W010,Resolved,2026-06-01,13,Monday,6,High,Ward J,South,19.06,72.878,21.19,24.39,68.45,98,44,68.96,76.37
C0331,2026-02-17 11:20:00,Dustbin is full,Waste,19.076971,72.87614,W002,In Progress,2026-02-17,11,Tuesday,2,Medium,Ward B,South,19.08,72.88,88.72,26.99,66.77,180,58,35.68,50.34
C0332,2026-04-10 19:25:00,Road surface damaged,Road,19.06887,72.870479,W008,Resolved,2026-04-10,19,Friday,4,High,Ward H,West,19.068,72.872,97.0,29.23,55.88,87,75,56.14,45.99
C0333,2026-06-07 18:05:00,Low water pressure,Water,19.061721,72.876132,W010,Open,2026-06-07,18,Sunday,6,High,Ward J,South,19.06,72.878,1.91,30.69,60.66,167,90,71.81,72.89
C0334,2026-04-06 22:09:00,Garbage overflowing,Waste,19.090108,72.869182,W005,Open,2026-04-06,22,Monday,4,Medium,Ward E,West,19.09,72.87,57.97,28.88,86.07,162,67,85.67,56.71
C0335,2026-02-17 15:40:00,Electric pole damaged,Electricity,19.060374,72.882192,W010,Open,2026-02-17,15,Tuesday,2,Medium,Ward J,South,19.06,72.878,3.79,33.48,58.85,54,96,58.35,59.76
C0336,2026-03-15 04:11:00,Pipeline leakage,Water,19.093146,72.88151,W009,Open,2026-03-15,4,Sunday,3,High,Ward I,North,19.095,72.882,1.36,28.96,67.13,182,32,16.74,59.19
C0337,2026-02-04 06:52:00,Waste dumped on road,Waste,19.063839,72.890616,W006,In Progress,2026-02-04,6,Wednesday,2,Medium,Ward F,Central,19.065,72.89,71.29,27.84,75.31,239,75,46.81,82.41
C0338,2026-04-17 22:53:00,Electric pole damaged,Electricity,19.067439,72.868673,W008,In Progress,2026-04-17,22,Friday,4,Medium,Ward H,West,19.068,72.872,107.28,29.4,77.89,88,87,50.74,33.9
C0339,2026-01-09 08:14:00,Low water pressure,Water,19.076376,72.874382,W001,Resolved,2026-01-09,8,Friday,1,High,Ward A,South,19.076,72.8777,11.08,28.24,64.68,50,22,47.98,38.43
C0340,2026-05-11 03:36:00,Street light flickering,Electricity,19.056142,72.880751,W010,Resolved,2026-05-11,3,Monday,5,Medium,Ward J,South,19.06,72.878,89.33,24.18,78.95,140,85,80.51,74.16
C0341,2026-05-20 06:27:00,Waste dumped on road,Waste,19.091024,72.885301,W009,Open,2026-05-20,6,Wednesday,5,Medium,Ward I,North,19.095,72.882,25.94,27.02,58.93,250,96,47.08,31.14
C0342,2026-03-09 11:55:00,Waste dumped on road,Waste,19.093167,72.869391,W005,Open,2026-03-09,11,Monday,3,Medium,Ward E,West,19.09,72.87,64.51,25.68,71.01,240,87,71.57,13.81
C0343,2026-06-26 11:55:00,Dirty water supply,Water,19.072108,72.886328,W004,Open,2026-06-26,11,Friday,6,High,Ward D,Central,19.07,72.885,64.02,31.0,58.95,189,40,39.31,56.48
C0344,2026-02-22 01:36:00,Water supply interruption,Water,19.058508,72.875811,W010,In Progress,2026-02-22,1,Sunday,2,High,Ward J,South,19.06,72.878,10.91,29.1,83.3,166,32,10.28,88.35
C0345,2026-03-16 18:17:00,Large pothole on main road,Road,19.089524,72.875144,W003,In Progress,2026-03-16,18,Monday,3,High,Ward C,West,19.085,72.875,62.86,26.63,89.13,210,52,90.24,78.34
C0346,2026-01-16 08:55:00,Pipeline leakage,Water,19.081559,72.882014,W002,Open,2026-01-16,8,Friday,1,High,Ward B,South,19.08,72.88,23.8,29.92,84.07,112,86,76.38,19.47
C0347,2026-03-05 21:25:00,Low water pressure,Water,19.069895,72.885774,W004,Resolved,2026-03-05,21,Thursday,3,High,Ward D,Central,19.07,72.885,99.75,24.69,84.67,154,71,51.05,95.03
C0348,2026-01-20 20:50:00,Electric pole damaged,Electricity,19.085801,72.887931,W007,In Progress,2026-01-20,20,Tuesday,1,Medium,Ward G,East,19.082,72.892,82.64,31.0,87.99,178,87,38.56,33.15
C0349,2026-05-05 10:37:00,Broken footpath,Road,19.085025,72.872741,W005,In Progress,2026-05-05,10,Tuesday,5,High,Ward E,West,19.09,72.87,8.0,32.35,59.54,58,21,88.59,32.49
C0350,2026-01-17 17:25:00,Power line issue,Electricity,19.077178,72.879296,W002,Open,2026-01-17,17,Saturday,1,Medium,Ward B,South,19.08,72.88,29.26,28.65,76.36,147,40,22.99,21.44
C0351,2026-03-14 10:35:00,Large pothole on main road,Road,19.068779,72.872661,W008,Resolved,2026-03-14,10,Saturday,3,High,Ward H,West,19.068,72.872,114.53,31.7,55.58,67,61,29.08,52.49
C0352,2026-01-26 20:50:00,Garbage not collected,Waste,19.068367,72.885163,W006,Open,2026-01-26,20,Monday,1,Medium,Ward F,Central,19.065,72.89,4.73,31.89,56.17,143,78,10.18,48.44
C0353,2026-04-20 06:44:00,Street light not working,Electricity,19.072094,72.875821,W008,Resolved,2026-04-20,6,Monday,4,Medium,Ward H,West,19.068,72.872,70.87,26.3,68.49,77,89,33.16,53.78
C0354,2026-06-17 11:16:00,Pothole near bus stop,Road,19.080824,72.876645,W003,In Progress,2026-06-17,11,Wednesday,6,High,Ward C,West,19.085,72.875,23.56,24.33,78.09,201,84,99.9,63.96
C0355,2026-06-10 09:46:00,Waste dumped on road,Waste,19.086994,72.872341,W003,In Progress,2026-06-10,9,Wednesday,6,Medium,Ward C,West,19.085,72.875,35.18,33.7,73.95,83,74,33.28,67.07
C0356,2026-02-24 15:04:00,Garbage not collected,Waste,19.076327,72.877262,W002,In Progress,2026-02-24,15,Tuesday,2,Medium,Ward B,South,19.08,72.88,90.74,33.78,71.21,234,32,76.08,36.45
C0357,2026-06-28 10:52:00,Garbage not collected,Waste,19.064206,72.875603,W008,In Progress,2026-06-28,10,Sunday,6,Medium,Ward H,West,19.068,72.872,113.37,32.84,62.86,55,95,36.9,28.0
C0358,2026-02-28 12:05:00,Street light not working,Electricity,19.087308,72.871024,W003,Resolved,2026-02-28,12,Saturday,2,Medium,Ward C,West,19.085,72.875,16.5,30.31,57.38,88,64,78.19,45.2
C0359,2026-04-08 04:41:00,Road damaged,Road,19.069929,72.886429,W006,In Progress,2026-04-08,4,Wednesday,4,High,Ward F,Central,19.065,72.89,65.72,27.74,58.72,92,22,67.45,62.14
C0360,2026-06-16 05:28:00,Dustbin is full,Waste,19.058512,72.875131,W010,In Progress,2026-06-16,5,Tuesday,6,Medium,Ward J,South,19.06,72.878,17.08,26.27,59.39,83,32,44.5,68.78
C0361,2026-06-25 14:55:00,Street light flickering,Electricity,19.082172,72.878966,W003,Open,2026-06-25,14,Thursday,6,Medium,Ward C,West,19.085,72.875,77.32,24.42,80.29,250,43,53.88,38.73
C0362,2026-04-20 10:50:00,Power line issue,Electricity,19.076398,72.87777,W002,Open,2026-04-20,10,Monday,4,Medium,Ward B,South,19.08,72.88,114.99,29.99,74.73,54,94,10.09,88.59
C0363,2026-06-18 09:13:00,Pothole near bus stop,Road,19.070177,72.885095,W004,In Progress,2026-06-18,9,Thursday,6,High,Ward D,Central,19.07,72.885,43.98,29.89,70.39,77,50,81.71,97.55
C0364,2026-03-03 15:24:00,Pothole near bus stop,Road,19.078127,72.891996,W007,In Progress,2026-03-03,15,Tuesday,3,High,Ward G,East,19.082,72.892,11.17,29.98,66.36,148,43,10.48,50.25
C0365,2026-03-23 04:24:00,Waste collection delayed,Waste,19.083608,72.880684,W002,Resolved,2026-03-23,4,Monday,3,Medium,Ward B,South,19.08,72.88,113.84,31.92,88.62,216,39,80.0,23.19
C0366,2026-01-19 00:37:00,Pipeline leakage,Water,19.090675,72.879622,W009,Open,2026-01-19,0,Monday,1,High,Ward I,North,19.095,72.882,28.78,29.52,60.48,154,92,56.96,77.55
C0367,2026-03-15 20:45:00,Street light flickering,Electricity,19.07601,72.876854,W001,In Progress,2026-03-15,20,Sunday,3,Medium,Ward A,South,19.076,72.8777,50.83,28.02,77.42,187,32,70.21,71.47
C0368,2026-05-18 19:09:00,Dustbin is full,Waste,19.079775,72.890099,W007,In Progress,2026-05-18,19,Monday,5,Medium,Ward G,East,19.082,72.892,101.74,26.6,75.13,209,32,93.91,81.48
C0369,2026-03-25 12:37:00,Dirty water supply,Water,19.071343,72.888345,W004,In Progress,2026-03-25,12,Wednesday,3,High,Ward D,Central,19.07,72.885,49.11,29.54,87.4,188,94,16.64,85.37
C0370,2026-03-03 01:15:00,Broken footpath,Road,19.075862,72.879345,W002,Resolved,2026-03-03,1,Tuesday,3,High,Ward B,South,19.08,72.88,32.16,27.8,82.44,89,22,45.44,83.57
C0371,2026-06-20 23:42:00,Waste collection delayed,Waste,19.062407,72.874194,W010,In Progress,2026-06-20,23,Saturday,6,Medium,Ward J,South,19.06,72.878,114.31,24.32,70.06,80,76,70.6,23.9
C0372,2026-05-08 11:33:00,Garbage overflowing,Waste,19.085172,72.878225,W003,Resolved,2026-05-08,11,Friday,5,Medium,Ward C,West,19.085,72.875,88.11,31.24,82.75,94,99,49.07,48.48
C0373,2026-03-10 23:56:00,Road damaged,Road,19.081181,72.878999,W003,Resolved,2026-03-10,23,Tuesday,3,High,Ward C,West,19.085,72.875,82.7,32.61,76.36,159,53,29.18,76.42
C0374,2026-01-17 08:45:00,Road surface damaged,Road,19.086751,72.893275,W007,Resolved,2026-01-17,8,Saturday,1,High,Ward G,East,19.082,72.892,28.84,28.76,79.91,164,97,86.71,19.93
C0375,2026-05-08 18:10:00,Pothole near bus stop,Road,19.066677,72.869551,W008,Open,2026-05-08,18,Friday,5,High,Ward H,West,19.068,72.872,104.37,26.27,77.85,204,79,77.11,93.22
C0376,2026-05-11 00:02:00,Garbage overflowing,Waste,19.063587,72.873123,W010,Open,2026-05-11,0,Monday,5,Medium,Ward J,South,19.06,72.878,89.33,24.18,78.95,140,85,80.51,74.16
C0377,2026-02-08 05:59:00,Broken footpath,Road,19.072603,72.867354,W008,In Progress,2026-02-08,5,Sunday,2,High,Ward H,West,19.068,72.872,5.73,28.2,82.79,167,28,45.01,91.32
C0378,2026-03-05 13:58:00,Low water pressure,Water,19.084203,72.889713,W007,Open,2026-03-05,13,Thursday,3,High,Ward G,East,19.082,72.892,53.89,29.98,75.38,186,44,74.3,60.73
C0379,2026-05-09 21:57:00,Pothole near bus stop,Road,19.055527,72.875232,W010,In Progress,2026-05-09,21,Saturday,5,High,Ward J,South,19.06,72.878,10.75,30.72,69.82,139,60,95.8,49.64
C0380,2026-04-30 09:49:00,Street light not working,Electricity,19.079448,72.875973,W001,In Progress,2026-04-30,9,Thursday,4,Medium,Ward A,South,19.076,72.8777,15.17,29.27,60.97,58,99,84.69,16.08
C0381,2026-02-21 09:36:00,Waste collection delayed,Waste,19.070845,72.874396,W008,Open,2026-02-21,9,Saturday,2,Medium,Ward H,West,19.068,72.872,31.39,27.6,63.27,220,57,17.71,21.22
C0382,2026-05-07 06:46:00,Road surface damaged,Road,19.072004,72.874605,W008,Open,2026-05-07,6,Thursday,5,High,Ward H,West,19.068,72.872,2.6,32.22,79.14,120,68,26.6,48.8
C0383,2026-01-07 07:34:00,Waste dumped on road,Waste,19.083464,72.878396,W003,Open,2026-01-07,7,Wednesday,1,Medium,Ward C,West,19.085,72.875,89.76,24.57,75.45,178,98,42.47,70.64
C0384,2026-03-20 03:13:00,Waste dumped on road,Waste,19.065298,72.887382,W006,Resolved,2026-03-20,3,Friday,3,Medium,Ward F,Central,19.065,72.89,51.98,31.24,72.36,147,22,19.9,11.22
C0385,2026-01-24 01:58:00,Low water pressure,Water,19.073315,72.881155,W001,Resolved,2026-01-24,1,Saturday,1,High,Ward A,South,19.076,72.8777,1.84,25.44,85.48,89,96,39.56,92.26
C0386,2026-05-29 03:32:00,Street light not working,Electricity,19.061335,72.8932,W006,Open,2026-05-29,3,Friday,5,Medium,Ward F,Central,19.065,72.89,1.42,33.27,70.71,223,47,18.22,82.3
C0387,2026-06-19 04:15:00,Waste dumped on road,Waste,19.057917,72.881509,W010,Resolved,2026-06-19,4,Friday,6,Medium,Ward J,South,19.06,72.878,94.74,30.44,69.01,171,38,92.17,81.6
C0388,2026-03-11 07:04:00,Broken footpath,Road,19.069436,72.886361,W006,In Progress,2026-03-11,7,Wednesday,3,High,Ward F,Central,19.065,72.89,101.66,24.93,89.03,212,54,19.78,49.47
C0389,2026-02-12 14:29:00,Water leakage on road,Water,19.07814,72.876207,W002,Resolved,2026-02-12,14,Thursday,2,High,Ward B,South,19.08,72.88,14.13,31.75,79.64,104,88,29.45,72.71
C0390,2026-04-29 08:54:00,Power line issue,Electricity,19.066199,72.881576,W004,In Progress,2026-04-29,8,Wednesday,4,Medium,Ward D,Central,19.07,72.885,115.86,28.14,61.44,55,63,51.35,87.28
C0391,2026-03-25 04:05:00,Garbage overflowing,Waste,19.092112,72.874684,W005,Resolved,2026-03-25,4,Wednesday,3,Medium,Ward E,West,19.09,72.87,31.83,26.82,63.31,62,40,12.72,42.87
C0392,2026-03-08 05:01:00,Waste collection delayed,Waste,19.099521,72.885546,W009,In Progress,2026-03-08,5,Sunday,3,Medium,Ward I,North,19.095,72.882,58.76,25.4,66.01,165,74,70.93,93.92
C0393,2026-04-29 03:51:00,Water leakage on road,Water,19.097938,72.878215,W009,Open,2026-04-29,3,Wednesday,4,High,Ward I,North,19.095,72.882,12.47,30.18,57.95,149,87,33.33,72.8
C0394,2026-04-13 11:43:00,Water supply interruption,Water,19.071303,72.886447,W004,In Progress,2026-04-13,11,Monday,4,High,Ward D,Central,19.07,72.885,73.64,30.21,88.56,224,95,44.46,61.88
C0395,2026-01-06 02:12:00,Pothole near bus stop,Road,19.064025,72.877434,W010,Open,2026-01-06,2,Tuesday,1,High,Ward J,South,19.06,72.878,34.23,30.97,80.57,250,34,11.2,69.02
C0396,2026-01-11 14:03:00,Pothole near bus stop,Road,19.07668,72.880739,W002,In Progress,2026-01-11,14,Sunday,1,High,Ward B,South,19.08,72.88,22.81,24.44,70.26,183,63,80.64,79.24
C0397,2026-04-08 21:27:00,Street light not working,Electricity,19.078728,72.889147,W007,Open,2026-04-08,21,Wednesday,4,Medium,Ward G,East,19.082,72.892,59.09,32.22,80.99,154,33,19.98,93.45
C0398,2026-02-08 01:39:00,Broken footpath,Road,19.091192,72.867458,W005,Resolved,2026-02-08,1,Sunday,2,High,Ward E,West,19.09,72.87,73.84,33.06,55.67,105,21,25.46,87.37
C0399,2026-05-03 01:05:00,Street light flickering,Electricity,19.065798,72.868372,W008,Open,2026-05-03,1,Sunday,5,Medium,Ward H,West,19.068,72.872,44.57,24.89,60.52,73,92,91.39,73.28
C0400,2026-01-05 12:50:00,Dirty water supply,Water,19.097134,72.881797,W009,Resolved,2026-01-05,12,Monday,1,High,Ward I,North,19.095,72.882,56.76,28.07,58.3,218,72,18.5,69.48
C0401,2026-03-11 05:01:00,Broken footpath,Road,19.063189,72.88719,W006,Resolved,2026-03-11,5,Wednesday,3,High,Ward F,Central,19.065,72.89,101.66,24.93,89.03,212,54,19.78,49.47
C0402,2026-04-02 18:14:00,Street light flickering,Electricity,19.08074,72.873701,W001,In Progress,2026-04-02,18,Thursday,4,Medium,Ward A,South,19.076,72.8777,21.64,24.81,66.64,95,74,34.29,67.21
C0403,2026-01-15 07:36:00,Road surface damaged,Road,19.073465,72.887974,W004,Resolved,2026-01-15,7,Thursday,1,High,Ward D,Central,19.07,72.885,6.25,33.52,62.85,67,53,66.43,41.9
C0404,2026-06-01 10:51:00,Water supply interruption,Water,19.087381,72.873588,W003,In Progress,2026-06-01,10,Monday,6,High,Ward C,West,19.085,72.875,68.96,29.15,87.9,175,82,25.64,77.49
C0405,2026-05-25 04:36:00,Road surface damaged,Road,19.080484,72.881067,W001,Resolved,2026-05-25,4,Monday,5,High,Ward A,South,19.076,72.8777,69.35,25.96,78.85,131,100,97.82,18.59
C0406,2026-05-06 01:05:00,Road damaged,Road,19.090562,72.883017,W009,Open,2026-05-06,1,Wednesday,5,High,Ward I,North,19.095,72.882,105.94,25.67,61.31,152,86,30.75,76.77
C0407,2026-03-26 19:12:00,Street light not working,Electricity,19.098064,72.880408,W009,Open,2026-03-26,19,Thursday,3,Medium,Ward I,North,19.095,72.882,108.33,31.14,72.57,182,27,29.7,26.53
C0408,2026-02-07 18:45:00,Garbage not collected,Waste,19.069172,72.892744,W006,In Progress,2026-02-07,18,Saturday,2,Medium,Ward F,Central,19.065,72.89,57.67,27.71,87.7,232,68,28.38,45.16
C0409,2026-06-30 21:25:00,Waste collection delayed,Waste,19.06586,72.888366,W006,Resolved,2026-06-30,21,Tuesday,6,Medium,Ward F,Central,19.065,72.89,97.18,24.05,72.66,147,34,57.86,81.87
C0410,2026-06-13 15:41:00,Pipeline leakage,Water,19.083173,72.877072,W003,In Progress,2026-06-13,15,Saturday,6,High,Ward C,West,19.085,72.875,44.74,26.85,67.3,164,51,72.48,14.39
C0411,2026-06-20 18:52:00,Road damaged,Road,19.056754,72.876068,W010,In Progress,2026-06-20,18,Saturday,6,High,Ward J,South,19.06,72.878,114.31,24.32,70.06,80,76,70.6,23.9
C0412,2026-01-01 22:36:00,Water supply interruption,Water,19.088916,72.874943,W005,In Progress,2026-01-01,22,Thursday,1,High,Ward E,West,19.09,72.87,77.99,29.45,62.72,200,41,38.4,99.51
C0413,2026-03-23 19:14:00,Dirty water supply,Water,19.077396,72.873741,W001,Resolved,2026-03-23,19,Monday,3,High,Ward A,South,19.076,72.8777,40.39,27.23,89.16,237,29,81.0,87.55
C0414,2026-03-02 11:20:00,Pothole near bus stop,Road,19.081679,72.878853,W003,Open,2026-03-02,11,Monday,3,High,Ward C,West,19.085,72.875,100.16,27.89,86.38,134,67,11.04,20.5
C0415,2026-03-09 06:15:00,Street light not working,Electricity,19.066932,72.888505,W006,Open,2026-03-09,6,Monday,3,Medium,Ward F,Central,19.065,72.89,92.71,28.95,72.88,196,77,96.82,70.71
C0416,2026-04-23 23:26:00,Waste dumped on road,Waste,19.080691,72.881546,W001,Resolved,2026-04-23,23,Thursday,4,Medium,Ward A,South,19.076,72.8777,82.15,24.52,68.62,212,95,21.11,53.95
C0417,2026-04-07 03:53:00,Road surface damaged,Road,19.081795,72.895641,W007,In Progress,2026-04-07,3,Tuesday,4,High,Ward G,East,19.082,72.892,102.79,28.47,59.15,177,75,11.04,79.3
C0418,2026-01-19 01:18:00,Pipeline leakage,Water,19.065201,72.882611,W004,Open,2026-01-19,1,Monday,1,High,Ward D,Central,19.07,72.885,91.73,30.06,82.68,107,55,68.13,87.94
C0419,2026-04-07 05:46:00,Road damaged,Road,19.07575,72.884418,W002,Open,2026-04-07,5,Tuesday,4,High,Ward B,South,19.08,72.88,6.55,30.43,60.49,170,40,49.37,18.96
C0420,2026-04-21 20:10:00,Street light not working,Electricity,19.066073,72.889342,W006,Open,2026-04-21,20,Tuesday,4,Medium,Ward F,Central,19.065,72.89,94.75,27.81,75.62,239,66,28.57,18.03
C0421,2026-02-18 13:44:00,Road damaged,Road,19.080541,72.884256,W002,In Progress,2026-02-18,13,Wednesday,2,High,Ward B,South,19.08,72.88,49.25,31.75,87.22,238,78,35.49,60.59
C0422,2026-03-02 03:03:00,Large pothole on main road,Road,19.088929,72.870497,W005,Resolved,2026-03-02,3,Monday,3,High,Ward E,West,19.09,72.87,86.9,29.01,89.1,63,85,30.24,62.82
C0423,2026-01-01 13:05:00,Waste collection delayed,Waste,19.082945,72.87662,W003,In Progress,2026-01-01,13,Thursday,1,Medium,Ward C,West,19.085,72.875,10.43,28.22,56.04,105,56,91.25,33.69
C0424,2026-01-07 06:10:00,Water leakage on road,Water,19.069382,72.876771,W008,Resolved,2026-01-07,6,Wednesday,1,High,Ward H,West,19.068,72.872,78.88,29.65,66.07,116,50,49.22,66.35
C0425,2026-05-01 15:57:00,Broken footpath,Road,19.08161,72.875911,W002,In Progress,2026-05-01,15,Friday,5,High,Ward B,South,19.08,72.88,71.64,31.97,74.19,98,91,27.98,32.72
C0426,2026-04-08 11:11:00,Low water pressure,Water,19.081458,72.889633,W007,Resolved,2026-04-08,11,Wednesday,4,High,Ward G,East,19.082,72.892,59.09,32.22,80.99,154,33,19.98,93.45
C0427,2026-05-25 01:09:00,Low water pressure,Water,19.092522,72.871675,W005,Open,2026-05-25,1,Monday,5,High,Ward E,West,19.09,72.87,102.3,24.62,86.54,63,92,78.45,15.3
C0428,2026-02-28 17:03:00,Street light flickering,Electricity,19.068408,72.893184,W006,Resolved,2026-02-28,17,Saturday,2,Medium,Ward F,Central,19.065,72.89,58.54,24.07,74.31,53,32,21.78,77.7
C0429,2026-03-02 15:19:00,Street light flickering,Electricity,19.09079,72.886028,W009,In Progress,2026-03-02,15,Monday,3,Medium,Ward I,North,19.095,72.882,58.87,27.56,87.94,160,58,61.43,18.95
C0430,2026-04-25 05:10:00,Water leakage on road,Water,19.080722,72.880785,W001,Open,2026-04-25,5,Saturday,4,High,Ward A,South,19.076,72.8777,81.79,32.97,85.17,173,73,96.53,51.52
C0431,2026-06-24 13:12:00,Street light not working,Electricity,19.080973,72.878972,W001,In Progress,2026-06-24,13,Wednesday,6,Medium,Ward A,South,19.076,72.8777,25.55,33.62,80.98,169,81,20.48,17.5
C0432,2026-01-23 12:35:00,Pothole near bus stop,Road,19.088974,72.868261,W005,Resolved,2026-01-23,12,Friday,1,High,Ward E,West,19.09,72.87,104.35,33.81,63.36,148,35,84.74,75.26
C0433,2026-06-29 19:37:00,Street light not working,Electricity,19.095226,72.881196,W009,Resolved,2026-06-29,19,Monday,6,Medium,Ward I,North,19.095,72.882,34.82,26.62,76.62,113,74,45.67,53.77
C0434,2026-05-31 18:48:00,Dirty water supply,Water,19.089648,72.871002,W003,Open,2026-05-31,18,Sunday,5,High,Ward C,West,19.085,72.875,108.41,31.7,66.32,91,44,44.42,26.11
C0435,2026-05-18 11:56:00,Waste collection delayed,Waste,19.059109,72.87683,W010,Resolved,2026-05-18,11,Monday,5,Medium,Ward J,South,19.06,72.878,27.93,26.9,61.77,80,21,32.13,62.77
C0436,2026-02-14 08:25:00,Street light not working,Electricity,19.056439,72.879087,W010,In Progress,2026-02-14,8,Saturday,2,Medium,Ward J,South,19.06,72.878,52.75,28.84,62.14,205,49,55.31,73.42
C0437,2026-03-26 22:15:00,Waste dumped on road,Waste,19.077493,72.891752,W007,Resolved,2026-03-26,22,Thursday,3,Medium,Ward G,East,19.082,72.892,50.24,29.36,85.34,171,31,56.94,98.01
C0438,2026-03-19 09:17:00,Waste collection delayed,Waste,19.068428,72.893582,W006,In Progress,2026-03-19,9,Thursday,3,Medium,Ward F,Central,19.065,72.89,17.8,31.11,88.89,151,70,24.01,30.86
C0439,2026-03-18 23:28:00,Water supply interruption,Water,19.08274,72.878209,W002,In Progress,2026-03-18,23,Wednesday,3,High,Ward B,South,19.08,72.88,36.9,26.05,89.41,157,26,67.82,32.41
C0440,2026-04-24 06:58:00,Garbage overflowing,Waste,19.08524,72.894409,W007,In Progress,2026-04-24,6,Friday,4,Medium,Ward G,East,19.082,72.892,60.38,27.4,59.1,181,43,43.84,88.83
C0441,2026-02-10 02:19:00,Dustbin is full,Waste,19.067096,72.889034,W006,In Progress,2026-02-10,2,Tuesday,2,Medium,Ward F,Central,19.065,72.89,52.43,28.0,70.39,148,47,91.79,47.02
C0442,2026-02-19 06:53:00,Garbage overflowing,Waste,19.055576,72.873331,W010,Open,2026-02-19,6,Thursday,2,Medium,Ward J,South,19.06,72.878,117.35,25.58,77.85,171,69,45.79,62.75
C0443,2026-04-05 14:32:00,Low water pressure,Water,19.063969,72.894231,W006,In Progress,2026-04-05,14,Sunday,4,High,Ward F,Central,19.065,72.89,79.6,25.71,67.51,162,57,86.65,29.07
C0444,2026-05-06 19:28:00,Low water pressure,Water,19.072776,72.881405,W001,In Progress,2026-05-06,19,Wednesday,5,High,Ward A,South,19.076,72.8777,7.28,29.58,87.84,156,89,28.53,73.47
C0445,2026-02-11 08:47:00,Large pothole on main road,Road,19.098309,72.877904,W009,Open,2026-02-11,8,Wednesday,2,High,Ward I,North,19.095,72.882,44.64,31.63,75.09,185,70,25.16,70.43
C0446,2026-05-27 06:54:00,Garbage overflowing,Waste,19.079214,72.889251,W007,Open,2026-05-27,6,Wednesday,5,Medium,Ward G,East,19.082,72.892,56.26,29.13,71.42,237,37,24.78,74.36
C0447,2026-01-06 21:00:00,Street light flickering,Electricity,19.089741,72.866323,W005,Open,2026-01-06,21,Tuesday,1,Medium,Ward E,West,19.09,72.87,96.96,32.56,58.43,216,95,75.17,78.16
C0448,2026-03-06 19:51:00,Garbage overflowing,Waste,19.06443,72.880127,W010,In Progress,2026-03-06,19,Friday,3,Medium,Ward J,South,19.06,72.878,57.14,28.38,79.39,131,56,59.64,64.67
C0449,2026-03-31 14:16:00,Electric pole damaged,Electricity,19.087182,72.868021,W005,In Progress,2026-03-31,14,Tuesday,3,Medium,Ward E,West,19.09,72.87,38.35,25.4,55.89,177,51,72.98,60.47
C0450,2026-01-27 00:32:00,Street light flickering,Electricity,19.064994,72.882665,W010,Resolved,2026-01-27,0,Tuesday,1,Medium,Ward J,South,19.06,72.878,14.0,24.45,56.3,176,80,31.45,40.67
C0451,2026-06-25 03:30:00,Large pothole on main road,Road,19.090638,72.886884,W009,In Progress,2026-06-25,3,Thursday,6,High,Ward I,North,19.095,72.882,111.79,26.52,85.96,110,84,37.48,78.98
C0452,2026-06-17 22:57:00,Large pothole on main road,Road,19.066515,72.886884,W006,In Progress,2026-06-17,22,Wednesday,6,High,Ward F,Central,19.065,72.89,110.41,26.05,86.54,97,31,95.67,12.04
C0453,2026-04-14 21:20:00,Dustbin is full,Waste,19.071808,72.887213,W004,In Progress,2026-04-14,21,Tuesday,4,Medium,Ward D,Central,19.07,72.885,82.33,24.24,80.09,59,78,54.4,67.7
C0454,2026-04-18 12:24:00,Large pothole on main road,Road,19.070367,72.87283,W008,In Progress,2026-04-18,12,Saturday,4,High,Ward H,West,19.068,72.872,117.67,27.24,79.63,183,93,33.96,15.93
C0455,2026-06-25 17:40:00,Road damaged,Road,19.072849,72.889065,W004,In Progress,2026-06-25,17,Thursday,6,High,Ward D,Central,19.07,72.885,2.39,32.6,57.94,204,85,52.35,24.68
C0456,2026-06-18 17:11:00,Road damaged,Road,19.062938,72.889708,W006,In Progress,2026-06-18,17,Thursday,6,High,Ward F,Central,19.065,72.89,61.71,28.08,81.65,130,62,88.49,91.8
C0457,2026-06-17 02:14:00,Low water pressure,Water,19.088553,72.872442,W005,Resolved,2026-06-17,2,Wednesday,6,High,Ward E,West,19.09,72.87,36.2,24.1,58.38,81,51,24.98,66.29
C0458,2026-03-08 18:18:00,Large pothole on main road,Road,19.081638,72.888178,W007,Open,2026-03-08,18,Sunday,3,High,Ward G,East,19.082,72.892,46.05,25.86,77.24,227,27,17.61,35.73
C0459,2026-02-19 16:07:00,Waste dumped on road,Waste,19.063675,72.876817,W010,Resolved,2026-02-19,16,Thursday,2,Medium,Ward J,South,19.06,72.878,117.35,25.58,77.85,171,69,45.79,62.75
C0460,2026-02-05 06:21:00,Garbage overflowing,Waste,19.081092,72.892694,W007,Resolved,2026-02-05,6,Thursday,2,Medium,Ward G,East,19.082,72.892,110.01,27.1,77.96,219,89,92.11,10.77
C0461,2026-01-21 15:21:00,Road damaged,Road,19.08631,72.871768,W003,In Progress,2026-01-21,15,Wednesday,1,High,Ward C,West,19.085,72.875,109.93,25.81,75.49,212,69,18.89,22.82
C0462,2026-03-12 06:48:00,Waste dumped on road,Waste,19.078735,72.878463,W001,Open,2026-03-12,6,Thursday,3,Medium,Ward A,South,19.076,72.8777,91.47,24.46,76.92,167,24,24.43,27.91
C0463,2026-06-07 13:40:00,Garbage overflowing,Waste,19.067294,72.87129,W008,Resolved,2026-06-07,13,Sunday,6,Medium,Ward H,West,19.068,72.872,90.37,30.93,69.23,105,91,86.11,43.68
C0464,2026-05-17 06:46:00,Garbage not collected,Waste,19.080731,72.887141,W007,Resolved,2026-05-17,6,Sunday,5,Medium,Ward G,East,19.082,72.892,119.25,25.61,64.95,219,74,75.89,56.88
C0465,2026-06-23 00:40:00,Water leakage on road,Water,19.097336,72.879263,W009,Resolved,2026-06-23,0,Tuesday,6,High,Ward I,North,19.095,72.882,61.84,30.72,74.16,54,32,58.32,80.33
C0466,2026-04-09 16:37:00,Water leakage on road,Water,19.088061,72.865653,W005,Open,2026-04-09,16,Thursday,4,High,Ward E,West,19.09,72.87,83.02,25.74,83.53,76,40,26.18,10.91
C0467,2026-05-14 19:33:00,Broken footpath,Road,19.088378,72.87388,W005,Open,2026-05-14,19,Thursday,5,High,Ward E,West,19.09,72.87,21.25,33.55,70.37,207,80,76.86,21.38
C0468,2026-02-18 05:58:00,Power line issue,Electricity,19.069182,72.889034,W006,Open,2026-02-18,5,Wednesday,2,Medium,Ward F,Central,19.065,72.89,42.51,31.72,80.23,214,67,54.23,93.31
C0469,2026-01-06 18:32:00,Water supply interruption,Water,19.06669,72.883666,W004,In Progress,2026-01-06,18,Tuesday,1,High,Ward D,Central,19.07,72.885,33.43,26.5,87.31,163,73,88.91,36.79
C0470,2026-05-17 19:03:00,Power line issue,Electricity,19.076939,72.87318,W001,Open,2026-05-17,19,Sunday,5,Medium,Ward A,South,19.076,72.8777,26.02,30.59,70.88,163,49,69.98,22.69
C0471,2026-04-17 14:24:00,Garbage not collected,Waste,19.072236,72.875227,W001,In Progress,2026-04-17,14,Friday,4,Medium,Ward A,South,19.076,72.8777,81.55,27.32,71.8,164,66,44.7,50.72
C0472,2026-03-19 13:42:00,Water leakage on road,Water,19.08101,72.875203,W003,In Progress,2026-03-19,13,Thursday,3,High,Ward C,West,19.085,72.875,24.92,27.08,64.28,80,100,67.09,59.58
C0473,2026-01-27 16:46:00,Pipeline leakage,Water,19.061177,72.875827,W010,Open,2026-01-27,16,Tuesday,1,High,Ward J,South,19.06,72.878,14.0,24.45,56.3,176,80,31.45,40.67
C0474,2026-02-21 08:53:00,Dirty water supply,Water,19.068231,72.869017,W008,In Progress,2026-02-21,8,Saturday,2,High,Ward H,West,19.068,72.872,31.39,27.6,63.27,220,57,17.71,21.22
C0475,2026-01-11 17:31:00,Road damaged,Road,19.086104,72.893882,W007,Resolved,2026-01-11,17,Sunday,1,High,Ward G,East,19.082,72.892,39.14,30.97,74.4,99,33,80.35,64.87
C0476,2026-01-04 21:05:00,Water leakage on road,Water,19.069069,72.893352,W006,In Progress,2026-01-04,21,Sunday,1,High,Ward F,Central,19.065,72.89,2.34,33.29,85.76,128,67,56.14,54.07
C0477,2026-05-11 02:46:00,Water leakage on road,Water,19.070236,72.876048,W008,In Progress,2026-05-11,2,Monday,5,High,Ward H,West,19.068,72.872,116.01,29.61,79.94,60,23,19.56,29.03
C0478,2026-03-09 14:03:00,Power line issue,Electricity,19.065998,72.881747,W004,Open,2026-03-09,14,Monday,3,Medium,Ward D,Central,19.07,72.885,95.51,26.21,56.14,107,64,31.98,76.51
C0479,2026-04-20 23:07:00,Large pothole on main road,Road,19.08595,72.872582,W005,Open,2026-04-20,23,Monday,4,High,Ward E,West,19.09,72.87,20.47,32.3,76.03,199,49,57.27,25.06
C0480,2026-03-26 11:57:00,Water supply interruption,Water,19.075377,72.878918,W001,In Progress,2026-03-26,11,Thursday,3,High,Ward A,South,19.076,72.8777,31.8,30.42,68.56,144,56,20.01,15.4
C0481,2026-02-16 03:25:00,Large pothole on main road,Road,19.079003,72.879565,W002,Resolved,2026-02-16,3,Monday,2,High,Ward B,South,19.08,72.88,51.71,32.82,80.46,245,51,82.13,72.67
C0482,2026-01-29 04:44:00,Street light damaged,Electricity,19.070264,72.876816,W008,Open,2026-01-29,4,Thursday,1,Medium,Ward H,West,19.068,72.872,53.79,27.62,75.78,165,93,21.34,55.8
C0483,2026-05-04 18:43:00,Street light flickering,Electricity,19.079382,72.881113,W002,Resolved,2026-05-04,18,Monday,5,Medium,Ward B,South,19.08,72.88,117.8,31.89,81.48,162,36,34.35,13.76
C0484,2026-05-04 15:07:00,Garbage overflowing,Waste,19.063876,72.877407,W010,Open,2026-05-04,15,Monday,5,Medium,Ward J,South,19.06,72.878,45.49,25.86,55.66,143,35,90.74,98.43
C0485,2026-06-30 21:33:00,Pothole near bus stop,Road,19.092675,72.870766,W005,In Progress,2026-06-30,21,Tuesday,6,High,Ward E,West,19.09,72.87,112.72,33.67,75.94,241,29,60.88,97.68
C0486,2026-05-14 22:44:00,Road surface damaged,Road,19.071182,72.884328,W004,In Progress,2026-05-14,22,Thursday,5,High,Ward D,Central,19.07,72.885,89.08,33.88,81.52,66,35,47.68,78.9
C0487,2026-06-19 21:41:00,Power line issue,Electricity,19.068849,72.88839,W004,In Progress,2026-06-19,21,Friday,6,Medium,Ward D,Central,19.07,72.885,12.62,28.38,78.05,71,27,36.37,45.86
C0488,2026-06-14 05:32:00,Garbage not collected,Waste,19.063488,72.881519,W010,Open,2026-06-14,5,Sunday,6,Medium,Ward J,South,19.06,72.878,104.2,30.28,71.66,227,91,98.65,17.48
C0489,2026-03-03 10:17:00,Power line issue,Electricity,19.075504,72.877227,W002,In Progress,2026-03-03,10,Tuesday,3,Medium,Ward B,South,19.08,72.88,32.16,27.8,82.44,89,22,45.44,83.57
C0490,2026-01-21 14:28:00,Street light damaged,Electricity,19.085013,72.891481,W007,Resolved,2026-01-21,14,Wednesday,1,Medium,Ward G,East,19.082,72.892,97.63,29.5,70.92,130,84,44.65,20.36
C0491,2026-05-08 23:41:00,Pothole near bus stop,Road,19.063178,72.871034,W008,Open,2026-05-08,23,Friday,5,High,Ward H,West,19.068,72.872,104.37,26.27,77.85,204,79,77.11,93.22
C0492,2026-06-04 19:40:00,Garbage not collected,Waste,19.093046,72.882083,W009,Open,2026-06-04,19,Thursday,6,Medium,Ward I,North,19.095,72.882,50.25,29.58,61.72,185,84,59.65,76.88
C0493,2026-01-14 07:54:00,Large pothole on main road,Road,19.067545,72.872602,W008,In Progress,2026-01-14,7,Wednesday,1,High,Ward H,West,19.068,72.872,100.86,33.2,89.33,186,47,18.35,59.66
C0494,2026-04-26 03:06:00,Power line issue,Electricity,19.062593,72.875217,W010,Resolved,2026-04-26,3,Sunday,4,Medium,Ward J,South,19.06,72.878,12.09,27.62,85.16,97,97,89.19,56.78
C0495,2026-05-14 11:44:00,Road surface damaged,Road,19.061063,72.893969,W006,Resolved,2026-05-14,11,Thursday,5,High,Ward F,Central,19.065,72.89,58.79,27.25,71.01,113,24,85.05,12.15
C0496,2026-03-07 19:12:00,Street light not working,Electricity,19.081875,72.879302,W003,Resolved,2026-03-07,19,Saturday,3,Medium,Ward C,West,19.085,72.875,111.59,31.4,73.06,191,88,59.65,89.38
C0497,2026-03-28 03:48:00,Street light damaged,Electricity,19.069145,72.889266,W004,In Progress,2026-03-28,3,Saturday,3,Medium,Ward D,Central,19.07,72.885,106.75,27.31,63.32,240,60,77.67,75.31
C0498,2026-04-28 21:37:00,Waste dumped on road,Waste,19.064562,72.874346,W010,Resolved,2026-04-28,21,Tuesday,4,Medium,Ward J,South,19.06,72.878,68.6,32.49,57.5,91,65,55.06,87.49
C0499,2026-04-21 18:30:00,Dustbin is full,Waste,19.080244,72.880511,W001,Open,2026-04-21,18,Tuesday,4,Medium,Ward A,South,19.076,72.8777,108.19,30.0,85.72,186,96,53.59,34.29
C0500,2026-01-27 12:42:00,Water supply interruption,Water,19.061005,72.881827,W010,In Progress,2026-01-27,12,Tuesday,1,High,Ward J,South,19.06,72.878,14.0,24.45,56.3,176,80,31.45,40.67
