pseudocode,balavatika_located_yn,special_training,material_training,free_text_books_pr,free_uniform_pr,free_text_books_up,free_uniform_up,acad_inspections,crc_coordinator,block_level_officers,district_officers,smc_exists,smc_smdc_same,smc_smdc_meetings,grants_receipt,grants_expenditure
2095757,1,9,2,1,1,1,1,1,4,4,2,1,9,10,0,0
2183221,2,9,1,1,1,1,1,5,3,1,0,1,9,0,5000,5000
7894944,2,9,1,1,1,2,2,1,5,3,0,1,9,7,0,0
4516882,2,9,1,1,1,1,1,6,6,5,0,1,9,10,50000,50000
8373940,9,9,2,2,2,2,2,0,0,0,0,9,9,0,0,0
4648241,9,9,2,2,2,2,2,0,0,0,0,9,9,0,0,0
5734774,9,9,2,2,2,2,2,0,0,0,0,9,9,0,0,0
3230939,9,9,2,2,2,2,2,0,0,0,0,9,9,0,0,0
9022137,9,9,2,2,2,2,2,0,0,0,0,9,9,0,0,0
7025092,2,9,1,1,1,1,1,1,2,3,0,1,9,8,48999,48999
1572076,2,9,2,2,2,2,2,0,1,0,2,1,9,3,0,0
4207772,2,9,1,1,1,1,1,1,2,3,1,1,9,10,12500,12500
6621052,1,9,1,1,1,1,1,6,3,2,0,1,9,11,55000,55000
6054972,2,9,1,1,2,2,2,2,0,2,0,1,9,8,0,0
2092191,2,9,2,1,1,1,1,0,0,0,0,1,9,0,25000,25000
4806336,9,9,2,2,2,2,2,0,0,0,0,9,9,0,0,0
9889089,2,9,1,1,2,2,2,2,2,1,1,1,9,4,0,0
2697815,1,9,1,1,1,2,2,0,0,0,0,1,9,0,7000,7000
4119811,9,9,2,2,2,2,2,0,0,0,0,9,9,0,0,0
5083554,2,9,1,1,1,1,1,1,0,10,3,1,9,11,37500,37500
4490492,2,9,2,1,1,1,1,0,0,0,0,1,9,0,12500,12500
3809025,1,9,1,1,1,1,1,2,6,1,0,1,9,10,37500,37500
8436305,9,9,2,2,2,2,2,0,0,0,0,9,9,0,0,0
7429764,2,9,2,1,2,2,2,6,3,3,0,1,9,12,0,0
7026194,1,9,1,1,1,1,1,0,0,0,0,1,9,0,0,0
7644865,2,9,2,1,2,2,2,2,1,2,0,1,9,11,0,0
2890749,9,9,2,2,2,2,2,0,0,0,0,9,9,0,0,0
1094519,0,9,1,2,2,2,2,1,7,3,0,9,1,10,0,0
1390129,9,9,2,2,2,2,2,0,0,0,0,9,9,0,0,0
8079253,2,9,1,1,2,2,2,2,0,0,0,1,9,0,0,0
8943721,2,9,1,1,2,2,2,2,2,0,0,1,9,8,0,0
7781487,9,9,2,2,2,2,2,0,0,0,0,9,9,0,0,0
3014679,9,9,2,2,2,2,2,0,0,0,0,9,9,0,0,0
3872023,1,9,1,1,1,1,1,2,2,2,0,1,9,11,24291,24291
2801776,2,9,2,1,2,2,2,0,0,2,0,1,9,5,0,0
8763715,9,9,2,2,2,2,2,0,0,0,0,9,9,0,0,0
2948762,0,9,1,2,2,2,2,0,0,0,0,9,1,0,0,0
3955655,2,9,1,1,1,1,1,1,3,0,0,1,9,0,12268,12268
5382913,1,9,1,1,1,1,1,4,4,4,1,1,9,12,0,0
6520831,2,9,1,1,2,2,2,1,1,1,0,1,9,2,0,0
2907368,2,9,2,1,2,2,2,2,1,0,0,1,9,6,0,0
1706688,2,9,1,1,2,2,2,1,1,0,0,1,9,12,0,0
5109253,2,9,2,1,2,2,2,2,0,1,0,1,9,0,0,0
2274067,2,9,2,1,2,2,2,0,0,0,0,1,9,10,0,0
3541799,9,9,2,2,2,2,2,0,0,0,0,9,9,0,0,0
7436295,2,9,1,1,1,2,2,0,0,0,0,1,9,0,5000,5000
1112910,9,9,2,2,2,2,2,0,0,0,0,9,9,0,0,0
8128192,2,9,2,1,1,1,1,0,0,0,0,1,1,0,0,0
4776274,9,9,2,2,2,2,2,0,0,0,0,9,9,0,0,0
9676357,2,9,2,1,2,2,2,0,0,0,0,1,9,11,0,0
8229230,2,9,2,1,2,2,2,3,3,3,0,1,9,8,0,0
8275312,2,9,1,1,1,1,1,1,5,8,3,1,9,12,37500,37500
1590235,0,9,1,2,2,2,2,0,0,0,0,9,1,5,12500,12500
1868153,1,9,1,1,1,1,1,3,3,3,2,1,9,6,25000,25000
3696878,9,9,2,2,2,2,2,0,0,0,0,9,9,0,0,0
4121873,9,9,2,2,2,2,2,0,0,0,0,9,9,0,0,0
3551338,2,9,2,1,1,1,1,5,5,0,0,1,1,10,37500,37500
3021783,9,9,2,2,2,2,2,0,0,0,0,9,9,0,0,0
3143077,9,9,2,2,2,2,2,0,0,0,0,9,9,0,0,0
7868752,9,9,2,2,2,2,2,0,0,0,0,9,9,0,0,0
2492070,9,9,2,2,2,2,2,0,0,0,0,9,9,0,0,0
5590828,9,9,2,2,2,2,2,0,0,0,0,9,9,0,0,0
9314723,1,9,1,1,1,1,1,8,7,7,2,1,9,8,50000,50000
9925143,2,9,1,1,1,1,1,2,5,2,0,1,9,8,12500,12500
4076731,1,9,2,1,1,1,1,1,6,26,1,1,9,10,25000,25000
3699371,1,9,1,1,1,1,1,1,2,10,1,1,9,12,0,0
9487237,2,9,2,1,1,1,1,2,1,1,1,1,9,6,75000,75000
1856986,2,9,2,1,2,2,2,3,0,0,0,1,9,5,0,0
8850242,2,9,2,1,1,1,1,1,1,9,0,1,9,10,100000,100000
5460239,9,9,2,2,2,2,2,0,0,0,0,9,9,0,0,0
5444488,2,9,1,1,2,2,2,1,2,2,0,1,9,6,0,0
7392891,2,9,1,1,1,1,1,0,7,0,0,1,9,10,28605,28605
7684981,2,9,1,1,1,1,1,0,0,0,0,1,9,3,0,0
6543163,0,9,1,2,2,2,2,1,0,0,0,9,1,10,0,0
7336240,9,9,2,2,2,2,2,0,0,0,0,9,9,0,0,0
6279350,2,9,2,1,2,2,2,2,0,0,0,1,9,11,0,0
1456849,9,9,2,2,2,2,2,0,0,0,0,9,9,0,0,0
7416827,2,9,2,1,2,2,2,0,0,0,0,1,9,0,0,0
5837857,2,9,1,1,2,2,2,4,1,3,0,1,9,0,0,0
3437119,1,9,2,1,1,1,1,0,0,0,0,1,9,0,0,0
4097786,2,9,1,1,1,1,1,4,2,1,0,1,9,10,30000,30000
6205251,2,9,1,1,2,2,2,2,2,2,0,1,9,8,0,0
5796449,0,9,2,2,2,2,2,0,0,0,0,9,1,8,34271,34271
8040255,2,9,2,1,2,2,2,1,0,2,0,1,9,0,0,0
7624921,2,9,2,1,2,2,2,4,0,0,0,1,9,9,0,0
4007973,2,9,1,1,1,1,1,1,2,10,0,1,9,10,10000,10000
1098567,2,9,1,1,1,1,1,0,0,0,0,1,9,0,0,0
9353837,2,9,2,2,2,2,2,0,0,0,0,1,9,5,0,0
9661440,0,9,2,2,2,2,2,1,1,1,0,9,1,6,7500,7387
9668989,9,9,2,2,2,2,2,0,0,0,0,9,9,0,0,0
9324877,2,9,1,1,1,1,1,8,9,6,3,1,9,10,25000,25000
2250923,2,9,1,1,1,2,2,17,2,5,7,1,9,0,0,0
3483157,2,9,2,1,1,1,1,2,3,5,0,1,9,6,10000,10000
1261064,2,9,1,1,1,2,2,1,1,2,0,1,9,10,0,0
5497990,9,9,2,2,2,2,2,0,0,0,0,9,9,0,0,0
4106374,0,9,1,2,2,2,2,7,4,0,0,9,1,4,0,0
1879005,9,9,2,2,2,2,2,0,0,0,0,9,9,0,0,0
6863050,2,9,2,1,2,1,2,0,0,0,0,1,9,0,0,0
5030047,2,9,2,1,2,2,2,4,4,4,0,1,9,0,0,0
9216382,2,9,1,1,1,2,2,2,6,4,0,1,9,8,0,0
5729038,1,9,1,1,1,1,1,2,6,4,0,1,9,0,0,0
4874386,1,9,1,1,1,1,1,1,4,3,1,1,9,7,0,0
5456614,0,9,2,2,2,2,2,2,5,3,0,9,1,0,0,0
9595943,0,9,1,2,2,2,2,2,5,4,0,9,1,3,0,0
1858000,2,9,1,1,1,1,1,0,0,0,0,1,9,0,0,0
7068067,2,9,1,1,1,1,1,2,4,0,0,1,9,10,0,0
3610925,0,9,2,2,2,2,2,0,0,0,0,9,1,0,36037,36037
1374549,9,9,2,2,2,2,2,0,0,0,0,9,9,0,0,0
1756611,9,9,2,2,2,2,2,0,0,0,0,9,9,0,0,0
8922971,2,9,1,1,1,1,1,0,0,0,0,1,9,5,68500,68500
6192420,9,9,2,2,2,2,2,0,0,0,0,9,9,0,0,0
9114982,2,9,1,1,1,2,2,0,0,0,0,1,9,0,0,0
5317050,2,9,2,1,2,2,2,3,1,0,0,1,9,3,0,0
4665605,9,9,2,2,2,2,2,0,0,0,0,9,9,0,0,0
4699024,2,9,2,1,1,1,1,1,3,4,0,1,9,9,0,0
8437797,2,9,1,1,1,1,1,4,4,25,9,1,9,11,14742,14742
6975637,9,9,2,2,2,2,2,0,0,0,0,9,9,0,0,0
7965458,9,9,2,2,2,2,2,0,0,0,0,9,9,0,0,0
2437455,2,9,1,1,1,1,1,1,6,10,0,1,9,12,0,0
3178356,2,9,2,2,2,2,2,0,0,0,0,2,9,0,0,0
4700137,2,9,2,1,2,2,2,1,1,1,0,1,9,0,0,0
7852570,9,9,2,2,2,2,2,0,0,0,0,9,9,0,0,0
4252838,9,9,2,2,2,2,2,0,0,0,0,9,9,0,0,0
4825061,9,9,2,2,2,2,2,0,0,0,0,9,9,0,0,0
9562066,9,9,2,2,2,2,2,0,0,0,0,9,9,0,0,0
2157548,9,9,2,2,2,2,2,0,0,0,0,9,9,0,0,0
6719999,2,9,1,1,1,1,1,2,4,4,10,1,9,12,25000,25000
8689431,0,9,2,2,2,2,2,2,5,2,1,9,1,0,12000,12000
8615796,9,9,2,2,2,2,2,0,0,0,0,9,9,0,0,0
7111546,2,9,1,1,1,1,1,4,6,5,1,1,9,11,6500,6500
1102059,9,9,2,2,2,2,2,0,0,0,0,9,9,0,0,0
5795422,1,9,2,1,1,1,1,12,8,7,0,1,9,12,0,0
2876669,9,9,2,2,2,2,2,0,0,0,0,9,9,0,0,0
8292088,1,9,2,1,1,1,1,1,0,5,0,1,9,10,30000,30000
3831162,9,9,2,2,2,2,2,0,0,0,0,9,9,0,0,0
1913052,2,9,1,1,2,2,2,0,0,0,0,1,9,0,0,0
2298602,2,9,1,1,1,1,1,0,0,0,0,1,9,0,0,0
6150033,9,9,2,2,2,2,2,0,0,0,0,9,9,0,0,0
7748548,2,9,2,1,1,2,2,1,0,3,0,1,9,0,32124,32124
4556789,9,9,2,2,2,2,2,0,0,0,0,9,9,0,0,0
2882460,2,9,2,1,2,2,2,1,1,1,0,1,9,0,0,0
3043249,9,9,2,2,2,2,2,0,0,0,0,9,9,0,0,0
4305709,2,9,1,1,2,2,2,1,2,1,0,1,9,8,0,0
1156337,9,9,2,2,2,2,2,0,0,0,0,9,9,0,0,0
4695760,9,9,2,2,2,2,2,0,0,0,0,9,9,0,0,0
3851562,1,9,2,1,1,2,2,2,1,1,1,1,9,10,0,0
4364301,9,9,2,2,2,2,2,0,0,0,0,9,9,0,0,0
4989743,2,9,2,1,1,1,1,4,4,4,0,1,9,11,0,0
9425936,2,9,1,1,1,1,1,1,5,5,0,1,9,10,0,0
2827554,2,9,1,1,1,1,1,1,2,2,0,1,9,2,0,0
9821036,2,9,2,1,2,2,2,1,0,1,0,1,9,9,0,0
8771573,1,9,1,1,1,1,1,1,2,2,1,1,9,10,7500,7500
1391726,9,9,2,2,2,2,2,0,0,0,0,9,9,0,0,0
9457509,9,9,2,2,2,2,2,0,0,0,0,9,9,0,0,0
1907509,9,9,2,2,2,2,2,0,0,0,0,9,9,0,0,0
7805688,9,9,2,2,2,2,2,0,0,0,0,9,9,0,0,0
6980224,1,9,1,1,1,1,1,4,7,4,0,1,9,10,17891,17891
9327002,0,9,2,2,2,2,2,0,0,0,0,9,1,0,0,0
4746798,9,9,2,2,2,2,2,0,0,0,0,9,9,0,0,0
8769786,2,9,1,1,1,1,1,6,1,5,1,1,1,11,0,0
1477333,9,9,2,2,2,2,2,0,0,0,0,9,9,0,0,0
2414528,0,9,1,2,2,2,2,1,1,1,1,9,1,5,21699,21699
9823538,0,9,1,2,2,2,2,1,0,2,0,9,1,3,0,0
2695126,2,9,1,1,1,1,1,0,0,0,0,1,9,10,0,0
1296096,2,9,2,1,2,2,2,2,1,0,0,1,9,6,0,0
9001529,2,9,2,1,1,1,1,1,1,4,2,1,9,10,24364,24364
7534290,9,9,2,2,2,2,2,0,0,0,0,9,9,0,0,0
7564708,0,9,2,2,2,2,2,1,2,6,0,1,1,10,0,0
3149617,2,9,1,1,2,2,2,1,0,0,0,1,9,0,0,0
9837480,2,9,1,1,1,1,1,2,4,4,0,1,9,15,11965,11965
4109876,2,9,1,1,1,1,1,0,0,0,0,1,9,0,37500,37500
3891893,2,9,1,1,1,1,1,1,5,7,1,1,9,10,45595,45595
3154117,2,9,1,1,1,1,1,6,5,4,1,1,9,10,37500,37500
1414563,2,9,1,1,1,1,1,0,0,0,0,1,9,0,0,0
3816655,2,9,1,1,1,1,1,2,3,8,2,1,9,10,33140,33140
6650251,2,9,2,1,2,2,2,2,1,1,0,1,9,3,0,0
6109083,1,9,2,1,1,1,1,0,0,0,0,1,9,10,0,0
6547354,2,9,1,1,2,2,2,3,3,3,1,1,9,0,0,0
8569696,2,9,2,1,2,2,2,3,3,2,1,1,9,12,0,0
7662239,2,9,2,1,2,2,2,4,3,4,0,1,9,9,0,0
5990888,2,9,1,1,1,1,1,4,4,2,0,1,9,0,0,0
5847234,9,9,2,2,2,2,2,0,0,0,0,9,9,0,0,0
8543832,9,9,2,2,2,2,2,0,0,0,0,9,9,0,0,0
2756161,0,9,2,2,2,2,2,2,3,0,0,9,1,10,12000,12000
2245001,2,9,1,1,1,1,1,0,0,0,0,1,9,0,0,0
7010117,2,9,1,1,1,1,1,5,5,12,1,1,1,10,37500,37500
8909040,2,9,1,1,1,1,1,0,0,0,0,1,9,0,0,0
1350583,9,9,2,2,2,2,2,0,0,0,0,9,9,0,0,0
3213040,2,9,1,1,2,2,2,1,1,1,0,1,9,10,0,0
4967225,9,9,2,2,2,2,2,0,0,0,0,9,9,0,0,0
4812513,9,9,2,2,2,2,2,0,0,0,0,9,9,0,0,0
5648962,2,9,1,1,1,1,1,2,6,4,0,1,9,11,36500,36500
8782331,1,9,1,1,1,1,1,2,3,4,0,1,9,10,37500,37500
7135145,9,9,2,2,2,2,2,0,0,0,0,9,9,0,0,0
4354578,2,9,1,1,2,2,2,2,6,4,0,1,9,9,0,0
2811979,2,9,1,1,1,1,1,2,6,4,1,1,9,0,25000,25000
7172326,2,9,1,1,1,1,1,2,5,6,0,1,9,8,0,0
8667421,2,9,1,1,2,1,2,2,5,3,1,1,9,9,25000,25000
6749631,2,9,2,1,2,2,2,2,5,4,0,1,9,10,0,0
8452319,9,9,2,2,2,2,2,0,0,0,0,9,9,0,0,0
5496613,9,9,2,2,2,2,2,0,0,0,0,9,9,0,0,0
3490159,9,9,2,2,2,2,2,0,0,0,0,9,9,0,0,0
4917759,2,9,1,1,1,1,1,2,3,12,5,1,2,12,37500,37500
6450564,2,9,1,1,1,1,1,1,2,8,0,1,9,10,0,0
8457005,2,9,2,1,1,1,1,2,2,2,2,1,9,8,80000,80000
9903022,2,9,2,1,2,2,2,1,2,5,0,1,9,6,0,0
4797541,2,9,2,1,2,2,2,6,4,2,0,1,9,0,0,0
8834763,2,9,1,1,1,1,1,0,0,0,0,1,9,0,0,0
1511641,1,9,1,1,1,1,1,5,5,5,5,1,9,10,37500,37500
5327849,9,9,2,2,2,2,2,0,0,0,0,9,9,0,0,0
2190337,9,9,2,2,2,2,2,0,0,0,0,9,9,0,0,0
1875338,9,9,2,2,2,2,2,0,0,0,0,9,9,0,0,0
9923198,2,9,1,1,1,1,1,1,5,7,0,1,9,9,25000,25000
9416455,2,9,1,1,1,1,1,0,0,0,0,1,9,0,0,0
9151221,2,9,1,1,1,1,1,4,3,5,5,1,9,8,30031,30031
1196612,9,9,2,2,2,2,2,0,0,0,0,9,9,0,0,0
1447711,9,9,2,2,2,2,2,0,0,0,0,9,9,0,0,0
3617626,9,9,2,2,2,2,2,0,0,0,0,9,9,0,0,0
4258191,9,9,2,2,2,2,2,0,0,0,0,9,9,0,0,0
6599591,9,9,2,2,2,2,2,0,0,0,0,9,9,0,0,0
8151986,9,9,2,2,2,2,2,0,0,0,0,9,9,0,0,0
4594647,9,9,2,2,2,2,2,0,0,0,0,9,9,0,0,0
9258681,0,9,1,2,2,2,2,1,6,5,0,9,1,7,37500,37500
5446262,2,9,1,1,1,1,1,0,0,0,0,1,9,8,0,0
3855504,9,9,2,2,2,2,2,0,0,0,0,9,9,0,0,0
2799339,9,9,2,2,2,2,2,0,0,0,0,9,9,0,0,0
8594604,0,9,1,2,2,2,2,0,0,3,0,9,1,11,25000,25000
9912147,2,9,1,1,2,2,2,1,1,8,1,1,9,6,0,0
9013821,2,9,1,1,2,2,2,2,4,4,0,1,9,10,0,0
6576825,2,9,1,1,1,1,1,12,10,2,0,1,9,14,31750,31750
8004594,2,9,1,1,1,1,1,0,0,0,0,1,9,0,0,0
5257253,2,9,2,1,2,2,2,0,0,0,0,1,9,0,0,0
6401699,2,9,1,1,2,2,2,4,2,2,0,1,9,6,0,0
3477289,2,9,2,1,1,1,1,1,3,4,0,1,1,3,35000,35000
7332495,2,9,1,1,1,1,1,0,0,0,0,1,9,0,37500,37500
3700537,2,9,1,1,1,1,1,2,4,2,0,1,9,8,0,0
4963734,2,9,1,1,1,1,1,0,2,2,0,1,9,4,25000,25000
7683373,9,9,2,2,2,2,2,0,0,0,0,9,9,0,0,0
4917164,2,9,1,2,2,1,1,1,0,0,0,1,1,0,0,0
4876993,0,9,2,2,2,2,2,0,4,4,0,9,1,4,0,0
2926487,2,9,2,1,2,2,2,2,0,0,0,1,9,6,0,0
9555267,2,9,1,1,2,2,2,2,0,0,0,1,9,7,0,0
8339120,9,9,2,2,2,2,2,0,0,0,0,9,9,0,0,0
5132492,9,9,2,2,2,2,2,0,0,0,0,9,9,0,0,0
8122473,2,9,1,1,1,1,1,0,0,0,0,1,9,0,0,0
4191702,2,9,2,1,1,1,1,1,4,1,0,1,3,6,0,0
9890237,0,9,1,2,2,2,2,3,2,1,1,9,1,0,0,0
3598862,2,9,1,1,1,1,1,0,0,0,0,1,9,0,0,0
6924445,2,9,1,1,1,2,2,0,0,0,0,1,9,0,0,0
2556716,0,9,2,2,2,2,2,4,4,4,0,9,1,40,0,0
7095434,9,9,2,2,2,2,2,0,0,0,0,9,9,0,0,0
5374693,9,9,2,2,2,2,2,0,0,0,0,9,9,0,0,0
6117361,9,9,2,2,2,2,2,0,0,0,0,9,9,0,0,0
3647018,9,9,2,2,2,2,2,0,0,0,0,9,9,0,0,0
4155564,2,9,1,1,1,1,1,2,5,6,2,1,9,10,0,0
6278321,2,9,2,1,1,1,1,2,2,3,1,1,9,10,0,0
5455818,9,9,2,2,2,2,2,0,0,0,0,9,9,0,0,0
1306922,9,9,2,2,2,2,2,0,0,0,0,9,9,0,0,0
4525771,2,9,1,2,2,1,1,5,8,5,2,1,1,4,0,0
7872368,1,9,1,1,1,1,1,1,6,1,0,1,9,6,15000,15000
7574188,2,9,1,1,1,1,1,0,0,0,0,1,9,0,0,0
7482179,0,9,2,2,2,2,2,3,6,4,3,9,1,6,25000,25000
9362785,2,9,2,1,2,2,2,2,6,3,0,1,9,8,0,0
1193835,2,9,1,1,1,1,1,2,5,5,0,1,9,0,47500,47500
4399968,9,9,2,2,2,2,2,0,0,0,0,9,9,0,0,0
2762271,9,9,2,2,2,2,2,0,0,0,0,9,9,0,0,0
6197249,9,9,2,2,2,2,2,0,0,0,0,9,9,0,0,0
5711199,9,9,2,2,2,2,2,0,0,0,0,9,9,0,0,0
7058911,9,9,2,2,2,2,2,0,0,0,0,9,9,0,0,0
7593126,9,9,2,2,2,2,2,0,0,0,0,9,9,0,0,0
4838360,9,9,2,2,2,2,2,0,0,0,0,9,9,0,0,0
1036813,1,9,1,1,1,1,1,12,2,4,0,1,9,11,0,0
1462973,2,9,1,1,1,1,1,1,2,4,0,1,9,8,0,0
7097177,2,9,2,1,1,1,1,0,0,0,0,1,9,0,10000,10000
9130504,2,9,1,1,1,1,1,0,0,0,0,1,9,8,0,0
6726589,9,9,2,2,2,2,2,0,0,0,0,9,9,0,0,0
6569925,9,9,2,2,2,2,2,0,0,0,0,9,9,0,0,0
9716856,9,9,2,2,2,2,2,0,0,0,0,9,9,0,0,0
9664896,9,9,2,2,2,2,2,0,0,0,0,9,9,0,0,0
8203991,9,9,2,2,2,2,2,0,0,0,0,9,9,0,0,0
3850003,1,9,1,1,1,1,1,0,0,0,0,1,9,0,0,0
5278522,9,9,2,2,2,2,2,0,0,0,0,9,9,0,0,0
6837777,2,9,1,1,1,1,1,0,0,0,0,1,3,0,0,0
5428887,2,9,1,1,1,1,1,1,2,2,2,1,9,4,37500,37500
3057144,1,9,1,1,1,1,1,3,1,2,1,1,9,9,18782,18782
8828675,2,9,2,1,2,2,2,5,5,5,5,1,9,5,0,0
1520547,2,9,1,2,2,1,1,3,2,1,1,1,1,0,0,0
3422150,2,9,1,1,1,2,2,0,0,0,0,1,9,9,0,0
8367342,9,9,2,2,2,2,2,0,0,0,0,9,9,0,0,0
2718580,1,9,2,1,2,2,2,1,4,0,0,1,9,10,0,0
6103845,0,9,1,2,2,2,2,0,2,0,0,9,1,5,37148,37148
7875553,9,9,2,2,2,2,2,0,0,0,0,9,9,0,0,0
7869493,9,9,2,2,2,2,2,0,0,0,0,9,9,0,0,0
6677855,2,9,1,1,1,1,1,0,0,2,0,1,9,11,33500,33500
9926378,1,9,2,1,2,1,2,2,6,4,1,1,9,12,50000,50000
4699825,2,9,1,1,1,1,1,1,2,1,0,1,9,10,50000,50000
5931596,2,9,2,1,2,2,2,2,0,0,0,1,9,10,0,0
6393368,1,9,1,1,1,2,2,0,0,0,0,1,9,0,24800,24800
7399753,2,9,2,1,1,1,1,0,0,0,0,1,9,0,5000,5000
3767466,9,9,2,2,2,2,2,0,0,0,0,9,9,0,0,0
5843555,2,9,1,1,1,1,1,0,0,0,0,1,9,0,37500,37500
1618426,2,9,1,1,1,1,1,1,4,2,1,1,9,12,5000,5000
2259770,9,9,2,2,2,2,2,0,0,0,0,9,9,0,0,0
7537660,9,9,2,2,2,2,2,0,0,0,0,9,9,0,0,0
4068246,1,9,1,1,1,1,1,1,0,6,1,1,9,11,25000,25000
3881641,9,9,2,2,2,2,2,0,0,0,0,9,9,0,0,0
6252691,2,9,1,1,1,1,1,0,0,0,0,1,9,0,1,1
7404716,2,9,1,1,1,1,1,1,1,1,0,1,9,10,8361,8361
5689708,9,9,2,2,2,2,2,0,0,0,0,9,9,0,0,0
2001714,1,9,2,1,1,1,1,0,0,0,0,1,9,0,24779,24779
4951673,9,9,2,2,2,2,2,0,0,0,0,9,9,0,0,0
8725315,2,9,2,1,1,1,1,4,2,0,0,1,9,11,37500,37500
9224617,2,9,1,1,1,1,1,1,2,0,0,1,9,10,5000,5000
8121465,2,9,2,1,2,2,2,0,0,0,0,1,9,0,0,0
6947694,9,9,2,2,2,2,2,0,0,0,0,9,9,0,0,0
6712118,2,9,1,1,2,2,2,0,0,1,0,1,9,10,0,0
1953134,9,9,2,2,2,2,2,0,0,0,0,9,9,0,0,0
7959786,9,9,2,2,2,2,2,0,0,0,0,9,9,0,0,0
1891686,2,9,2,1,2,2,2,4,0,4,0,1,9,10,0,0
1239201,9,9,2,2,2,2,2,0,0,0,0,9,9,0,0,0
3311250,2,9,1,1,1,1,1,1,3,2,0,1,3,8,17187,17187
3419300,2,9,1,1,2,2,2,4,1,1,1,1,9,8,0,0
3249640,1,9,2,1,1,1,1,4,2,4,1,1,9,0,11830,11830
9947258,2,9,2,1,1,1,1,1,2,2,0,1,9,9,5000,0
8304745,2,9,1,1,1,1,1,1,3,3,0,1,9,7,24947.93,24947.93
1750331,9,9,2,2,2,2,2,0,0,0,0,9,9,0,0,0
9176875,1,9,1,1,1,1,1,0,0,0,0,1,9,0,0,0
7890804,9,9,2,2,2,2,2,0,0,0,0,9,9,0,0,0
2224864,2,9,2,1,2,2,2,3,0,0,0,1,9,8,0,0
9194424,2,9,1,1,2,2,2,2,4,4,0,1,9,10,0,0
6489886,2,9,1,1,1,1,1,1,6,5,0,1,9,7,0,0
9600730,2,9,2,1,2,2,2,1,1,1,0,1,9,10,0,0
9715408,2,9,2,1,2,2,2,0,0,0,0,1,9,0,0,0
5915871,2,9,1,1,2,2,2,4,2,3,0,1,9,5,0,0
4949821,9,9,2,2,2,2,2,0,0,0,0,9,9,0,0,0
4596708,9,9,2,2,2,2,2,0,0,0,0,9,9,0,0,0
7640377,2,9,2,1,1,1,1,0,0,0,0,1,9,9,25000,25000
1946340,0,9,1,2,2,2,2,3,0,5,1,9,1,4,0,0
1903633,9,9,2,2,2,2,2,0,0,0,0,9,9,0,0,0
1559661,2,9,1,1,1,1,1,6,2,0,0,1,9,11,12500,12500
4083635,2,9,1,1,1,1,1,2,2,1,0,1,9,12,25000,25000
8196014,2,9,1,1,2,1,2,2,4,10,1,1,9,10,14000,14000
8483237,2,9,1,1,1,1,1,2,5,6,0,1,9,10,12500,12500
5323742,9,9,2,2,2,2,2,0,0,0,0,9,9,0,0,0
8935755,0,9,1,2,2,2,2,2,5,4,0,9,1,0,0,0
1584247,0,9,1,2,2,2,2,2,6,3,1,9,1,4,0,0
8862741,0,9,1,2,2,2,2,9,3,6,0,9,1,10,7500,7500
8050851,1,9,1,1,1,1,1,0,0,0,0,1,9,0,70000,70000
7292220,9,9,2,2,2,2,2,0,0,0,0,9,9,0,0,0
3057356,2,9,2,1,2,2,2,1,3,1,1,1,9,8,0,0
1537709,9,9,2,2,2,2,2,0,0,0,0,9,9,0,0,0
4250777,1,9,1,1,1,1,1,5,5,5,5,1,9,10,75000,75000
2215858,2,9,1,1,1,1,1,11,6,8,2,1,9,10,37500,37500
7963233,2,9,1,1,1,1,1,3,4,2,3,1,9,11,0,0
1982066,2,9,2,1,1,1,1,1,5,5,5,1,9,10,75000,75000
2164222,2,9,1,1,1,1,1,4,4,4,4,1,9,0,75000,75000
3728279,9,9,2,2,2,2,2,0,0,0,0,9,9,0,0,0
8455700,1,9,1,1,1,1,1,8,5,10,0,1,9,10,0,0
3522201,1,9,2,1,2,2,2,1,4,0,0,1,9,4,0,0
5494776,2,9,1,1,1,2,2,0,0,0,0,1,9,0,0,0
3829275,2,9,2,1,1,1,1,2,2,2,0,1,9,0,12500,12500
9176846,1,9,1,1,1,2,2,1,1,2,0,1,9,8,21323,21323
7187105,2,9,2,1,1,2,2,1,3,2,0,1,9,10,12500,12500
5849697,1,9,1,1,1,2,2,2,2,5,1,1,9,10,37403,37403
8883471,9,9,2,2,2,2,2,0,0,0,0,9,9,0,0,0
7717782,2,9,2,1,1,1,1,1,4,10,0,1,9,10,37500,37500
9674853,2,9,1,1,1,1,1,0,0,0,0,1,9,10,7000,7000
5000066,9,9,2,2,2,2,2,0,0,0,0,9,9,0,0,0
2525580,2,9,1,1,1,1,1,1,3,6,2,1,9,10,67000,66568
6802073,9,9,2,2,2,2,2,0,0,0,0,9,9,0,0,0
2812664,2,9,2,1,2,2,2,4,0,4,0,1,9,5,0,0
1753038,0,9,2,2,2,2,2,2,1,2,0,9,1,4,0,0
6972895,2,9,1,1,1,1,1,0,0,0,0,1,9,10,38335,38335
9202418,1,9,1,1,1,1,1,0,0,0,0,1,9,12,25000,25000
7905697,2,9,1,1,1,1,1,0,0,0,0,1,9,0,0,0
5281054,2,9,2,1,2,2,2,2,2,2,1,1,9,8,0,0
3208291,9,9,2,2,2,2,2,0,0,0,0,9,9,0,0,0
9347204,2,9,1,1,1,1,1,10,5,5,2,1,9,10,13000,13000
7326561,0,9,1,2,2,2,2,4,4,2,1,9,1,0,0,0
9240555,2,9,1,2,2,1,1,0,0,0,0,1,1,0,18132,18132
4886470,1,9,2,1,1,1,1,0,0,0,0,1,9,0,0,0
1251476,1,9,1,1,1,1,1,0,0,0,0,1,9,0,0,0
1070323,9,9,2,2,2,2,2,0,0,0,0,9,9,0,0,0
5509925,1,9,1,1,2,2,2,2,2,6,0,1,9,10,0,0
5114448,2,9,1,2,2,1,1,5,12,10,2,1,1,8,0,0
7223132,2,9,2,1,2,2,2,5,4,4,4,1,9,4,0,0
7976439,2,9,2,2,2,2,2,0,0,0,0,1,9,0,0,0
8768797,9,9,2,2,2,2,2,0,0,0,0,9,9,0,0,0
1343901,1,9,2,1,1,1,1,0,0,0,0,1,9,8,0,0
9264002,2,9,1,1,1,1,1,1,1,1,1,1,9,10,0,0
6433779,9,9,2,2,2,2,2,0,0,0,0,9,9,0,0,0
8475459,2,9,1,1,1,1,1,6,5,5,0,1,9,10,220500,220500
8394590,2,9,1,1,1,1,1,5,4,4,1,1,9,7,0,0
7462170,9,9,2,2,2,2,2,0,0,0,0,9,9,0,0,0
8174275,9,9,2,2,2,2,2,0,0,0,0,9,9,0,0,0
4912561,9,9,2,2,2,2,2,0,0,0,0,9,9,0,0,0
9918021,0,9,2,2,2,2,2,1,2,3,2,9,1,10,0,0
8667836,0,9,2,2,2,2,2,0,0,0,0,9,1,0,0,0
2338785,9,9,2,2,2,2,2,0,0,0,0,9,9,0,0,0
9703889,9,9,2,2,2,2,2,0,0,0,0,9,9,0,0,0
1961921,9,9,2,2,2,2,2,0,0,0,0,9,9,0,0,0
7243438,9,9,2,2,2,2,2,0,0,0,0,9,9,0,0,0
2350427,2,9,1,1,2,2,2,0,0,0,0,1,9,0,0,0
8339303,2,9,1,1,1,1,1,0,0,0,0,1,9,0,0,0
8944568,2,9,1,1,1,1,1,0,0,0,0,1,9,0,0,0
7108800,1,9,1,1,1,2,2,2,2,2,0,1,9,10,7500,7500
3858622,9,9,2,2,2,2,2,0,0,0,0,9,9,0,0,0
9268978,9,9,2,2,2,2,2,0,0,0,0,9,9,0,0,0
5578120,9,9,2,2,2,2,2,0,0,0,0,9,9,0,0,0
8278806,1,9,2,1,1,1,1,0,0,0,0,1,9,0,0,0
3717674,9,9,2,2,2,2,2,0,0,0,0,9,9,0,0,0
4237493,9,9,2,2,2,2,2,0,0,0,0,9,9,0,0,0
1222980,9,9,2,2,2,2,2,0,0,0,0,9,9,0,0,0
4906153,2,9,1,1,2,1,2,0,0,0,0,1,9,0,0,0
3842981,9,9,2,2,2,2,2,0,0,0,0,9,9,0,0,0
7505020,2,9,1,1,1,2,2,0,0,0,0,1,9,0,0,0
2652760,9,9,2,2,2,2,2,0,0,0,0,9,9,0,0,0
1472528,2,9,1,1,1,1,1,2,1,1,0,1,9,0,5000,5000
9292792,0,9,2,2,2,2,2,1,6,3,0,9,1,5,0,0
8778760,2,9,2,1,2,2,2,0,0,0,0,1,9,10,5000,5000
8188838,2,9,2,1,2,2,2,2,2,2,0,1,9,8,0,0
9163424,2,9,2,1,2,2,2,2,0,6,0,1,9,4,0,0
7966455,9,9,2,2,2,2,2,0,0,0,0,9,9,0,0,0
7252870,9,9,2,2,2,2,2,0,0,0,0,9,9,0,0,0
1677658,1,9,1,1,1,1,1,1,5,1,0,1,9,12,0,0
2870426,9,9,2,2,2,2,2,0,0,0,0,9,9,0,0,0
6527849,9,9,2,2,2,2,2,0,0,0,0,9,9,0,0,0
6637144,2,9,1,1,1,1,1,1,1,1,1,1,9,5,12500,12500
2440221,9,9,2,2,2,2,2,0,0,0,0,9,9,0,0,0
8765140,0,9,1,2,2,2,2,2,5,2,0,9,1,5,25000,25000
4655780,2,9,2,1,2,2,2,4,0,1,0,1,9,9,0,0
7307362,9,9,2,2,2,2,2,0,0,0,0,9,9,0,0,0
8736494,9,9,2,2,2,2,2,0,0,0,0,9,9,0,0,0
9058554,2,9,1,1,1,1,1,0,0,0,0,1,9,0,25000,25000
2391494,2,9,1,1,2,2,2,1,0,1,1,1,9,4,0,0
3174914,9,9,2,2,2,2,2,0,0,0,0,9,9,0,0,0
4711406,2,9,1,1,1,1,1,0,0,0,0,1,1,0,50000,50000
8479418,9,9,2,2,2,2,2,0,0,0,0,9,9,0,0,0
4955291,9,9,2,2,2,2,2,0,0,0,0,9,9,0,0,0
3053386,2,9,1,1,1,1,1,1,5,5,1,1,9,8,7300,7300
7337085,2,9,2,1,2,2,2,2,2,0,0,1,9,12,0,0
1270083,2,9,1,1,1,1,1,2,10,10,0,1,9,11,0,0
9247537,2,9,1,1,1,1,1,10,5,0,0,1,9,10,5700,5000
8379570,9,9,2,2,2,2,2,0,0,0,0,9,9,0,0,0
7517972,2,9,1,1,2,2,2,2,0,1,0,1,9,5,0,0
8369467,9,9,2,2,2,2,2,0,0,0,0,9,9,0,0,0
1776056,1,9,1,1,1,1,1,1,1,1,1,1,9,10,0,0
7277706,2,9,2,1,1,1,1,5,5,2,0,1,9,9,10000,10000
3181473,9,9,2,2,2,2,2,0,0,0,0,9,9,0,0,0
4185166,9,9,2,2,2,2,2,0,0,0,0,9,9,0,0,0
6269548,2,9,1,1,1,1,1,5,6,3,0,1,9,10,0,0
5703087,9,9,2,2,2,2,2,0,0,0,0,9,9,0,0,0
6236816,2,9,1,1,1,1,1,2,5,1,0,1,9,0,5000,5000
1370546,9,9,2,2,2,2,2,0,0,0,0,9,9,0,0,0
6555162,9,9,2,2,2,2,2,0,0,0,0,9,9,0,0,0
8329229,2,9,2,1,1,2,2,4,0,0,0,1,9,2,0,0
8978516,2,9,1,1,1,1,1,2,10,8,0,1,9,12,0,0
2711992,9,9,2,2,2,2,2,0,0,0,0,9,9,0,0,0
1067907,2,9,2,1,1,1,1,2,0,0,0,1,1,10,0,0
3049981,2,9,1,1,1,1,1,2,2,8,5,1,9,8,16669,16669
6250998,2,9,1,1,1,1,1,4,2,4,2,1,9,10,0,0
5538044,0,9,2,2,2,2,2,0,0,0,0,9,1,0,0,0
5652186,9,9,2,2,2,2,2,0,0,0,0,9,9,0,0,0
6446790,2,9,1,1,1,1,1,1,1,7,0,1,9,6,0,0
2834454,2,9,1,1,1,1,1,1,1,0,0,1,9,3,0,0
9301232,2,9,2,1,2,2,2,2,4,4,0,1,9,10,0,0
9063925,1,9,1,1,1,2,1,0,0,0,0,1,9,10,0,0
1428939,9,9,2,2,2,2,2,0,0,0,0,9,9,0,0,0
9737748,9,9,2,2,2,2,2,0,0,0,0,9,9,0,0,0
8687205,2,9,1,1,1,1,1,0,0,0,0,1,9,8,0,0
7346759,2,9,1,1,1,1,1,0,0,0,0,1,9,0,0,0
9706545,2,9,2,1,2,2,2,8,2,2,0,1,9,10,0,0
1056352,2,9,1,1,1,1,1,4,2,2,0,1,9,8,12500,12500
1187468,2,9,1,1,2,2,2,4,7,4,1,1,9,0,0,0
1283350,2,9,1,1,1,1,1,0,0,0,0,1,9,10,25000,25000
9132208,2,9,1,1,1,1,1,2,5,4,0,1,9,0,25000,25000
6387957,2,9,2,1,1,1,1,1,2,2,1,1,9,0,0,0
1107281,1,9,1,1,1,1,1,2,8,4,0,1,9,10,0,0
4713217,2,9,2,1,2,2,2,3,3,3,3,1,9,8,0,0
4576614,1,9,1,1,1,1,1,3,5,5,3,1,9,8,25000,25000
1960098,0,9,1,2,2,2,2,2,2,2,21,9,1,0,73836,73836
5281571,2,9,1,1,1,1,1,1,4,8,1,1,9,10,25000,25000
3618751,9,9,2,2,2,2,2,0,0,0,0,9,9,0,0,0
9631149,2,9,1,1,1,1,1,5,6,6,3,1,9,10,50000,50000
7382858,0,9,1,2,2,2,2,5,5,5,5,9,1,0,50000,50000
9333610,9,9,2,2,2,2,2,0,0,0,0,9,9,0,0,0
8809779,1,9,1,1,1,1,1,1,3,3,0,1,9,10,0,0
3281784,9,9,2,2,2,2,2,0,0,0,0,9,9,0,0,0
9275703,9,9,2,2,2,2,2,0,0,0,0,9,9,0,0,0
7638187,2,9,2,1,1,1,1,0,0,0,0,1,9,0,0,0
4914021,0,9,1,2,2,2,2,2,10,7,2,9,1,10,14500,14500
4107053,2,9,1,1,1,1,1,0,0,0,0,1,1,0,35000,35000
6958322,2,9,1,1,1,1,1,1,6,10,2,1,9,10,53796,53796
8633860,2,9,1,1,1,1,1,0,0,0,0,1,9,6,12500,12500
4372242,2,9,1,1,1,1,1,8,2,4,0,1,9,11,46558,46558
2004745,9,9,2,2,2,2,2,0,0,0,0,9,9,0,0,0
8866026,9,9,2,2,2,2,2,0,0,0,0,9,9,0,0,0
9023309,2,9,1,1,2,2,2,0,0,0,0,1,9,9,0,0
8736183,9,9,2,2,2,2,2,0,0,0,0,9,9,0,0,0
9020712,0,9,1,2,2,2,2,12,5,6,1,9,1,0,0,0
5434572,2,9,1,1,1,1,1,0,0,0,0,1,9,0,15000,15000
2273677,2,9,1,1,1,1,1,0,0,0,0,1,1,0,0,0
9508548,1,9,1,2,2,2,2,0,0,0,0,1,9,2,0,0
6951954,2,9,1,1,1,1,1,2,5,4,2,1,9,10,37500,37500
1870872,2,9,2,1,2,2,2,1,2,2,0,1,9,6,0,0
8868921,2,9,1,1,1,1,1,0,0,0,0,1,9,0,0,0
6177520,1,9,2,1,1,1,1,1,5,3,0,1,3,7,0,0
9876632,2,9,1,1,1,1,1,0,0,0,0,1,9,0,0,0
1152816,9,9,2,2,2,2,2,0,0,0,0,9,9,0,0,0
6238059,1,9,1,1,1,2,2,0,0,0,0,1,9,0,12500,12500
5010032,0,9,1,2,2,2,2,2,5,3,2,9,1,6,0,0
7554052,9,9,2,2,2,2,2,0,0,0,0,9,9,0,0,0
6962546,2,9,1,1,1,2,2,0,0,0,0,1,9,0,0,0
8746423,2,9,1,1,1,2,2,0,0,0,0,1,9,0,0,0
2943172,9,9,2,2,2,2,2,0,0,0,0,9,9,0,0,0
4708392,9,9,2,2,2,2,2,0,0,0,0,9,9,0,0,0
5012430,9,9,2,2,2,2,2,0,0,0,0,9,9,0,0,0
2606415,1,9,1,1,1,1,1,3,2,3,0,1,9,6,0,0
4461807,9,9,2,2,2,2,2,0,0,0,0,9,9,0,0,0
9412109,2,9,1,1,1,1,1,1,1,1,0,1,9,2,0,0
1206578,9,9,2,2,2,2,2,0,0,0,0,9,9,0,0,0
1937424,1,9,1,1,1,2,2,1,4,6,1,1,9,9,25000,25000
3278174,2,9,1,1,1,2,2,1,3,3,1,1,9,11,5000,5000
6966638,1,9,1,1,1,1,1,1,3,5,0,1,9,10,25000,25000
7925825,2,9,1,1,1,1,1,0,0,0,0,1,9,0,0,0
5280871,1,9,1,1,2,2,2,2,5,4,0,1,9,0,0,0
7088880,9,9,2,2,2,2,2,0,0,0,0,9,9,0,0,0
9431740,0,9,1,2,2,2,2,4,5,5,2,9,1,10,0,0
6341029,2,9,2,1,2,2,2,0,0,0,0,1,9,0,0,0
1215119,9,9,2,2,2,2,2,0,0,0,0,9,9,0,0,0
3542417,9,9,2,2,2,2,2,0,0,0,0,9,9,0,0,0
5748927,2,9,1,1,1,1,1,0,0,0,0,1,9,0,0,0
1654383,9,9,2,2,2,2,2,0,0,0,0,9,9,0,0,0
8937197,9,9,2,2,2,2,2,0,0,0,0,9,9,0,0,0
6004131,1,9,1,1,1,1,1,2,2,1,0,1,1,4,0,0
5700497,0,9,1,2,2,2,2,2,4,0,0,9,1,8,0,0
5196849,2,9,1,1,1,1,1,0,0,0,0,1,9,0,0,0
9386117,9,9,2,2,2,2,2,0,0,0,0,9,9,0,0,0
7611503,2,9,1,1,1,1,1,0,0,0,0,1,9,0,0,0
6963716,1,9,1,1,1,1,1,8,2,6,1,1,9,11,0,0
5905817,2,9,2,1,2,2,2,5,4,4,4,1,9,4,0,0
7236758,2,9,2,1,2,2,2,1,1,1,0,1,9,0,0,0
1584472,9,9,2,2,2,2,2,0,0,0,0,9,9,0,0,0
8145998,1,9,1,1,2,2,2,2,2,0,0,1,9,8,0,0
5154214,1,9,1,1,1,1,1,2,4,4,0,1,9,8,5391,5391
4248146,9,9,2,2,2,2,2,0,0,0,0,9,9,0,0,0
1040957,9,9,2,2,2,2,2,0,0,0,0,9,9,0,0,0
6591472,2,9,1,1,1,1,1,0,0,0,0,1,9,0,0,0
7677833,2,9,2,2,2,2,2,0,0,0,0,1,9,0,0,0
6059913,9,9,2,2,2,2,2,0,0,0,0,9,9,0,0,0
8569101,2,9,1,1,1,1,1,2,0,5,2,1,9,14,12500,12500
5704174,2,9,2,1,1,2,2,1,2,0,0,1,9,10,0,0
7726000,2,9,1,1,1,1,1,2,4,4,0,1,9,10,5000,5000
6441086,2,9,2,1,2,2,2,2,2,0,0,1,9,6,0,0
1293911,9,9,2,2,2,2,2,0,0,0,0,9,9,0,0,0
7265297,2,9,2,1,2,2,2,0,0,0,0,1,9,0,0,0
8933314,2,9,1,1,2,1,2,4,4,3,0,1,1,8,35468,35468
6979295,2,9,1,1,1,1,1,5,6,2,0,1,9,0,0,0
3671216,2,9,2,1,2,2,2,0,0,3,0,1,9,0,0,0
2917910,9,9,2,2,2,2,2,0,0,0,0,9,9,0,0,0
3259464,9,9,2,2,2,2,2,0,0,0,0,9,9,0,0,0
5655109,9,9,2,2,2,2,2,0,0,0,0,9,9,0,0,0
4484966,2,9,2,2,2,2,2,1,0,0,0,1,9,1,0,0
3695727,2,9,1,1,1,1,1,1,3,3,0,1,9,3,0,0
1188879,9,9,2,2,2,2,2,0,0,0,0,9,9,0,0,0
8125334,2,9,2,1,2,2,2,1,1,3,0,1,9,2,0,0
5169807,2,9,2,1,2,2,2,3,1,2,0,1,9,12,0,0
4619058,9,9,2,2,2,2,2,0,0,0,0,9,9,0,0,0
9283782,2,9,2,1,2,2,2,2,0,0,0,1,9,10,0,0
8989023,2,9,1,1,2,2,2,0,0,0,0,1,9,0,0,0
6311583,1,9,2,1,2,2,2,1,0,1,0,1,9,6,0,0
2015321,2,9,1,1,1,1,1,6,5,4,0,1,9,12,37500,37500
6957095,0,9,1,2,2,1,1,3,0,3,0,1,1,6,0,0
7864427,2,9,2,1,1,1,1,0,0,0,0,1,1,10,62500,62500
8973950,1,9,1,1,1,1,1,0,0,0,0,1,9,0,0,0
1414831,9,9,2,2,2,2,2,0,0,0,0,9,9,0,0,0
1545207,2,9,1,1,1,1,1,0,0,0,0,1,9,0,0,0
9171239,0,9,1,2,2,2,2,2,2,4,0,1,1,5,60000,60000
7540058,1,9,1,1,1,1,1,11,1,6,4,1,9,12,25000,25000
5801589,9,9,2,2,2,2,2,0,0,0,0,9,9,0,0,0
2034695,2,9,2,1,2,2,2,1,1,3,0,1,9,9,0,0
3461811,9,9,2,2,2,2,2,0,0,0,0,9,9,0,0,0
3465667,1,9,1,1,1,1,2,0,0,0,0,1,9,12,25000,25000
2541878,1,9,1,1,1,1,1,0,0,0,0,1,9,0,4941,4941
1863565,9,9,2,2,2,2,2,0,0,0,0,9,9,0,0,0
5137860,9,9,2,2,2,2,2,0,0,0,0,9,9,0,0,0
2992364,2,9,1,2,1,2,1,0,0,0,0,1,9,8,0,0
1707289,0,9,1,2,2,2,2,1,1,3,0,9,1,2,0,0
2869446,2,9,1,1,1,1,1,0,0,0,0,1,9,0,12500,12500
8146642,9,9,2,2,2,2,2,0,0,0,0,9,9,0,0,0
4982250,2,9,1,1,1,1,1,0,1,6,0,1,9,10,25000,25000
7361658,0,9,1,2,2,2,2,2,0,1,1,9,1,0,0,0
4417964,2,9,1,1,1,1,1,0,0,0,0,1,9,0,0,0
2092474,9,9,2,2,2,2,2,0,0,0,0,9,9,0,0,0
7432173,9,9,2,2,2,2,2,0,0,0,0,9,9,0,0,0
5734712,9,9,2,2,2,2,2,0,0,0,0,9,9,0,0,0
4608098,1,9,1,1,1,2,2,7,5,5,0,1,9,10,22000,22000
7499749,2,9,1,1,1,1,1,1,1,8,0,1,9,8,25000,25000
2209485,2,9,2,1,1,1,1,1,1,1,3,1,9,10,25000,25000
2512569,2,9,1,1,1,1,1,0,0,0,0,1,9,0,25000,25000
5322888,2,9,1,1,1,1,1,0,0,0,0,1,9,0,12500,12500
9575629,2,9,2,1,2,2,2,2,4,4,0,1,9,10,0,0
7602438,9,9,2,2,2,2,2,0,0,0,0,9,9,0,0,0
2266291,9,9,2,2,2,2,2,0,0,0,0,9,9,0,0,0
9092989,2,9,2,1,2,2,2,2,2,1,0,1,9,10,0,0
9657864,2,9,1,1,1,1,1,2,5,3,1,1,9,9,12500,12500
9321815,2,9,2,1,2,2,2,3,3,3,3,1,9,7,0,0
8798797,9,9,2,2,2,2,2,0,0,0,0,9,9,0,0,0
5222831,9,9,2,2,2,2,2,0,0,0,0,9,9,0,0,0
5483076,2,9,2,1,2,2,2,0,0,0,0,1,9,0,0,0
5239884,1,9,1,1,1,1,1,0,0,0,0,1,9,9,30000,30000
9941124,0,9,1,2,2,2,2,2,2,8,0,9,1,7,12500,12434
1415635,2,9,2,1,1,1,1,2,4,2,0,1,9,3,0,0
5323403,2,9,2,1,2,2,2,2,5,4,0,1,9,0,0,0
5241021,9,9,2,2,2,2,2,0,0,0,0,9,9,0,0,0
6260511,1,9,1,1,1,1,1,3,1,7,6,1,9,12,25000,25000
4993597,2,9,1,1,1,1,1,0,0,0,0,1,9,0,0,0
7775234,2,9,1,1,1,1,1,1,3,6,3,1,9,5,0,0
2285385,2,9,1,1,1,1,1,6,0,0,0,1,9,11,50000,50000
8232432,1,9,1,1,1,2,2,5,5,5,5,1,9,8,12000,12000
7529519,9,9,2,2,2,2,2,0,0,0,0,9,9,0,0,0
1132288,2,9,1,1,1,1,1,4,4,4,4,1,9,8,24135,24135
4534598,2,9,1,1,1,1,1,2,6,10,1,1,9,10,75000,75000
7331800,9,9,2,2,2,2,2,0,0,0,0,9,9,0,0,0
7776349,9,9,2,2,2,2,2,0,0,0,0,9,9,0,0,0
2608034,9,9,2,2,2,2,2,0,0,0,0,9,9,0,0,0
4472751,9,9,2,2,2,2,2,0,0,0,0,9,9,0,0,0
7600716,1,9,1,1,1,1,1,0,0,0,0,1,9,0,37500,37500
8363063,2,9,1,1,2,2,2,2,2,0,0,1,9,10,0,0
1256848,2,9,1,1,1,2,2,2,0,0,0,1,9,10,5000,5000
6114399,2,9,2,1,2,2,2,2,2,2,2,1,9,2,0,0
1642752,2,9,1,1,1,1,1,2,1,10,0,1,9,11,0,0
4384665,2,9,1,1,2,2,2,0,0,0,0,1,9,9,0,0
7139186,9,9,2,2,2,2,2,0,0,0,0,9,9,0,0,0
7091442,2,9,1,1,1,2,2,0,0,0,0,1,9,0,12500,12500
7390170,2,9,1,1,1,2,2,1,2,2,0,1,9,8,0,0
7642022,2,9,1,1,1,1,1,3,4,2,0,1,9,6,4300,0
3574346,2,9,1,1,1,1,1,0,0,0,0,1,1,0,0,0
4825356,9,9,2,2,2,2,2,0,0,0,0,9,9,0,0,0
4911054,1,9,1,1,1,1,1,4,2,2,0,1,9,6,0,0
3689664,2,9,1,1,1,1,1,0,0,0,0,1,1,0,0,0
7917772,9,9,2,2,2,2,2,0,0,0,0,9,9,0,0,0
6121362,9,9,2,2,2,2,2,0,0,0,0,9,9,0,0,0
9408010,2,9,2,1,2,2,2,4,0,0,0,1,9,0,0,0
1325055,2,9,2,1,2,2,2,1,3,0,0,1,9,8,0,0
7874061,2,9,1,1,1,1,1,0,0,0,0,1,9,0,0,0
7233929,1,9,1,1,1,1,1,1,4,6,1,1,9,8,22000,22000
7325577,2,9,1,1,1,1,1,2,5,6,0,1,9,10,7500,7500
8044080,9,9,2,2,2,2,2,0,0,0,0,9,9,0,0,0
7590464,9,9,2,2,2,2,2,0,0,0,0,9,9,0,0,0
4380968,0,9,1,2,2,2,2,2,6,12,0,9,1,8,0,0
2852208,2,9,1,1,1,1,1,0,0,0,0,1,9,10,0,0
9507116,2,9,1,1,1,1,1,2,4,10,1,1,9,10,25000,25000
1872368,0,9,2,2,2,2,2,1,1,4,0,9,1,0,0,0
5789483,2,9,1,1,2,2,2,1,2,4,1,1,9,1,0,0
7214533,2,9,2,1,1,2,2,0,0,0,0,1,9,0,0,0
4335500,9,9,2,2,2,2,2,0,0,0,0,9,9,0,0,0
9496247,2,9,1,1,1,1,1,1,2,2,0,1,3,10,0,0
8850531,1,9,2,1,1,1,1,2,2,3,0,1,9,11,0,0
4219286,0,9,1,2,2,2,2,2,5,3,0,9,1,8,0,0
3693073,9,9,2,2,2,2,2,0,0,0,0,9,9,0,0,0
3600766,2,9,1,1,1,1,1,1,6,4,1,1,1,11,75000,75000
6040825,2,9,1,1,1,1,1,6,2,2,0,1,1,9,75000,75000
7059527,2,9,2,2,2,2,1,0,0,0,0,1,9,4,0,0
5903984,9,9,2,2,2,2,2,0,0,0,0,9,9,0,0,0
3173097,9,9,2,2,2,2,2,0,0,0,0,9,9,0,0,0
1741962,9,9,2,2,2,2,2,0,0,0,0,9,9,0,0,0
7040906,9,9,2,2,2,2,2,0,0,0,0,9,9,0,0,0
8500901,9,9,2,2,2,2,2,0,0,0,0,9,9,0,0,0
9230987,1,9,1,1,1,1,1,0,0,0,0,1,9,0,0,0
4944223,0,9,1,2,2,2,2,0,0,0,0,9,1,0,0,0
2058621,9,9,2,2,2,2,2,0,0,0,0,9,9,0,0,0
4813710,2,9,1,1,2,2,2,1,5,2,0,1,9,11,0,0
6073351,9,9,2,2,2,2,2,0,0,0,0,9,9,0,0,0
9045548,9,9,2,2,2,2,2,0,0,0,0,9,9,0,0,0
5375106,2,9,2,1,2,2,2,0,0,0,0,1,9,10,0,0
2046328,9,9,2,2,2,2,2,0,0,0,0,9,9,0,0,0
7501813,9,9,2,2,2,2,2,0,0,0,0,9,9,0,0,0
3221085,9,9,2,2,2,2,2,0,0,0,0,9,9,0,0,0
7127562,2,9,2,1,2,2,2,0,0,0,0,1,9,0,0,0
5372449,9,9,2,2,2,2,2,0,0,0,0,9,9,0,0,0
6748372,9,9,2,2,2,2,2,0,0,0,0,9,9,0,0,0
1697816,2,9,1,1,1,2,2,2,8,5,3,1,9,10,0,0
9717641,2,9,1,1,1,1,1,0,0,0,0,1,9,0,0,0
2674948,2,9,2,1,1,1,1,2,2,2,0,1,1,10,12500,12500
3411535,2,9,1,1,1,2,2,1,0,1,0,1,9,8,32500,32500
9554406,1,9,1,1,1,2,2,1,0,4,0,1,9,11,37500,37500
2304443,1,9,2,1,1,1,1,8,3,2,0,1,9,15,21000,21000
4972204,2,9,2,1,2,2,2,1,2,2,0,1,9,10,0,0
7255053,2,9,1,1,1,1,1,2,2,34,0,1,9,11,41000,41000
7663434,1,9,1,1,1,2,2,0,0,0,0,1,9,0,0,0
8796471,1,9,1,1,1,2,2,5,2,0,0,1,9,10,25000,25000
3643909,9,9,2,2,2,2,2,0,0,0,0,9,9,0,0,0
6949466,2,9,1,1,2,2,2,0,0,0,0,1,9,0,0,0
1783888,0,9,1,2,2,2,2,2,1,0,0,9,1,12,15000,15000
3124996,9,9,2,2,2,2,2,0,0,0,0,9,9,0,0,0
2558563,2,9,1,1,1,1,1,0,0,0,0,1,9,0,0,0
1529836,2,9,2,1,2,2,2,0,0,0,0,1,9,0,0,0
9746465,1,9,1,1,1,1,1,8,4,4,0,1,9,9,0,0
7265117,2,9,1,1,1,1,1,1,1,6,3,1,9,6,12000,12000
7781057,9,9,2,2,2,2,2,0,0,0,0,9,9,0,0,0
3948883,2,9,1,1,1,2,2,0,0,0,0,1,9,0,0,0
8943176,9,9,2,2,2,2,2,0,0,0,0,9,9,0,0,0
2061494,1,9,1,2,2,1,1,0,0,0,0,1,9,0,25000,25000
9497954,9,9,2,2,2,2,2,0,0,0,0,9,9,0,0,0
1971962,2,9,1,1,1,1,1,12,10,14,2,1,9,10,0,0
2440357,9,9,2,2,2,2,2,0,0,0,0,9,9,0,0,0
3680668,9,9,2,2,2,2,2,0,0,0,0,9,9,0,0,0
8744862,9,9,2,2,2,2,2,0,0,0,0,9,9,0,0,0
5636982,9,9,2,2,2,2,2,0,0,0,0,9,9,0,0,0
7203433,2,9,2,1,2,2,2,11,1,0,0,1,9,11,0,0
2245559,9,9,2,2,2,2,2,0,0,0,0,9,9,0,0,0
1262812,1,9,1,2,2,2,2,0,0,0,0,1,1,0,0,0
6171766,2,9,2,1,2,2,2,1,0,1,0,1,9,10,0,0
8899214,9,9,2,2,2,2,2,0,0,0,0,9,9,0,0,0
5333814,1,9,1,1,1,1,1,2,4,0,0,1,9,10,0,0
2492252,0,9,2,2,2,2,2,1,4,4,0,9,1,11,25000,25000
7914126,9,9,2,2,2,2,2,0,0,0,0,9,9,0,0,0
2739003,2,9,1,1,1,1,1,8,3,0,0,1,9,11,0,0
9781255,2,9,1,1,2,2,2,6,0,0,0,1,9,6,0,0
7159009,1,9,1,1,1,1,1,1,18,0,0,1,9,12,12500,12500
7745465,9,9,2,2,2,2,2,0,0,0,0,9,9,0,0,0
3740906,9,9,2,2,2,2,2,0,0,0,0,9,9,0,0,0
1471248,2,9,2,1,2,2,2,1,0,0,0,1,9,1,0,0
6164042,2,9,2,1,2,2,2,2,1,2,0,1,9,10,0,0
9689597,2,9,1,1,1,1,1,1,2,0,0,1,9,10,25000,25000
8112740,2,9,1,2,1,2,1,0,0,0,0,1,9,0,5000,5000
9125918,2,9,1,1,1,1,1,1,2,0,0,1,9,8,37500,37500
3485596,9,9,2,2,2,2,2,0,0,0,0,9,9,0,0,0
6234270,0,9,2,2,2,2,2,0,0,0,0,9,1,4,0,0
2187516,9,9,2,2,2,2,2,0,0,0,0,9,9,0,0,0
7805052,9,9,2,2,2,2,2,0,0,0,0,9,9,0,0,0
9661532,2,9,1,1,1,1,1,0,2,4,0,1,9,10,0,0
8585054,2,9,1,1,1,1,1,4,4,4,2,1,9,10,0,0
8688419,1,9,1,1,1,1,1,2,6,4,0,1,9,10,22163,22163
1157564,2,9,1,1,1,1,1,1,2,2,0,1,9,4,25000,25000
5157060,2,9,2,2,2,1,1,0,0,0,0,1,1,4,0,0
8814272,2,9,1,1,1,1,1,1,4,3,1,1,9,10,0,0
4471156,9,9,2,2,2,2,2,0,0,0,0,9,9,0,0,0
6451471,1,9,2,1,2,2,2,2,2,3,3,1,9,10,0,0
5773798,1,9,1,1,1,1,1,4,6,3,0,1,9,8,0,0
1962219,2,9,1,1,2,2,2,9,3,2,1,1,9,10,0,0
4791421,2,9,1,1,2,1,2,2,3,1,0,1,9,0,5000,5000
6680163,9,9,2,2,2,2,2,0,0,0,0,9,9,0,0,0
1289674,9,9,2,2,2,2,2,0,0,0,0,9,9,0,0,0
4657041,9,9,2,2,2,2,2,0,0,0,0,9,9,0,0,0
9159937,9,9,2,2,2,2,2,0,0,0,0,9,9,0,0,0
7420515,9,9,2,2,2,2,2,0,0,0,0,9,9,0,0,0
3506290,9,9,2,2,2,2,2,0,0,0,0,9,9,0,0,0
6410969,2,9,1,1,1,1,1,5,4,2,0,1,9,7,12500,12500
8812481,1,9,1,1,1,1,1,8,5,6,0,1,9,10,25000,25000
6293044,2,9,2,1,1,2,2,2,5,4,0,1,9,0,12500,12500
5121990,1,9,2,1,2,2,2,2,5,4,0,1,9,0,0,0
8034076,2,9,1,1,1,1,1,2,6,4,1,1,1,8,75000,75000
2174579,2,9,1,1,2,2,2,2,5,4,0,1,9,4,0,0
7224500,9,9,2,2,2,2,2,0,0,0,0,9,9,0,0,0
2948036,9,9,2,2,2,2,2,0,0,0,0,9,9,0,0,0
5265373,9,9,2,2,2,2,2,0,0,0,0,9,9,0,0,0
3927885,1,9,1,1,1,1,1,4,4,4,4,1,9,0,75000,75000
3677584,2,9,1,1,2,2,2,2,2,2,2,1,9,11,0,0
6671441,2,9,2,1,1,1,1,1,0,14,0,1,9,9,25000,25000
7383655,0,9,1,2,2,2,2,2,5,5,0,9,1,12,0,0
7332818,1,9,2,1,1,1,1,2,4,2,1,1,9,10,12500,12500
4246623,2,9,2,2,2,2,2,0,0,0,0,1,9,0,0,0
5099408,2,9,2,1,2,2,2,2,0,2,0,1,9,4,0,0
6492044,0,9,2,2,2,2,2,5,5,5,5,9,1,8,35000,35000
9772997,0,9,1,2,2,2,2,0,5,5,0,9,1,5,0,0
1206032,9,9,2,2,2,2,2,0,0,0,0,9,9,0,0,0
6041868,2,9,1,1,2,2,2,1,1,0,0,1,9,5,0,0
9000390,1,9,1,1,1,1,1,5,5,5,5,1,9,5,30000,30000
1195082,9,9,2,2,2,2,2,0,0,0,0,9,9,0,0,0
4276287,9,9,2,2,2,2,2,0,0,0,0,9,9,0,0,0
6643850,9,9,2,2,2,2,2,0,0,0,0,9,9,0,0,0
5298783,2,9,2,1,1,1,1,1,4,5,1,1,9,0,0,0
5804545,2,9,1,1,1,1,1,2,6,8,2,1,9,10,40000,40000
4934456,2,9,1,1,1,1,1,1,1,12,0,1,9,11,0,0
2253578,2,9,2,1,2,2,2,1,3,0,0,1,9,4,0,0
4141280,2,9,1,1,1,1,1,1,6,11,0,1,9,11,0,0
5374697,9,9,2,2,2,2,2,0,0,0,0,9,9,0,0,0
1838775,2,9,2,1,1,1,1,0,0,0,0,1,9,0,0,0
5771291,9,9,2,2,2,2,2,0,0,0,0,9,9,0,0,0
8096255,2,9,2,1,2,2,2,5,2,2,1,1,9,10,0,0
9896248,9,9,2,2,2,2,2,0,0,0,0,9,9,0,0,0
6120845,2,9,1,1,1,1,1,0,0,0,0,1,9,0,30000,30000
5618979,1,9,1,1,1,1,1,1,7,10,1,1,9,13,15000,15000
4090419,2,9,1,1,1,2,2,1,5,1,1,1,9,11,10000,10000
9711843,2,9,1,1,1,1,1,2,4,2,0,1,9,8,0,0
6381295,1,9,1,1,1,2,2,0,0,0,0,1,9,0,0,0
4848646,2,9,1,1,2,2,2,0,0,0,0,1,9,0,0,0
5930262,9,9,2,2,2,2,2,0,0,0,0,9,9,0,0,0
4012905,9,9,2,2,2,2,2,0,0,0,0,9,9,0,0,0
3648536,2,9,1,1,1,1,1,0,0,0,0,1,1,0,0,0
6769803,2,9,2,1,2,1,2,0,0,0,0,1,3,0,0,0
7804676,2,9,1,1,1,1,1,2,10,3,2,1,9,10,3000,3000
3289241,2,9,2,1,2,2,2,1,1,1,0,2,9,0,0,0
4436534,2,9,1,1,1,2,2,0,0,0,0,1,9,10,5000,5000
6733487,2,9,1,2,2,2,2,1,3,2,0,1,1,7,0,0
6374408,2,9,2,1,2,2,2,2,2,5,0,1,9,10,0,0
7616889,9,9,2,2,2,2,2,0,0,0,0,9,9,0,0,0
6962909,9,9,2,2,2,2,2,0,0,0,0,9,9,0,0,0
5316191,9,9,2,2,2,2,2,0,0,0,0,9,9,0,0,0
2763358,2,9,2,1,1,1,1,0,0,0,0,1,3,0,0,0
6276613,2,9,1,1,1,1,1,3,1,2,1,1,3,5,0,0
2358224,2,9,1,1,1,1,1,0,0,0,0,1,1,6,0,0
4106047,2,9,1,1,1,1,1,1,5,10,0,1,9,13,25000,25000
6772642,9,9,2,2,2,2,2,0,0,0,0,9,9,0,0,0
3229400,9,9,2,2,2,2,2,0,0,0,0,9,9,0,0,0
9813541,9,9,2,2,2,2,2,0,0,0,0,9,9,0,0,0
8005518,2,9,1,1,1,1,1,2,6,2,1,1,9,10,0,0
5767372,9,9,2,2,2,2,2,0,0,0,0,9,9,0,0,0
4542764,9,9,2,2,2,2,2,0,0,0,0,9,9,0,0,0
9268901,9,9,2,2,2,2,2,0,0,0,0,9,9,0,0,0
6131868,0,9,1,2,2,2,2,1,1,2,0,9,1,4,0,0
6598843,2,9,1,1,1,1,1,8,4,8,1,1,9,0,37500,0
7703966,2,9,1,1,1,2,2,0,0,0,0,1,9,0,0,0
9569588,2,9,1,1,1,1,1,0,0,0,0,1,9,0,0,0
4574993,9,9,2,2,2,2,2,0,0,0,0,9,9,0,0,0
8074707,9,9,2,2,2,2,2,0,0,0,0,9,9,0,0,0
5425456,9,9,2,2,2,2,2,0,0,0,0,9,9,0,0,0
3713965,2,9,2,2,2,2,2,4,3,3,1,1,9,0,0,0
4912444,9,9,2,2,2,2,2,0,0,0,0,9,9,0,0,0
2510087,2,9,2,2,2,2,2,1,2,2,0,1,1,2,0,0
5627232,9,9,2,2,2,2,2,0,0,0,0,9,9,0,0,0
2421698,9,9,2,2,2,2,2,0,0,0,0,9,9,0,0,0
8115259,2,9,2,2,2,2,2,0,0,0,0,2,9,0,0,0
2226340,9,9,2,2,2,2,2,0,0,0,0,9,9,0,0,0
7348052,0,9,1,2,2,2,2,1,1,4,0,9,1,0,12500,12500
3346999,9,9,2,2,2,2,2,0,0,0,0,9,9,0,0,0
8444860,9,9,2,2,2,2,2,0,0,0,0,9,9,0,0,0
8626066,9,9,2,2,2,2,2,0,0,0,0,9,9,0,0,0
6691983,9,9,2,2,2,2,2,0,0,0,0,9,9,0,0,0
1314930,0,9,1,2,2,2,2,3,0,0,0,9,1,6,0,0
7248343,0,9,2,2,2,2,2,2,5,3,0,9,1,4,0,0
3675627,9,9,2,2,2,2,2,0,0,0,0,9,9,0,0,0
4993236,0,9,2,2,2,2,2,0,0,0,0,9,1,7,50000,50000
3025460,9,9,2,2,2,2,2,0,0,0,0,9,9,0,0,0
2619504,9,9,2,2,2,2,2,0,0,0,0,9,9,0,0,0
2078673,2,9,1,1,2,2,2,0,0,0,0,1,9,0,0,0
3504347,2,9,2,1,2,2,2,2,4,4,0,1,9,10,0,0
9136776,9,9,2,2,2,2,2,0,0,0,0,9,9,0,0,0
8426885,2,9,1,1,1,2,2,0,0,0,0,1,9,0,25000,25000
5815891,0,9,2,2,2,2,2,1,5,0,0,9,1,0,25000,25000
3428325,9,9,2,2,2,2,2,0,0,0,0,9,9,0,0,0
8547561,1,9,1,1,1,2,2,0,0,0,0,1,9,0,0,0
2187150,9,9,2,2,2,2,2,0,0,0,0,9,9,0,0,0
9400736,2,9,1,1,1,1,1,0,0,0,0,1,9,0,0,0
7018377,2,9,1,1,1,1,1,0,0,0,0,1,9,0,50000,50000
2873147,9,9,2,2,2,2,2,0,0,0,0,9,9,0,0,0
5772300,2,9,2,1,2,2,2,1,3,1,0,1,9,4,0,0
5521942,1,9,1,1,1,1,1,1,5,5,1,1,9,10,40000,40000
9785874,2,9,2,1,1,1,1,0,0,0,0,1,1,10,37500,0
8914062,2,9,2,1,2,2,2,3,3,3,0,1,9,7,0,0
6019349,9,9,2,2,2,2,2,0,0,0,0,9,9,0,0,0
3724482,9,9,2,2,2,2,2,0,0,0,0,9,9,0,0,0
5659394,2,9,1,1,1,1,1,0,0,0,0,1,9,0,0,0
2823743,2,9,1,1,1,1,1,4,2,4,0,1,9,6,0,0
8234357,1,9,1,1,1,1,1,0,0,0,0,1,9,0,0,0
9224135,9,9,2,2,2,2,2,0,0,0,0,9,9,0,0,0
7743192,9,9,2,2,2,2,2,0,0,0,0,9,9,0,0,0
5627999,2,9,1,1,1,1,1,0,0,0,0,1,9,0,75000,75000
5088039,9,9,2,2,2,2,2,0,0,0,0,9,9,0,0,0
1477175,2,9,1,1,2,2,2,1,2,1,0,1,9,10,0,0
2964671,9,9,2,2,2,2,2,0,0,0,0,9,9,0,0,0
8346875,9,9,2,2,2,2,2,0,0,0,0,9,9,0,0,0
1099495,2,9,1,1,1,1,1,2,7,5,1,1,9,12,0,0
8471096,2,9,2,1,2,2,2,1,1,3,0,1,9,11,0,0
4024337,2,9,1,1,1,1,1,1,8,7,2,1,9,11,37500,37500
7553850,2,9,1,1,2,2,2,4,2,2,0,1,9,3,0,0
3631317,2,9,1,1,2,2,2,2,4,1,1,1,9,8,0,0
9824457,9,9,2,2,2,2,2,0,0,0,0,9,9,0,0,0
9444224,9,9,2,2,2,2,2,0,0,0,0,9,9,0,0,0
7928728,2,9,1,1,1,1,1,0,0,0,0,1,9,8,0,0
8141929,1,9,1,1,1,2,2,10,10,2,0,1,9,10,12500,12500
9425345,2,9,2,1,2,2,2,0,0,0,0,1,9,0,0,0
1148209,2,9,2,1,1,1,1,1,2,2,0,1,9,11,7500,7500
8272689,2,9,2,1,2,2,2,0,0,0,0,1,9,0,0,0
5073109,9,9,2,2,2,2,2,0,0,0,0,9,9,0,0,0
8391861,0,9,1,2,2,2,2,8,0,0,0,9,1,0,25000,25000
7542086,2,9,1,1,2,2,2,0,0,0,1,1,9,2,0,0
8407198,2,9,2,1,2,2,2,0,0,0,0,1,9,8,0,0
3617811,2,9,2,1,1,1,1,1,2,2,0,1,9,11,0,0
4038003,9,9,2,2,2,2,2,0,0,0,0,9,9,0,0,0
6817058,9,9,2,2,2,2,2,0,0,0,0,9,9,0,0,0
4347666,9,9,2,2,2,2,2,0,0,0,0,9,9,0,0,0
9689741,9,9,2,2,2,2,2,0,0,0,0,9,9,0,0,0
7236017,2,9,1,1,1,1,1,2,4,2,0,1,9,11,12173,12173
5500194,1,9,1,1,1,2,2,3,4,2,1,1,9,8,7500,7500
6774152,2,9,2,1,2,2,2,2,0,2,0,1,9,8,0,0
6432808,2,9,1,1,2,2,2,4,2,2,0,1,9,11,0,0
1113859,9,9,2,2,2,2,2,0,0,0,0,9,9,0,0,0
5898883,9,9,2,2,2,2,2,0,0,0,0,9,9,0,0,0
1572453,2,9,1,1,1,1,1,2,5,6,0,1,9,11,35000,35000
6717453,9,9,2,2,2,2,2,0,0,0,0,9,9,0,0,0
3097228,0,9,2,2,2,2,2,0,0,0,0,9,1,9,12500,12500
6226167,2,9,1,1,2,2,2,1,1,1,0,1,9,6,0,0
7417865,2,9,1,1,1,1,1,1,1,1,0,1,9,12,12500,12500
4153992,9,9,2,2,2,2,2,0,0,0,0,9,9,0,0,0
7648127,2,9,1,1,1,2,2,0,0,0,0,1,9,0,0,0
6798664,2,9,1,1,1,1,1,0,0,0,0,1,9,0,0,0
5408008,2,9,1,1,1,1,1,1,2,4,1,1,9,10,32000,32000
7317230,9,9,2,2,2,2,2,0,0,0,0,9,9,0,0,0
7734732,2,9,2,1,2,2,2,0,0,0,0,1,9,0,0,0
8505970,2,9,1,1,1,2,2,0,0,0,0,1,9,0,0,0
3065304,2,9,1,1,1,1,1,0,0,0,0,1,9,0,0,0
6370642,2,9,2,1,1,1,1,1,0,0,2,1,9,13,0,0
9410799,9,9,2,2,2,2,2,0,0,0,0,9,9,0,0,0
1970441,9,9,2,2,2,2,2,0,0,0,0,9,9,0,0,0
9528307,2,9,1,1,1,1,1,0,0,0,0,1,9,12,15000,15000
3922078,0,9,1,2,2,2,2,0,0,0,0,9,1,0,0,0
3348713,9,9,2,2,2,2,2,0,0,0,0,9,9,0,0,0
7587876,2,9,1,1,2,2,2,0,0,0,0,1,9,0,0,0
2981413,9,9,2,2,2,2,2,0,0,0,0,9,9,0,0,0
9464707,2,9,2,1,2,2,2,0,0,0,0,1,9,0,0,0
1875803,2,9,2,1,2,2,2,1,1,1,0,1,9,8,0,0
3420419,2,9,2,1,2,2,2,2,1,1,1,1,9,7,0,0
4641951,1,9,2,1,1,1,1,0,0,0,0,1,9,0,0,0
4518894,9,9,2,2,2,2,2,0,0,0,0,9,9,0,0,0
9239687,0,9,2,2,2,2,2,6,2,5,0,9,1,9,0,0
1924108,2,9,1,1,1,1,1,1,3,7,0,1,9,11,42500,42500
8484368,2,9,1,1,1,1,1,0,0,0,0,1,9,0,0,0
3069060,2,9,1,1,2,2,2,1,3,2,1,1,9,8,0,0
2518221,9,9,2,2,2,2,2,0,0,0,0,9,9,0,0,0
5350349,9,9,2,2,2,2,2,0,0,0,0,9,9,0,0,0
7744599,9,9,2,2,2,2,2,0,0,0,0,9,9,0,0,0
6883946,9,9,2,2,2,2,2,0,0,0,0,9,9,0,0,0
6882444,2,9,1,1,2,2,2,1,5,2,0,1,9,0,0,0
9390293,9,9,2,2,2,2,2,0,0,0,0,9,9,0,0,0
7178422,2,9,1,1,1,1,1,2,6,4,1,1,9,10,0,0
4792929,1,9,1,1,1,1,1,2,8,6,2,1,9,10,25000,25000
3117597,9,9,2,2,2,2,2,0,0,0,0,9,9,0,0,0
8573254,2,9,1,1,1,1,1,0,0,0,0,1,9,0,75000,75000
5368679,1,9,1,2,2,1,2,8,6,2,0,1,1,10,0,0
1575315,0,9,2,2,2,2,2,2,4,2,1,9,1,5,25000,25000
4168770,2,9,1,1,2,2,2,1,0,0,0,1,9,7,0,0
2066317,2,9,2,1,2,2,2,0,0,0,0,1,9,0,0,0
9260279,1,9,2,1,2,2,2,0,0,0,0,1,9,0,0,0
5802117,9,9,2,2,2,2,2,0,0,0,0,9,9,0,0,0
6712586,2,9,1,1,1,1,1,23,6,8,2,1,9,10,37500,37500
2342778,2,9,1,1,1,1,1,2,2,4,2,1,9,10,20000,20000
5255963,1,9,1,1,1,2,2,5,5,5,5,1,9,0,100000,100000
8919097,9,9,2,2,2,2,2,0,0,0,0,9,9,0,0,0
6514860,9,9,2,2,2,2,2,0,0,0,0,9,9,0,0,0
6971598,9,9,2,2,2,2,2,0,0,0,0,9,9,0,0,0
6982927,9,9,2,2,2,2,2,0,0,0,0,9,9,0,0,0
3449241,2,9,1,1,1,1,1,0,0,0,0,1,9,0,50000,0
1886363,2,9,1,1,1,1,1,0,0,0,0,1,9,0,45000,45000
9358787,2,9,1,1,1,1,1,1,5,12,0,1,9,11,30000,30000
2857477,2,9,2,1,2,2,2,0,0,0,0,1,9,0,0,0
9258064,2,9,1,1,1,1,1,0,0,0,0,1,9,0,5400,5400
6258348,2,9,2,1,1,1,1,0,0,0,0,1,9,8,7000,7000
7223596,2,9,1,2,2,2,2,1,1,1,1,1,9,0,0,0
2536829,9,9,2,2,2,2,2,0,0,0,0,9,9,0,0,0
4441706,2,9,2,1,1,1,1,1,1,4,0,1,9,10,5000,5000
5010334,2,9,2,1,2,2,2,2,0,2,0,1,9,6,0,0
6584763,2,9,1,1,1,1,1,16,2,0,0,1,9,0,0,0
4971526,1,9,1,1,1,1,1,0,0,0,0,1,9,0,0,0
8899930,9,9,2,2,2,2,2,0,0,0,0,9,9,0,0,0
2132340,9,9,2,2,2,2,2,0,0,0,0,9,9,0,0,0
6213926,2,9,2,1,1,1,1,0,0,0,0,1,9,0,0,0
8117194,2,9,1,1,1,1,1,1,1,1,0,1,9,12,0,0
4880762,2,9,2,1,1,1,1,1,13,21,9,1,9,11,14847,14847
3101887,9,9,2,2,2,2,2,0,0,0,0,9,9,0,0,0
9602965,2,9,1,1,2,2,2,0,0,0,0,1,9,0,0,0
6144416,2,9,1,1,1,1,1,0,0,0,0,1,9,0,5000,5000
6106075,9,9,2,2,2,2,2,0,0,0,0,9,9,0,0,0
4957521,1,9,1,1,1,1,1,5,1,1,2,1,9,10,5000,5000
6479747,2,9,2,1,1,2,2,0,0,0,0,1,9,0,0,0
7735282,2,9,1,1,2,2,2,2,4,4,0,1,9,10,0,0
5031580,2,9,1,1,1,1,1,0,0,0,0,1,9,6,0,0
9175016,9,9,2,2,2,2,2,0,0,0,0,9,9,0,0,0
1650746,1,9,2,1,1,1,1,1,0,1,0,1,9,4,37500,37500
1073984,9,9,2,2,2,2,2,0,0,0,0,9,9,0,0,0
4538510,2,9,1,1,1,1,1,1,4,12,7,1,9,11,12500,12500
1475684,9,9,2,2,2,2,2,0,0,0,0,9,9,0,0,0
9203390,2,9,1,1,1,1,1,6,8,6,1,1,9,10,0,0
3195667,1,9,1,1,1,1,1,2,5,4,0,1,9,0,0,0
3982370,2,9,2,1,2,2,2,3,3,4,0,1,9,10,0,0
5740174,9,9,2,2,2,2,2,0,0,0,0,9,9,0,0,0
2307835,2,9,1,1,1,2,2,2,2,2,0,1,9,10,0,0
3237217,9,9,2,2,2,2,2,0,0,0,0,9,9,0,0,0
2202684,2,9,1,1,1,2,2,0,0,0,0,1,9,10,0,0
2100120,9,9,2,2,2,2,2,0,0,0,0,9,9,0,0,0
2651520,9,9,2,2,2,2,2,0,0,0,0,9,9,0,0,0
3396148,2,9,2,2,2,2,2,0,0,0,0,1,9,10,0,0
4999266,2,9,1,1,1,1,1,0,0,0,0,1,9,12,0,0
7619896,2,9,1,1,1,1,1,12,12,12,12,1,3,12,0,0
4838186,2,9,2,1,1,1,1,1,2,7,0,1,9,11,0,0
1854212,9,9,2,2,2,2,2,0,0,0,0,9,9,0,0,0
7884016,2,9,1,1,2,2,2,0,0,0,0,1,9,0,0,0
6307074,2,9,2,1,2,1,2,0,0,0,0,1,9,0,0,0
3852244,9,9,2,2,2,2,2,0,0,0,0,9,9,0,0,0
8371113,2,9,1,1,1,1,1,2,3,0,3,1,9,11,35700,35700
7906457,2,9,1,1,1,1,1,0,0,0,0,1,9,0,0,0
2198025,2,9,1,1,1,1,1,2,4,4,0,1,1,10,37500,37500
8996136,9,9,2,2,2,2,2,0,0,0,0,9,9,0,0,0
6453071,2,9,2,2,1,2,2,3,2,2,0,1,9,10,0,0
5315642,2,9,1,1,1,1,1,0,0,0,0,1,9,0,0,0
2669994,9,9,2,2,2,2,2,0,0,0,0,9,9,0,0,0
7081721,2,9,2,1,2,2,2,2,4,0,0,1,9,11,0,0
6493371,9,9,2,2,2,2,2,0,0,0,0,9,9,0,0,0
1419562,1,9,1,1,1,1,1,1,10,0,0,1,9,1,25000,25000
3547718,2,9,2,1,1,1,1,2,6,0,0,1,9,10,12500,12500
3098952,2,9,2,1,2,2,2,4,2,0,0,1,9,9,0,0
9022949,2,9,1,1,1,1,1,1,2,2,0,1,9,10,1429,1429
3191011,1,9,1,1,2,2,2,2,1,2,0,1,9,11,0,0
1426098,2,9,2,1,1,1,1,0,0,0,0,1,9,0,12500,12500
5537584,2,9,1,1,2,2,2,0,0,0,0,1,9,0,0,0
5248166,2,9,1,2,1,2,1,0,0,0,0,1,9,11,12500,12500
5442927,2,9,1,1,1,1,1,3,4,3,0,1,9,9,5000,5000
4318644,1,9,2,1,1,1,1,1,2,3,0,1,9,0,50000,48000
1174847,2,9,2,1,2,2,2,2,1,0,0,1,9,4,0,0
4903076,2,9,2,1,2,2,2,3,1,1,1,1,9,11,0,0
5810033,1,9,1,1,1,1,1,0,0,0,0,1,9,0,37500,37500
7709855,2,9,2,1,2,2,2,0,0,0,0,1,9,0,0,0
3948946,9,9,2,2,2,2,2,0,0,0,0,9,9,0,0,0
4126955,9,9,2,2,2,2,2,0,0,0,0,9,9,0,0,0
9994934,9,9,2,2,2,2,2,0,0,0,0,9,9,0,0,0
7728034,9,9,2,2,2,2,2,0,0,0,0,9,9,0,0,0
7824606,9,9,2,2,2,2,2,0,0,0,0,9,9,0,0,0
4800855,2,9,2,1,2,2,2,2,1,0,0,1,9,12,0,0
4222683,1,9,1,1,1,1,1,10,5,2,2,1,9,10,0,0
9468704,9,9,2,2,2,2,2,0,0,0,0,9,9,0,0,0
4889063,2,9,1,1,1,1,1,0,0,0,0,1,9,0,12500,12500
8173428,2,9,1,1,1,1,1,0,0,0,0,1,9,0,0,0
3317563,2,9,1,1,1,1,1,0,0,0,0,1,1,0,0,0
8501761,9,9,2,2,2,2,2,0,0,0,0,9,9,0,0,0
1184330,2,9,1,1,2,2,2,0,0,0,0,1,9,4,0,0
6612084,2,9,2,1,2,2,2,1,1,0,0,1,9,5,0,0
2198221,2,9,1,1,1,1,1,2,2,4,0,1,9,10,25000,25000
6308386,2,9,1,1,1,1,1,1,4,9,4,1,9,10,0,0
6108237,2,9,1,1,1,1,1,0,0,0,0,1,9,0,25000,25000
5822309,9,9,2,2,2,2,2,0,0,0,0,9,9,0,0,0
1218788,2,9,1,1,1,1,1,0,0,0,0,1,9,0,12500,12500
8357010,9,9,2,2,2,2,2,0,0,0,0,9,9,0,0,0
3454636,2,9,1,1,1,1,1,1,5,6,2,1,9,12,0,0
9218046,2,9,1,1,1,1,1,1,4,8,0,1,9,10,12500,0
5252724,2,9,1,1,1,1,1,0,0,0,0,1,9,0,37500,37500
7449299,2,9,1,1,1,1,1,0,0,0,0,1,9,0,12500,12500
7530521,2,9,2,1,2,2,2,5,1,0,0,1,9,11,0,0
6098120,9,9,2,2,2,2,2,0,0,0,0,9,9,0,0,0
6687624,2,9,2,1,2,2,2,2,0,1,0,1,9,0,0,0
3904956,2,9,1,1,2,2,2,4,4,4,2,1,9,9,0,0
4888788,2,9,2,1,2,1,2,0,0,0,0,1,1,12,25000,25000
6016465,0,9,1,2,2,2,2,2,2,2,1,9,1,3,0,0
8349996,0,9,1,2,2,2,2,15,3,3,3,9,1,3,5000,5000
4911903,2,9,2,1,2,2,2,0,0,0,0,1,9,0,0,0
4661714,9,9,2,2,2,2,2,0,0,0,0,9,9,0,0,0
6352990,2,9,2,2,2,2,2,2,5,4,0,1,9,7,0,0
9475098,2,9,1,1,1,1,1,2,5,4,0,1,1,11,100000,100000
1914822,0,9,1,2,2,2,2,1,6,10,1,9,1,6,0,0
8464893,2,9,1,1,2,2,2,2,5,4,0,1,9,0,0,0
3358107,9,9,2,2,2,2,2,0,0,0,0,9,9,0,0,0
5114116,2,9,1,1,1,1,1,1,5,8,0,1,9,10,45000,45000
8999404,2,9,1,1,1,2,2,0,3,3,0,1,9,10,25000,25000
8091799,1,9,2,1,1,2,2,0,0,0,0,1,9,0,0,0
6624356,9,9,2,2,2,2,2,0,0,0,0,9,9,0,0,0
6455589,2,9,1,1,1,2,2,1,1,1,0,1,9,2,0,0
5540340,9,9,2,2,2,2,2,0,0,0,0,9,9,0,0,0
9732575,2,9,2,1,1,1,1,1,1,8,1,1,9,9,50000,50000
4079168,2,9,1,1,1,1,1,0,0,0,0,1,9,0,0,0
8000492,9,9,2,2,2,2,2,0,0,0,0,9,9,0,0,0
1143821,2,9,1,1,1,1,1,5,5,5,5,1,9,6,87500,87500
6288274,9,9,2,2,2,2,2,0,0,0,0,9,9,0,0,0
3815023,2,9,1,1,1,1,1,1,1,6,1,1,9,12,37500,37500
2257307,2,9,1,1,1,1,1,0,0,0,0,1,9,0,0,0
1130315,9,9,2,2,2,2,2,0,0,0,0,9,9,0,0,0
1117003,2,9,1,1,2,2,2,0,0,0,0,1,9,0,0,0
7634595,9,9,2,2,2,2,2,0,0,0,0,9,9,0,0,0
2115870,2,9,1,1,1,1,1,2,5,5,2,1,9,10,9254,9254
9753255,2,9,1,1,2,2,2,6,4,4,1,1,9,6,0,0
3519403,2,9,1,1,1,1,1,0,0,0,0,1,9,0,0,0
4110129,2,9,2,1,2,2,2,0,0,0,0,1,9,2,0,0
9748805,2,9,2,1,2,2,2,1,1,1,0,1,9,9,0,0
1912783,2,9,1,1,1,1,1,1,3,13,0,1,1,11,0,0
3752455,2,9,2,1,2,2,2,0,0,0,0,1,9,0,0,0
7638126,2,9,2,1,2,2,2,1,0,0,0,1,9,10,0,0
3819077,9,9,2,2,2,2,2,0,0,0,0,9,9,0,0,0
1788665,9,9,2,2,2,2,2,0,0,0,0,9,9,0,0,0
8646224,1,9,1,1,1,1,1,0,0,0,0,1,9,10,4800,4800
5176224,0,9,1,2,2,2,2,1,5,2,0,9,1,5,0,0
3354387,2,9,1,1,1,2,2,0,2,5,1,1,9,9,7000,7000
4687430,2,9,1,1,1,1,1,0,0,0,0,1,3,0,5300,5300
2048203,9,9,2,2,2,2,2,0,0,0,0,9,9,0,0,0
2777883,2,9,1,1,1,1,1,0,0,0,0,1,1,8,0,0
8417290,2,9,1,1,1,1,1,0,0,0,0,1,9,0,0,0
6454848,9,9,2,2,2,2,2,0,0,0,0,9,9,0,0,0
2588599,1,9,1,1,1,1,1,0,1,3,1,1,9,7,0,0
5930792,2,9,2,2,1,2,2,0,0,0,0,1,9,2,0,0
5609578,2,9,1,1,1,2,2,0,0,0,0,1,9,0,0,0
4219792,2,9,1,1,1,1,1,5,2,1,1,1,9,10,2500,2500
7879817,9,9,2,2,2,2,2,0,0,0,0,9,9,0,0,0
1312677,9,9,2,2,2,2,2,0,0,0,0,9,9,0,0,0
1566326,9,9,2,2,2,2,2,0,0,0,0,9,9,0,0,0
8579108,2,9,1,1,2,2,2,1,1,0,0,1,9,8,0,0
8614333,2,9,1,1,1,2,2,2,0,3,0,1,9,11,5000,5000
2437469,2,9,1,1,1,1,1,12,13,10,2,1,9,14,0,0
8418617,9,9,2,2,2,2,2,0,0,0,0,9,9,0,0,0
8058542,9,9,2,2,2,2,2,0,0,0,0,9,9,0,0,0
3589472,1,9,1,1,1,1,1,7,4,2,1,1,9,8,12500,12500
3355924,2,9,2,1,2,1,2,2,4,2,2,1,9,10,35000,35000
7168756,9,9,2,2,2,2,2,0,0,0,0,9,9,0,0,0
7117716,0,9,1,2,2,2,2,0,0,0,0,9,1,0,12500,12500
9844624,0,9,2,2,2,2,2,1,0,4,0,9,1,11,12470,12470
3069925,2,9,2,2,1,2,1,0,0,0,0,1,9,4,0,0
2557349,0,9,2,2,2,2,2,0,0,0,0,9,1,0,20000,20000
4136415,2,9,1,2,1,2,1,3,0,0,0,1,9,0,0,0
1118062,9,9,2,2,2,2,2,0,0,0,0,9,9,0,0,0
1721773,2,9,1,1,2,2,2,1,2,0,0,1,9,4,0,0
7122268,2,9,2,1,2,2,2,0,0,0,0,1,9,0,0,0
4517169,9,9,2,2,2,2,2,0,0,0,0,9,9,0,0,0
5053644,1,9,1,1,1,1,1,2,2,1,1,1,3,4,0,0
3007473,9,9,2,2,2,2,2,0,0,0,0,9,9,0,0,0
2975548,9,9,2,2,2,2,2,0,0,0,0,9,9,0,0,0
7048508,9,9,2,2,2,2,2,0,0,0,0,9,9,0,0,0
7373813,2,9,1,2,2,2,2,2,6,6,0,1,1,7,0,0
7302254,2,9,2,1,1,1,1,0,0,0,0,1,9,0,0,0
5230730,1,9,1,1,1,1,1,2,4,2,2,1,9,9,75000,75000
6225816,9,9,2,2,2,2,2,0,0,0,0,9,9,0,0,0
1739848,9,9,2,2,2,2,2,0,0,0,0,9,9,0,0,0
7172793,2,9,1,1,1,1,1,0,0,0,0,1,9,6,0,0
8079617,2,9,2,1,1,1,1,0,0,0,0,1,9,0,0,0
4466202,2,9,2,1,2,2,2,1,0,0,0,1,9,11,0,0
5216748,9,9,2,2,2,2,2,0,0,0,0,9,9,0,0,0
2198186,9,9,2,2,2,2,2,0,0,0,0,9,9,0,0,0
2166831,9,9,2,2,2,2,2,0,0,0,0,9,9,0,0,0
3969962,9,9,2,2,2,2,2,0,0,0,0,9,9,0,0,0
4522653,2,9,2,1,2,2,2,0,0,0,0,1,9,0,0,0
7467406,1,9,2,1,1,1,1,2,2,8,1,1,1,11,100000,100000
8007149,2,9,1,1,1,1,1,0,0,0,0,1,9,0,37469,37469
8500682,9,9,2,2,2,2,2,0,0,0,0,9,9,0,0,0
7741082,2,9,1,1,1,2,2,0,0,0,0,1,9,0,0,0
7844959,2,9,1,1,1,1,1,2,8,8,2,1,1,8,110000,110000
5299912,9,9,2,2,2,2,2,0,0,0,0,9,9,0,0,0
6716093,2,9,1,1,2,2,2,1,1,1,0,1,9,0,0,0
5700040,9,9,2,2,2,2,2,0,0,0,0,9,9,0,0,0
8522000,9,9,2,2,2,2,2,0,0,0,0,9,9,0,0,0
9613021,9,9,2,2,2,2,2,0,0,0,0,9,9,0,0,0
6579078,9,9,2,2,2,2,2,0,0,0,0,9,9,0,0,0
2139424,9,9,2,2,2,2,2,0,0,0,0,9,9,0,0,0
6321137,2,9,2,1,1,1,1,0,0,0,0,1,9,0,0,0
1466100,9,9,2,2,2,2,2,0,0,0,0,9,9,0,0,0
7545930,9,9,2,2,2,2,2,0,0,0,0,9,9,0,0,0
1379505,1,9,1,1,1,1,1,4,3,0,0,1,9,10,37500,37500
4559033,2,9,1,1,1,1,1,0,1,1,0,1,9,12,25000,25000
5671718,9,9,2,2,2,2,2,0,0,0,0,9,9,0,0,0
6295162,9,9,2,2,2,2,2,0,0,0,0,9,9,0,0,0
2595658,2,9,1,1,2,2,2,1,0,1,0,1,9,10,0,0
4336532,9,9,2,2,2,2,2,0,0,0,0,9,9,0,0,0
7294995,9,9,2,2,2,2,2,0,0,0,0,9,9,0,0,0
3965879,9,9,2,2,2,2,2,0,0,0,0,9,9,0,0,0
1384536,1,9,1,1,1,1,1,11,7,8,0,1,9,2,50000,50000
3557706,2,9,1,1,1,1,1,1,2,0,0,1,9,6,0,0
7890150,2,9,2,1,2,2,2,6,3,3,0,1,9,9,0,0
4621365,2,9,1,1,1,1,1,2,2,0,0,1,9,10,0,0
1160115,9,9,2,2,2,2,2,0,0,0,0,9,9,0,0,0
2148524,0,9,1,2,2,2,2,5,1,0,0,9,1,6,15200,15200
1656568,2,9,2,1,1,2,2,0,0,0,0,1,9,0,0,0
5284116,2,9,1,1,1,2,2,1,4,5,1,1,9,9,0,0
5386622,1,9,1,1,1,1,1,0,0,0,0,1,9,0,0,0
5843476,2,9,1,1,1,1,1,0,0,0,0,1,9,0,0,0
3543657,9,9,2,2,2,2,2,0,0,0,0,9,9,0,0,0
8331929,2,9,1,1,1,1,1,8,6,5,2,1,9,8,15000,15000
3097840,2,9,1,1,2,2,2,1,3,2,0,1,9,10,0,0
5154588,2,9,1,1,1,1,1,0,0,0,0,1,9,0,0,0
5878044,2,9,2,1,2,2,2,5,2,2,2,1,9,8,0,0
2258971,2,9,1,1,2,2,2,2,0,0,0,1,9,11,0,0
7630690,2,9,1,1,2,2,2,0,0,0,0,1,9,0,0,0
4278388,9,9,2,2,2,2,2,0,0,0,0,9,9,0,0,0
9588325,9,9,2,2,2,2,2,0,0,0,0,9,9,0,0,0
7161468,2,9,1,1,1,2,2,0,0,0,0,1,9,6,12500,0
9796225,2,9,2,1,2,2,2,1,1,1,0,1,9,0,0,0
3607289,2,9,1,1,1,1,1,2,6,4,0,1,9,0,0,0
2264624,2,9,2,1,2,2,2,2,2,1,0,1,9,6,0,0
8477475,9,9,2,2,2,2,2,0,0,0,0,9,9,0,0,0
6286801,1,9,1,1,1,1,1,1,4,7,3,1,9,10,37500,37500
6619936,0,9,1,2,2,2,2,1,3,15,2,9,1,6,75000,75000
4089338,2,9,2,1,2,2,2,4,4,4,4,1,9,5,0,0
2461227,2,9,1,1,1,1,1,1,4,5,0,1,3,11,75000,75000
8769526,9,9,2,2,2,2,2,0,0,0,0,9,9,0,0,0
2825961,9,9,2,2,2,2,2,0,0,0,0,9,9,0,0,0
1210247,2,9,1,1,1,1,1,1,4,1,1,1,9,10,45000,45000
1894602,2,9,2,1,2,2,2,1,0,1,0,1,9,8,0,0
8863934,1,9,1,1,1,1,1,10,0,2,0,1,9,4,75000,75000
2280731,9,9,2,2,2,2,2,0,0,0,0,9,9,0,0,0
7708275,9,9,2,2,2,2,2,0,0,0,0,9,9,0,0,0
5851532,2,9,2,1,1,1,1,2,2,9,0,1,9,0,0,0
6826560,2,9,2,1,2,2,2,2,0,0,0,1,9,4,0,0
3112284,2,9,2,1,1,1,1,4,0,10,1,1,9,10,31300,31300
3254817,0,9,2,2,2,2,2,0,0,0,0,9,1,0,20000,20000
6961511,2,9,1,1,2,2,2,2,2,2,0,1,9,0,0,0
3568330,2,9,1,1,1,2,2,2,4,6,2,1,9,11,36000,36000
1698304,9,9,2,2,2,2,2,0,0,0,0,9,9,0,0,0
2712398,2,9,1,1,2,2,2,2,4,2,0,1,9,3,0,0
6053207,9,9,2,2,2,2,2,0,0,0,0,9,9,0,0,0
2153028,1,9,1,1,1,1,1,5,0,0,0,1,9,0,14796,14796
3424807,2,9,1,1,2,2,2,1,0,0,0,1,9,5,0,0
3877894,2,9,2,1,2,2,2,0,0,0,0,1,9,0,0,0
4004949,2,9,2,1,1,2,2,0,0,0,0,1,9,0,0,0
1022204,2,9,1,2,2,1,1,2,4,4,2,1,1,4,0,0
5577286,9,9,2,2,2,2,2,0,0,0,0,9,9,0,0,0
5852529,1,9,1,1,1,1,1,0,0,0,0,1,9,0,0,0
4399434,9,9,2,2,2,2,2,0,0,0,0,9,9,0,0,0
8715832,2,9,1,1,1,1,1,1,3,6,1,1,9,10,133260,133260
8818055,2,9,1,1,1,1,1,1,3,4,0,1,9,10,15000,15000
8256496,1,9,1,1,1,1,1,0,0,0,0,1,9,0,25000,25000
3066382,2,9,1,1,1,2,2,3,2,2,1,1,9,9,5000,5000
5500210,2,9,2,1,2,2,2,0,0,0,0,1,9,0,0,0
9335383,0,9,1,2,2,2,2,0,0,0,0,9,1,0,0,0
9710128,9,9,2,2,2,2,2,0,0,0,0,9,9,0,0,0
5476079,0,9,1,2,2,2,2,0,0,0,0,9,1,0,0,0
4544047,2,9,1,1,1,2,2,2,3,4,0,1,9,10,2500,2500
7708916,2,9,2,1,2,2,2,1,2,1,0,1,9,9,0,0
2825838,9,9,2,2,2,2,2,0,0,0,0,9,9,0,0,0
4979138,9,9,2,2,2,2,2,0,0,0,0,9,9,0,0,0
1979419,2,9,2,2,2,1,1,0,0,0,0,1,3,0,0,0
2443537,2,9,2,1,1,1,1,0,0,0,0,1,9,0,0,0
9629461,9,9,2,2,2,2,2,0,0,0,0,9,9,0,0,0
1625956,2,9,1,1,1,1,1,0,0,0,0,1,9,0,0,0
3581066,1,9,1,1,1,1,1,2,5,3,1,1,9,10,0,0
5855566,9,9,2,2,2,2,2,0,0,0,0,9,9,0,0,0
2832841,2,9,1,1,1,1,1,1,1,1,1,1,9,10,0,0
9802151,2,9,1,2,2,1,1,0,0,0,0,1,1,10,10000,10000
5718093,1,9,1,1,1,1,1,0,0,0,0,1,9,0,0,0
3716791,2,9,2,1,1,1,1,1,5,2,0,1,9,8,0,0
6157035,2,9,2,1,2,2,2,0,0,3,0,1,9,0,0,0
2667172,2,9,1,1,1,2,2,2,0,4,0,1,9,11,0,0
5133471,9,9,2,2,2,2,2,0,0,0,0,9,9,0,0,0
8310538,2,9,1,1,1,1,1,1,5,5,1,1,9,0,12500,12500
8321334,2,9,1,1,1,1,1,1,1,3,1,1,9,10,25000,25000
7838161,2,9,2,1,2,2,2,1,3,4,0,1,9,7,0,0
8008387,9,9,2,2,2,2,2,0,0,0,0,9,9,0,0,0
7560958,9,9,2,2,2,2,2,0,0,0,0,9,9,0,0,0
5616013,2,9,1,1,2,2,2,1,1,1,0,1,9,8,0,0
4634129,9,9,2,2,2,2,2,0,0,0,0,9,9,0,0,0
8371503,9,9,2,2,2,2,2,0,0,0,0,9,9,0,0,0
8088228,9,9,2,2,2,2,2,0,0,0,0,9,9,0,0,0
1906658,2,9,1,1,1,1,1,0,0,0,0,1,9,0,0,0
9726657,2,9,1,1,1,2,2,0,0,0,0,1,9,0,0,0
2152853,2,9,2,1,2,2,2,2,4,4,0,1,9,10,0,0
2635962,2,9,1,1,1,1,1,0,0,0,0,1,1,0,0,0
2776650,9,9,2,2,2,2,2,0,0,0,0,9,9,0,0,0
9245699,0,9,2,2,2,2,2,3,7,5,0,9,1,12,25000,25000
1912987,9,9,2,2,2,2,2,0,0,0,0,9,9,0,0,0
4331364,2,9,2,1,2,2,2,3,0,0,0,1,9,8,0,0
4669142,9,9,2,2,2,2,2,0,0,0,0,9,9,0,0,0
2449654,9,9,2,2,2,2,2,0,0,0,0,9,9,0,0,0
7488803,2,9,1,1,1,1,1,2,4,4,0,1,1,10,0,0
4353940,2,9,1,1,1,1,1,2,4,4,0,1,9,10,0,0
5440165,1,9,1,1,1,1,1,0,0,0,0,1,9,0,37500,37500
1110438,2,9,1,1,2,1,2,1,3,3,3,1,9,11,5000,5000
1379827,9,9,2,2,2,2,2,0,0,0,0,9,9,0,0,0
8034381,2,9,2,1,2,2,2,1,2,1,0,1,9,8,0,0
6242256,9,9,2,2,2,2,2,0,0,0,0,9,9,0,0,0
6939398,1,9,1,1,1,1,1,1,10,13,1,1,9,12,75000,75000
6277371,1,9,1,1,1,1,1,0,0,0,0,1,9,0,0,0
2530784,9,9,2,2,2,2,2,0,0,0,0,9,9,0,0,0
5616588,2,9,2,1,2,2,2,1,1,4,0,1,9,9,0,0
8901463,2,9,1,1,2,2,2,2,2,0,0,1,9,5,0,0
8691564,2,9,2,1,2,2,2,0,0,0,0,1,9,4,0,0
2912824,2,9,1,1,1,1,1,0,0,0,0,1,3,0,111804,111804
3778470,1,9,1,1,2,2,2,0,0,0,0,1,9,8,0,0
6673439,9,9,2,2,2,2,2,0,0,0,0,9,9,0,0,0
1768363,2,9,1,1,1,1,1,0,0,0,0,1,9,0,0,0
5567634,9,9,2,2,2,2,2,0,0,0,0,9,9,0,0,0
8602805,2,9,2,1,2,2,2,0,0,0,0,1,9,0,0,0
6483815,2,9,1,1,1,1,1,2,2,2,0,1,3,6,37500,37500
6529043,9,9,2,2,2,2,2,0,0,0,0,9,9,0,0,0
5081328,9,9,2,2,2,2,2,0,0,0,0,9,9,0,0,0
6179294,1,9,2,1,2,2,2,2,0,2,0,1,9,7,0,0
3707281,2,9,1,1,2,2,2,0,0,0,0,1,9,0,0,0
1665665,2,9,1,1,1,1,1,3,2,2,0,1,9,10,0,0
8155811,2,9,2,1,1,1,1,1,4,2,0,1,9,11,33500,33500
8985173,9,9,2,2,2,2,2,0,0,0,0,9,9,0,0,0
3557784,1,9,1,1,1,1,1,0,0,0,0,1,9,0,25000,25000
9408702,9,9,2,2,2,2,2,0,0,0,0,9,9,0,0,0
9150584,9,9,2,2,2,2,2,0,0,0,0,9,9,0,0,0
1739889,0,9,2,2,2,2,2,1,2,6,0,9,1,10,25000,25000
6326847,2,9,1,1,2,2,2,1,1,1,0,1,9,8,0,0
1346492,1,9,1,1,1,1,1,6,8,6,1,1,9,10,0,0
9395110,9,9,2,2,2,2,2,0,0,0,0,9,9,0,0,0
8276051,1,9,1,1,2,2,2,1,3,0,0,1,9,10,0,0
9491687,2,9,1,1,2,2,2,0,0,0,0,1,9,0,0,0
8914362,9,9,2,2,2,2,2,0,0,0,0,9,9,0,0,0
5208376,1,9,1,1,1,1,1,1,1,10,0,1,9,10,25000,25000
8323784,9,9,2,2,2,2,2,0,0,0,0,9,9,0,0,0
9765187,0,9,1,2,2,2,2,1,2,1,0,9,1,4,25000,25000
1261216,1,9,2,2,2,2,2,0,0,0,0,1,9,0,0,0
6589571,9,9,2,2,2,2,2,0,0,0,0,9,9,0,0,0
7357435,9,9,2,2,2,2,2,0,0,0,0,9,9,0,0,0
8285745,9,9,2,2,2,2,2,0,0,0,0,9,9,0,0,0
4875469,9,9,2,2,2,2,2,0,0,0,0,9,9,0,0,0
3821892,9,9,2,2,2,2,2,0,0,0,0,9,9,0,0,0
4783284,9,9,2,2,2,2,2,0,0,0,0,9,9,0,0,0
1666568,0,9,1,2,2,2,2,2,1,1,0,9,1,7,25000,23939
8403682,2,9,1,1,1,1,1,1,3,0,0,1,9,16,24999,24999
7103591,2,9,1,1,1,1,1,1,0,0,0,1,1,10,0,0
5345467,2,9,1,1,1,1,1,0,0,0,0,1,9,10,0,0
8619599,2,9,1,1,1,1,1,0,0,0,0,1,9,15,23652,23652
8972092,0,9,2,2,2,2,2,0,0,0,0,9,1,0,0,0
1101720,2,9,1,1,1,1,1,2,3,10,1,1,9,9,32870,32870
7968454,9,9,2,2,2,2,2,0,0,0,0,9,9,0,0,0
3868800,2,9,1,1,1,1,1,0,0,0,0,1,1,0,0,0
2654687,2,9,2,2,2,2,2,0,0,0,1,1,9,1,0,0
2577827,2,9,1,1,1,1,1,0,0,0,0,1,9,0,5000,5000
5364625,2,9,2,1,1,1,1,0,0,0,0,1,9,10,31127,31127
8894308,2,9,2,2,1,2,1,2,0,0,0,1,9,3,0,0
1806139,2,9,1,1,1,1,1,1,8,7,2,1,9,8,37500,37500
9594806,9,9,2,2,2,2,2,0,0,0,0,9,9,0,0,0
6635035,2,9,1,1,1,1,1,2,3,9,0,1,9,12,0,0
7876036,0,9,2,2,2,2,2,0,3,3,1,9,1,8,0,0
6753552,9,9,2,2,2,2,2,0,0,0,0,9,9,0,0,0
3891627,2,9,1,1,1,1,1,1,4,4,4,1,9,8,25000,25000
6416364,9,9,2,2,2,2,2,0,0,0,0,9,9,0,0,0
8209843,9,9,2,2,2,2,2,0,0,0,0,9,9,0,0,0
4696636,2,9,2,1,1,2,2,0,0,0,0,1,9,0,0,0
6301158,2,9,2,1,2,2,2,3,3,3,3,1,9,6,0,0
2793818,9,9,2,2,2,2,2,0,0,0,0,9,9,0,0,0
8178494,9,9,2,2,2,2,2,0,0,0,0,9,9,0,0,0
6660160,9,9,2,2,2,2,2,0,0,0,0,9,9,0,0,0
7514633,2,9,2,1,1,1,1,0,0,0,0,1,9,0,20000,20000
2105687,2,9,1,1,2,2,2,0,0,0,0,1,9,11,0,0
8568693,9,9,2,2,2,2,2,0,0,0,0,9,9,0,0,0
1925695,9,9,2,2,2,2,2,0,0,0,0,9,9,0,0,0
8604012,2,9,1,1,1,1,1,1,4,4,2,1,9,6,5000,5000
3551844,9,9,2,2,2,2,2,0,0,0,0,9,9,0,0,0
4911538,1,9,1,1,1,1,1,1,3,1,0,1,9,10,37500,37500
3891156,2,9,2,1,2,2,2,1,2,1,0,1,9,5,0,0
8174345,2,9,1,1,1,1,1,2,6,4,0,1,9,4,25000,20000
4314017,2,9,1,1,2,2,2,1,5,4,0,1,9,6,0,0
7365407,2,9,1,1,1,1,1,2,5,1,1,1,9,11,0,0
8914226,2,9,1,1,1,1,1,1,7,4,0,1,9,10,20000,20000
1254310,9,9,2,2,2,2,2,0,0,0,0,9,9,0,0,0
4912460,9,9,2,2,2,2,2,0,0,0,0,9,9,0,0,0
1104890,2,9,1,1,1,2,2,0,0,0,0,1,9,10,50000,50000
8600781,2,9,1,1,1,1,1,2,8,10,0,1,9,10,75000,75000
3799766,2,9,2,1,1,1,1,1,7,9,2,1,1,6,75000,0
4590458,9,9,2,2,2,2,2,0,0,0,0,9,9,0,0,0
8905946,2,9,2,1,1,1,1,5,3,3,2,1,9,9,0,0
1766715,2,9,1,1,2,2,2,8,2,4,1,1,9,10,0,0
8864437,1,9,1,1,1,1,1,5,5,5,5,1,9,5,75000,75000
6112621,2,9,2,1,1,1,1,4,1,0,0,1,9,4,0,0
8855233,1,9,1,1,1,1,1,11,4,4,0,1,9,12,75000,75000
3589933,2,9,2,1,1,2,2,4,2,2,2,1,9,0,25000,25000
3677714,1,9,2,1,1,1,1,5,5,5,5,1,9,8,22899,22899
7026268,9,9,2,2,2,2,2,0,0,0,0,9,9,0,0,0
1608595,2,9,2,1,2,2,2,1,3,4,0,1,9,5,0,0
9734011,2,9,1,1,2,2,2,1,1,0,0,1,9,10,0,0
5484113,1,9,1,1,1,1,1,0,0,0,0,1,9,0,75000,75000
1462536,9,9,2,2,2,2,2,0,0,0,0,9,9,0,0,0
2541087,9,9,2,2,2,2,2,0,0,0,0,9,9,0,0,0
4156300,9,9,2,2,2,2,2,0,0,0,0,9,9,0,0,0
2100462,2,9,1,1,1,1,1,0,0,0,0,1,9,9,25000,25000
1976130,2,9,2,1,1,1,1,2,3,3,0,1,9,5,12500,12500
1467295,2,9,2,1,1,1,1,0,0,0,0,1,1,0,37500,0
7506559,2,9,1,1,2,2,2,0,0,0,0,1,9,0,0,0
5765052,1,9,2,1,2,2,2,3,3,0,0,1,9,11,0,0
6290121,0,9,1,2,2,2,2,0,0,7,1,9,1,11,25000,24696
7040892,2,9,1,1,1,1,1,0,0,0,0,1,9,0,5000,5000
2574038,2,9,1,1,1,1,1,4,8,6,0,1,9,5,0,0
5735742,2,9,2,1,2,2,2,2,0,2,0,1,9,5,0,0
3335524,2,9,1,1,1,1,1,2,2,1,0,1,9,15,0,0
9592021,2,9,2,1,1,1,1,3,2,1,0,1,9,11,0,0
5904434,2,9,1,1,1,1,1,1,1,0,0,1,9,8,12000,12000
8763554,2,9,1,1,1,1,1,0,2,0,2,1,9,2,0,0
5784207,1,9,1,1,1,1,1,0,0,0,0,1,9,0,0,0
7632913,2,9,1,1,1,1,1,0,0,0,0,1,3,0,0,0
9686882,2,9,1,1,1,1,1,1,1,1,1,1,9,7,15000,15000
1529369,9,9,2,2,2,2,2,0,0,0,0,9,9,0,0,0
6491911,9,9,2,2,2,2,2,0,0,0,0,9,9,0,0,0
7852189,9,9,2,2,2,2,2,0,0,0,0,9,9,0,0,0
2880854,2,9,1,1,1,2,2,2,10,1,10,1,9,11,0,0
8372285,1,9,2,1,1,1,1,0,0,0,0,1,9,12,0,0
5636849,2,9,1,1,1,2,2,2,10,1,10,1,9,11,0,0
6492778,2,9,2,1,1,2,2,1,1,0,0,1,9,9,0,0
4045188,9,9,2,2,2,2,2,0,0,0,0,9,9,0,0,0
9907844,0,9,1,2,2,2,2,1,0,0,1,9,1,6,0,0
8593713,2,9,1,1,1,1,1,1,5,3,0,1,9,11,12500,12500
8153152,1,9,1,1,1,1,1,0,0,0,0,1,9,10,12000,12000
5691509,9,9,2,2,2,2,2,0,0,0,0,9,9,0,0,0
6641137,2,9,2,1,1,1,1,3,2,1,0,1,9,11,12500,12500
6872914,2,9,1,1,1,1,1,2,3,3,0,1,9,12,25000,25000
7775611,2,9,2,2,1,2,2,1,1,1,1,1,9,4,0,0
1140694,2,9,2,2,1,2,2,0,0,0,0,1,9,6,0,0
5979370,9,9,2,2,2,2,2,0,0,0,0,9,9,0,0,0
6248919,2,9,1,1,1,1,1,0,0,0,0,1,9,6,0,0
1779484,9,9,2,2,2,2,2,0,0,0,0,9,9,0,0,0
2755192,9,9,2,2,2,2,2,0,0,0,0,9,9,0,0,0
3155579,9,9,2,2,2,2,2,0,0,0,0,9,9,0,0,0
9033924,9,9,2,2,2,2,2,0,0,0,0,9,9,0,0,0
1159840,1,9,2,1,1,1,1,1,5,3,1,1,9,0,0,0
8087718,2,9,1,1,1,2,1,0,0,0,0,1,9,0,0,0
8813929,2,9,1,1,1,2,2,1,1,3,4,1,9,0,0,0
4331917,0,9,2,2,2,2,2,1,0,3,1,9,1,0,0,0
6220520,9,9,2,2,2,2,2,0,0,0,0,9,9,0,0,0
6279286,2,9,1,2,2,2,2,0,0,0,0,1,9,0,0,0
2377699,9,9,2,2,2,2,2,0,0,0,0,9,9,0,0,0
1980362,2,9,1,1,1,1,1,1,1,1,0,1,9,11,5000,5000
6592839,2,9,2,1,1,1,1,2,0,11,1,1,9,11,37000,37000
3712971,2,9,1,1,2,2,2,0,0,0,0,1,9,0,0,0
5308213,2,9,1,1,2,2,2,2,0,4,0,1,9,4,0,0
9824803,1,9,1,1,1,1,1,2,2,5,2,1,9,10,0,0
6167255,9,9,2,2,2,2,2,0,0,0,0,9,9,0,0,0
1859696,2,9,1,1,1,1,1,0,0,0,0,1,9,0,0,0
1078819,1,9,2,1,2,2,2,0,1,0,2,1,9,10,0,0
8038476,9,9,2,2,2,2,2,0,0,0,0,9,9,0,0,0
2176765,9,9,2,2,2,2,2,0,0,0,0,9,9,0,0,0
1551358,9,9,2,2,2,2,2,0,0,0,0,9,9,0,0,0
1809691,9,9,2,2,2,2,2,0,0,0,0,9,9,0,0,0
4320968,2,9,1,1,2,2,2,1,2,0,0,1,9,9,0,0
6685698,2,9,2,1,2,2,2,0,0,0,0,1,9,10,0,0
4880549,2,9,2,1,2,2,2,3,1,1,1,1,9,7,0,0
8587002,9,9,2,2,2,2,2,0,0,0,0,9,9,0,0,0
1072624,2,9,2,1,2,2,2,0,0,0,0,1,9,10,0,0
5031465,9,9,2,2,2,2,2,0,0,0,0,9,9,0,0,0
4062939,9,9,2,2,2,2,2,0,0,0,0,9,9,0,0,0
2846972,9,9,2,2,2,2,2,0,0,0,0,9,9,0,0,0
6679431,2,9,1,1,2,2,2,0,0,0,0,1,9,0,0,0
8396715,9,9,2,2,2,2,2,0,0,0,0,9,9,0,0,0
4278190,9,9,2,2,2,2,2,0,0,0,0,9,9,0,0,0
1027228,2,9,1,1,1,1,1,0,0,12,0,1,9,0,37500,0
7460065,2,9,2,1,2,2,2,0,0,0,0,1,9,0,0,0
2512943,2,9,1,1,1,1,1,12,12,10,3,1,9,11,0,0
4694806,2,9,1,1,1,1,1,1,8,19,0,1,9,10,50000,50000
3342853,1,9,1,1,1,1,1,1,5,7,1,1,9,8,37500,36094
5726044,2,9,1,1,1,1,1,3,3,1,0,1,9,10,9000,9000
7558468,9,9,2,2,2,2,2,0,0,0,0,9,9,0,0,0
3944822,9,9,2,2,2,2,2,0,0,0,0,9,9,0,0,0
5314930,9,9,2,2,2,2,2,0,0,0,0,9,9,0,0,0
8196291,2,9,1,1,1,1,1,0,0,0,0,1,9,0,37500,37500
3785953,2,9,1,1,2,2,2,1,1,1,0,1,9,5,0,0
7140340,2,9,1,1,1,1,1,0,0,0,0,1,3,0,0,0
7472043,2,9,2,2,2,2,2,0,0,0,0,1,9,0,0,0
1482805,2,9,2,1,2,2,2,2,2,2,0,1,9,2,0,0
3842744,2,9,1,1,1,1,1,2,2,0,0,1,9,9,0,0
8685349,2,9,1,1,1,1,1,2,4,10,1,1,1,8,50000,50000
9851984,2,9,1,1,1,2,2,1,3,3,0,1,9,13,3286,3286
7694868,2,9,1,1,1,1,1,1,4,0,0,1,9,16,25000,25000
4164802,2,9,2,1,1,1,1,1,2,0,0,1,9,10,12497,12497
8675675,2,9,1,1,1,1,1,0,0,0,0,1,9,9,0,0
4533743,2,9,2,1,2,2,2,1,1,1,0,1,9,4,0,0
4351848,9,9,2,2,2,2,2,0,0,0,0,9,9,0,0,0
9735319,2,9,1,1,1,1,1,0,0,0,0,1,9,0,0,0
5717832,2,9,2,1,1,1,1,0,0,0,0,1,9,0,12500,12500
7676779,2,9,2,1,2,2,2,1,0,2,0,1,9,10,0,0
7924435,2,9,1,1,1,2,2,3,3,0,0,1,9,15,0,0
9953906,9,9,2,2,2,2,2,0,0,0,0,9,9,0,0,0
8691837,2,9,2,1,2,2,2,2,4,4,0,1,9,10,0,0
4186406,9,9,2,2,2,2,2,0,0,0,0,9,9,0,0,0
4296147,1,9,1,1,1,1,1,10,12,8,0,1,9,12,12500,12500
3221737,9,9,2,2,2,2,2,0,0,0,0,9,9,0,0,0
1425656,2,9,2,1,2,2,2,2,0,2,0,1,9,9,0,0
7167044,1,9,1,1,2,1,2,2,4,6,0,1,9,10,0,0
5736476,2,9,2,1,2,2,2,1,1,1,0,1,9,8,0,0
8094615,1,9,1,1,1,1,1,2,5,3,1,1,9,0,18461,18461
4420199,9,9,2,2,2,2,2,0,0,0,0,9,9,0,0,0
7995629,9,9,2,2,2,2,2,0,0,0,0,9,9,0,0,0
9334269,9,9,2,2,2,2,2,0,0,0,0,9,9,0,0,0
7829335,9,9,2,2,2,2,2,0,0,0,0,9,9,0,0,0
3785330,0,9,2,2,2,1,1,5,10,2,1,1,1,5,8000,8000
9138148,2,9,1,1,1,1,1,1,2,1,0,1,1,2,37502,37502
9776775,0,9,1,2,2,2,2,3,3,4,2,9,1,0,12500,12500
2156313,9,9,2,2,2,2,2,0,0,0,0,9,9,0,0,0
9063430,0,9,2,2,2,2,2,6,6,3,0,9,1,11,25000,25000
7295927,2,9,1,1,1,1,1,2,6,4,1,1,9,10,0,0
2461393,9,9,2,2,2,2,2,0,0,0,0,9,9,0,0,0
3014930,9,9,2,2,2,2,2,0,0,0,0,9,9,0,0,0
4406599,1,9,1,1,1,1,1,4,5,4,1,1,9,16,25000,25000
5424657,0,9,1,2,2,2,2,2,4,4,2,9,1,5,45000,40000
1940857,1,9,1,1,1,1,1,0,0,0,0,1,9,5,75000,75000
8188375,2,9,1,1,1,1,1,2,0,5,0,1,9,10,0,0
7283325,9,9,2,2,2,2,2,0,0,0,0,9,9,0,0,0
2128198,9,9,2,2,2,2,2,0,0,0,0,9,9,0,0,0
8738984,2,9,2,1,1,1,1,0,2,2,0,1,9,2,37500,37500
8306198,2,9,1,1,1,1,1,12,2,10,0,1,9,12,75000,75000
3717799,1,9,1,1,1,1,1,10,4,10,5,1,9,14,75000,75000
9789503,2,9,1,1,1,1,1,8,3,2,2,1,9,8,25000,25000
1278213,2,9,1,1,1,1,1,13,2,10,1,1,9,11,80000,80000
4030802,2,9,1,2,2,2,2,0,0,0,0,1,9,8,0,0
1464412,2,9,2,2,1,2,2,1,0,0,1,1,9,4,0,0
8462063,2,9,2,1,1,1,1,0,0,0,0,1,9,0,0,0
2835996,2,9,1,1,1,2,2,1,0,2,0,1,9,11,36910,36910
4502341,2,9,2,1,2,2,2,0,0,0,0,1,9,0,0,0
5899199,0,9,1,2,2,2,2,0,0,0,0,9,1,0,0,0
5916642,2,9,1,1,2,2,2,1,1,1,0,1,9,6,0,0
1640909,2,9,1,1,1,1,1,6,4,0,0,1,9,10,0,0
5836070,2,9,1,1,1,1,1,0,0,0,0,1,9,0,0,0
4147360,9,9,2,2,2,2,2,0,0,0,0,9,9,0,0,0
3777342,2,9,2,1,1,1,1,1,10,5,1,1,9,10,22500,22500
8414735,9,9,2,2,2,2,2,0,0,0,0,9,9,0,0,0
5722194,2,9,1,1,1,1,1,9,0,9,0,1,9,10,12500,12500
8161034,9,9,2,2,2,2,2,0,0,0,0,9,9,0,0,0
9847410,2,9,1,1,1,1,1,2,2,2,2,1,9,8,25000,25000
1210708,2,9,1,1,2,2,2,4,1,3,0,1,9,11,0,0
7956966,2,9,2,1,2,2,2,1,0,0,0,1,9,6,0,0
8694391,9,9,2,2,2,2,2,0,0,0,0,9,9,0,0,0
7372661,1,9,2,1,1,1,1,10,5,10,5,1,9,10,0,0
9625982,2,9,1,2,2,2,2,2,3,1,0,1,1,3,10000,7000
9952169,9,9,2,2,2,2,2,0,0,0,0,9,9,0,0,0
1499838,2,9,2,2,2,2,2,1,1,1,1,2,9,0,0,0
3248979,9,9,2,2,2,2,2,0,0,0,0,9,9,0,0,0
6468825,9,9,2,2,2,2,2,0,0,0,0,9,9,0,0,0
9082479,2,9,1,1,2,2,2,1,1,2,0,1,9,7,0,0
7088578,2,9,1,1,1,1,1,2,1,2,1,1,3,4,0,0
6882971,9,9,2,2,2,2,2,0,0,0,0,9,9,0,0,0
5588215,2,9,1,1,1,1,1,2,6,4,0,1,9,8,0,0
2466658,9,9,2,2,2,2,2,0,0,0,0,9,9,0,0,0
2655009,1,9,1,1,1,1,1,1,0,4,0,1,9,10,25000,25000
7922548,9,9,2,2,2,2,2,0,0,0,0,9,9,0,0,0
5991739,9,9,2,2,2,2,2,0,0,0,0,9,9,0,0,0
6256214,9,9,2,2,2,2,2,0,0,0,0,9,9,0,0,0
2078710,9,9,2,2,2,2,2,0,0,0,0,9,9,0,0,0
9469811,9,9,2,2,2,2,2,0,0,0,0,9,9,0,0,0
3933048,2,9,1,1,1,1,1,0,0,0,0,1,9,0,0,0
5524663,2,9,1,1,1,2,2,4,5,3,1,1,9,12,0,0
4975524,1,9,1,1,1,2,2,1,2,2,6,1,9,0,0,0
9317806,9,9,2,2,2,2,2,0,0,0,0,9,9,0,0,0
2882001,2,9,2,1,2,2,2,0,0,0,0,1,9,0,0,0
1117458,9,9,2,2,2,2,2,0,0,0,0,9,9,0,0,0
1410951,2,9,2,2,2,2,2,0,0,0,0,2,9,0,0,0
7961499,2,9,1,1,1,1,1,0,0,0,0,1,1,0,0,0
4746663,2,9,1,1,1,1,1,1,5,0,0,1,9,10,15000,15000
5970163,9,9,2,2,2,2,2,0,0,0,0,9,9,0,0,0
4701048,9,9,2,2,2,2,2,0,0,0,0,9,9,0,0,0
3962097,9,9,2,2,2,2,2,0,0,0,0,9,9,0,0,0
5369754,2,9,2,1,2,2,2,1,1,0,0,1,9,11,0,0
3088197,2,9,2,1,2,2,2,1,2,1,0,1,9,4,0,0
1417732,9,9,2,2,2,2,2,0,0,0,0,9,9,0,0,0
5676577,9,9,2,2,2,2,2,0,0,0,0,9,9,0,0,0
2548063,1,9,1,1,1,1,1,1,4,1,0,1,9,9,36000,36000
7692368,2,9,1,1,1,1,1,2,4,4,0,1,9,10,12500,12500
4519978,2,9,2,1,2,2,2,2,4,4,0,1,9,10,0,0
4062554,9,9,2,2,2,2,2,0,0,0,0,9,9,0,0,0
5861620,9,9,2,2,2,2,2,0,0,0,0,9,9,0,0,0
7305402,1,9,2,1,2,2,2,2,1,2,0,1,9,8,0,0
9691919,2,9,2,1,2,2,2,0,0,0,0,1,9,0,0,0
2366164,2,9,2,2,2,2,2,1,0,0,0,1,9,0,0,0
9881024,9,9,2,2,2,2,2,0,0,0,0,9,9,0,0,0
2577945,2,9,1,1,2,2,2,1,2,1,0,1,9,9,0,0
9783889,2,9,1,1,2,2,2,0,0,0,0,1,9,0,0,0
9932656,9,9,2,2,2,2,2,0,0,0,0,9,9,0,0,0
8367267,2,9,2,2,1,2,1,1,0,0,0,1,9,0,0,0
5426191,2,9,1,1,1,2,2,0,0,0,0,1,9,0,0,0
7076526,2,9,1,1,1,1,1,0,0,0,0,1,9,0,5000,5000
6089121,2,9,1,1,1,1,1,4,5,1,3,1,9,12,18490,18490
9813084,2,9,2,1,1,2,2,1,1,4,0,1,9,10,5000,5000
2962034,9,9,2,2,2,2,2,0,0,0,0,9,9,0,0,0
2042691,9,9,2,2,2,2,2,0,0,0,0,9,9,0,0,0
6535220,9,9,2,2,2,2,2,0,0,0,0,9,9,0,0,0
2610992,2,9,1,1,2,2,2,4,2,4,0,1,9,10,0,0
8104493,9,9,2,2,2,2,2,0,0,0,0,9,9,0,0,0
2268851,9,9,2,2,2,2,2,0,0,0,0,9,9,0,0,0
4590352,1,9,1,1,1,1,1,1,2,3,0,1,9,11,37500,37500
7478484,2,9,2,1,1,1,1,3,4,2,0,1,1,11,0,0
7644398,1,9,1,1,1,1,1,5,5,1,0,1,1,12,25000,25000
5394863,9,9,2,2,2,2,2,0,0,0,0,9,9,0,0,0
8571947,2,9,1,1,2,2,2,0,0,0,0,1,9,10,0,0
5730762,2,9,1,1,2,2,2,2,2,0,0,1,9,13,0,0
1792431,2,9,1,1,1,1,1,1,2,3,2,1,9,11,25000,25000
4669619,2,9,1,1,1,1,1,0,0,0,0,1,9,0,25000,25000
2041169,2,9,1,1,1,1,1,0,0,0,0,1,9,0,12500,12500
3252274,2,9,1,1,2,2,2,0,0,0,0,1,9,0,0,0
4006061,9,9,2,2,2,2,2,0,0,0,0,9,9,0,0,0
6031920,9,9,2,2,2,2,2,0,0,0,0,9,9,0,0,0
9410820,9,9,2,2,2,2,2,0,0,0,0,9,9,0,0,0
3496035,9,9,2,2,2,2,2,0,0,0,0,9,9,0,0,0
1537582,2,9,1,1,1,1,1,4,4,0,0,1,9,8,45000,45000
1614162,9,9,2,2,2,2,2,0,0,0,0,9,9,0,0,0
3649593,2,9,2,1,2,2,2,0,0,0,0,1,9,6,0,0
7283123,2,9,1,1,1,1,1,0,0,0,0,1,9,0,5000,5000
3517535,9,9,2,2,2,2,2,0,0,0,0,9,9,0,0,0
3534586,1,9,1,1,1,1,1,2,2,3,0,1,9,5,7500,7500
3505066,2,9,1,1,1,1,1,2,3,5,0,1,9,10,0,0
7636268,9,9,2,2,2,2,2,0,0,0,0,9,9,0,0,0
9792835,2,9,1,1,1,2,2,0,0,0,0,1,9,0,0,0
4566249,2,9,2,1,1,1,1,1,6,10,1,1,9,10,0,0
1827791,2,9,1,1,1,1,1,2,8,6,3,1,9,10,12000,12000
7049317,2,9,1,1,1,1,1,0,0,0,0,1,9,0,0,0
2158592,2,9,2,1,2,2,2,0,0,0,0,1,9,10,0,0
9625596,9,9,2,2,2,2,2,0,0,0,0,9,9,0,0,0
3749361,9,9,2,2,2,2,2,0,0,0,0,9,9,0,0,0
4334254,9,9,2,2,2,2,2,0,0,0,0,9,9,0,0,0
9951375,9,9,2,2,2,2,2,0,0,0,0,9,9,0,0,0
9595912,2,9,1,1,2,2,2,0,0,0,0,1,9,0,0,0
6834414,2,9,1,1,1,1,1,2,6,4,0,1,9,8,10000,10000
2807599,9,9,2,2,2,2,2,0,0,0,0,9,9,0,0,0
2589453,9,9,2,2,2,2,2,0,0,0,0,9,9,0,0,0
9939185,9,9,2,2,2,2,2,0,0,0,0,9,9,0,0,0
8485585,2,9,1,1,1,2,2,1,0,3,1,1,9,8,25000,25000
9647471,2,9,1,1,1,2,2,0,0,0,0,1,9,0,0,0
5141009,9,9,2,2,2,2,2,0,0,0,0,9,9,0,0,0
6273060,2,9,1,1,1,1,1,1,1,10,1,1,9,11,37000,37000
4045332,2,9,1,1,1,2,2,1,4,3,2,1,9,10,250000,25000
9619038,9,9,2,2,2,2,2,0,0,0,0,9,9,0,0,0
5547109,2,9,2,1,2,2,2,4,4,4,4,1,9,0,0,0
1660307,2,9,1,1,1,1,1,0,0,0,0,1,9,5,0,0
9071034,2,9,2,1,1,1,1,16,15,5,0,1,9,8,0,0
9895872,9,9,2,2,2,2,2,0,0,0,0,9,9,0,0,0
1314874,2,9,1,1,1,1,1,5,5,5,5,1,9,8,98340,98340
4054044,2,9,1,1,1,1,1,1,5,5,5,1,9,11,800000,80000
2632621,0,9,1,2,2,2,2,0,0,0,0,9,2,0,0,0
7592471,9,9,2,2,2,2,2,0,0,0,0,9,9,0,0,0
1530756,9,9,2,2,2,2,2,0,0,0,0,9,9,0,0,0
8995029,9,9,2,2,2,2,2,0,0,0,0,9,9,0,0,0
8120347,2,9,2,1,2,2,2,0,0,0,0,1,9,0,0,0
7819728,1,9,1,1,1,1,1,2,1,7,1,1,9,8,44224,44224
9962840,0,9,1,2,2,1,1,0,0,0,0,1,1,0,23499,23499
1360084,9,9,2,2,2,2,2,0,0,0,0,9,9,0,0,0
2517387,2,9,2,1,2,2,2,3,1,4,0,1,9,10,0,0
3414602,2,9,2,1,1,2,2,11,0,5,6,1,9,11,12500,12500
2285881,2,9,2,1,1,1,1,1,3,0,0,1,9,10,25000,25000
8684973,2,9,1,1,1,1,1,0,0,0,0,1,1,0,0,0
4638801,2,9,2,1,1,1,1,2,2,2,0,1,9,8,12000,0
7272592,9,9,2,2,2,2,2,0,0,0,0,9,9,0,0,0
9096649,0,9,2,2,2,2,2,1,1,0,0,9,1,4,21005,21005
6232013,2,9,2,1,1,1,1,12,2,5,0,1,9,0,35000,35000
4354027,2,9,1,1,1,1,1,0,0,0,0,1,9,5,0,0
8538955,2,9,2,1,2,2,2,0,0,0,0,1,9,0,0,0
8954126,2,9,1,1,1,1,1,0,0,0,0,1,9,0,8016,8016
7051666,9,9,2,2,2,2,2,0,0,0,0,9,9,0,0,0
3956362,9,9,2,2,2,2,2,0,0,0,0,9,9,0,0,0
7314361,2,9,1,1,1,1,1,0,0,0,0,1,9,0,37500,0
6311269,9,9,2,2,2,2,2,0,0,0,0,9,9,0,0,0
5706276,9,9,2,2,2,2,2,0,0,0,0,9,9,0,0,0
8072641,2,9,1,1,1,1,1,1,4,6,1,1,9,10,12000,12000
3210549,9,9,2,2,2,2,2,0,0,0,0,9,9,0,0,0
3705490,9,9,2,2,2,2,2,0,0,0,0,9,9,0,0,0
4768126,9,9,2,2,2,2,2,0,0,0,0,9,9,0,0,0
1026618,2,9,1,1,1,2,2,1,6,5,1,1,9,10,25000,25000
4911838,2,9,1,1,1,1,1,0,0,0,0,1,9,0,0,0
4863414,2,9,1,1,2,2,2,1,2,0,0,1,9,1,0,0
6170833,9,9,2,2,2,2,2,0,0,0,0,9,9,0,0,0
7278736,2,9,2,1,1,1,1,2,10,8,2,1,9,10,15000,15000
6836300,2,9,1,1,2,2,2,11,0,2,1,1,9,11,0,0
4462644,2,9,2,1,2,2,2,2,0,0,0,1,9,2,0,0
7400524,2,9,1,2,2,2,2,3,5,7,4,1,1,0,0,0
8112464,2,9,2,1,2,2,2,2,0,3,0,1,9,9,0,0
9066388,2,9,1,1,2,2,2,2,1,0,0,1,9,6,0,0
3598746,2,9,2,1,2,2,2,3,0,3,0,1,9,10,0,0
5770612,9,9,2,2,2,2,2,0,0,0,0,9,9,0,0,0
5363710,2,9,1,2,1,2,2,1,0,2,0,1,9,9,0,0
9173611,2,9,1,1,1,2,2,2,10,15,10,1,9,11,0,0
2606007,9,9,2,2,2,2,2,0,0,0,0,9,9,0,0,0
6340482,2,9,1,1,1,1,1,0,0,0,0,1,1,0,0,0
4026708,9,9,2,2,2,2,2,0,0,0,0,9,9,0,0,0
5758427,2,9,1,1,1,1,1,0,0,0,0,1,9,0,3000,3000
4955772,2,9,1,1,2,2,2,2,5,3,0,1,9,0,0,0
4448978,9,9,2,2,2,2,2,0,0,0,0,9,9,0,0,0
1182531,2,9,1,1,1,1,1,1,2,4,0,1,1,10,0,0
2032470,2,9,1,1,1,2,2,2,2,7,0,1,9,0,0,0
9889197,2,9,1,1,1,2,2,1,0,4,0,1,9,11,0,0
4266129,9,9,2,2,2,2,2,0,0,0,0,9,9,0,0,0
2834891,1,9,2,1,1,1,1,2,7,4,3,1,9,10,96000,96000
5665279,2,9,1,1,1,1,1,2,5,4,0,1,9,11,5000,5000
5696499,9,9,2,2,2,2,2,0,0,0,0,9,9,0,0,0
7622081,9,9,2,2,2,2,2,0,0,0,0,9,9,0,0,0
7793283,2,9,1,1,1,1,1,2,2,1,0,1,9,0,0,0
9068216,9,9,2,2,2,2,2,0,0,0,0,9,9,0,0,0
9179137,9,9,2,2,2,2,2,0,0,0,0,9,9,0,0,0
3889431,9,9,2,2,2,2,2,0,0,0,0,9,9,0,0,0
7218966,1,9,2,2,2,2,2,0,0,0,0,1,9,0,0,0
9104927,9,9,2,2,2,2,2,0,0,0,0,9,9,0,0,0
7942755,9,9,2,2,2,2,2,0,0,0,0,9,9,0,0,0
7203102,2,9,1,2,2,2,2,3,0,0,2,1,9,0,0,0
5449549,2,9,1,1,2,1,2,0,0,0,0,1,9,0,0,0
8494066,1,9,1,1,1,2,2,0,0,0,0,1,9,11,5000,0
5824009,2,9,2,2,2,2,2,1,1,1,1,1,9,1,0,0
9725542,2,9,1,1,2,1,2,1,3,2,2,1,9,7,0,0
3009500,9,9,2,2,2,2,2,0,0,0,0,9,9,0,0,0
9365343,0,9,2,2,2,2,2,0,0,0,0,1,2,0,0,0
2265925,2,9,1,1,1,2,2,1,1,1,0,1,9,10,0,0
3937394,9,9,2,2,2,2,2,0,0,0,0,9,9,0,0,0
7148997,0,9,2,2,2,2,2,0,0,0,0,9,1,4,0,0
8190070,9,9,2,2,2,2,2,0,0,0,0,9,9,0,0,0
6428325,2,9,1,1,2,2,2,2,2,1,1,1,9,8,0,0
5004676,2,9,1,1,1,1,1,2,8,2,1,1,9,0,37500,37500
9714283,2,9,2,1,1,2,2,10,0,0,0,1,9,4,5000,5000
3047122,2,9,1,1,1,1,1,1,2,2,0,1,9,11,12500,12500
5537003,9,9,2,2,2,2,2,0,0,0,0,9,9,0,0,0
1266744,9,9,2,2,2,2,2,0,0,0,0,9,9,0,0,0
2742466,9,9,2,2,2,2,2,0,0,0,0,9,9,0,0,0
6899774,9,9,2,2,2,2,2,0,0,0,0,9,9,0,0,0
4204579,2,9,2,1,1,1,1,1,2,2,1,1,9,0,150000,0
8441816,2,9,2,1,1,1,1,2,4,4,0,1,9,10,37500,37500
4062671,9,9,2,2,2,2,2,0,0,0,0,9,9,0,0,0
6294205,0,9,2,2,2,2,2,2,6,6,1,9,1,10,0,0
8354348,2,9,1,1,1,1,1,0,0,0,0,1,1,0,0,0
9456321,9,9,2,2,2,2,2,0,0,0,0,9,9,0,0,0
4789805,2,9,1,1,1,1,1,12,5,5,0,1,9,0,37500,37500
4687797,2,9,1,1,2,2,2,0,0,0,0,1,9,0,0,0
8924904,9,9,2,2,2,2,2,0,0,0,0,9,9,0,0,0
3046135,2,9,2,1,2,1,2,1,2,1,1,1,9,8,50000,50000
9051046,9,9,2,2,2,2,2,0,0,0,0,9,9,0,0,0
2981084,1,9,1,1,1,1,1,0,0,0,0,1,9,8,40000,40000
5341598,9,9,2,2,2,2,2,0,0,0,0,9,9,0,0,0
3139694,2,9,1,2,2,2,2,2,4,4,0,1,9,0,0,0
8214212,2,9,1,1,2,2,2,0,0,0,0,1,9,0,0,0
8009367,9,9,2,2,2,2,2,0,0,0,0,9,9,0,0,0
4771607,9,9,2,2,2,2,2,0,0,0,0,9,9,0,0,0
3646692,2,9,1,1,1,1,1,3,15,9,3,1,9,0,0,0
3806847,2,9,2,1,2,2,2,1,1,0,0,1,9,4,0,0
9664678,2,9,2,1,2,2,2,2,0,2,0,1,9,10,0,0
8117801,2,9,1,1,1,1,1,5,4,1,0,1,9,11,25000,25000
9931803,1,9,2,1,2,2,2,0,0,0,0,1,9,10,0,0
8209412,1,9,1,1,1,1,1,0,0,0,0,1,9,0,10000,10000
4470017,2,9,1,1,1,1,1,2,3,4,0,1,9,8,20000,20000
1627046,1,9,1,1,1,1,1,2,2,0,0,1,9,5,37500,37500
1855231,9,9,2,2,2,2,2,0,0,0,0,9,9,0,0,0
4299247,1,9,2,1,1,1,1,5,7,4,0,1,9,0,42288,42288
1893286,2,9,2,1,1,1,1,0,0,0,0,1,9,0,0,0
3414930,1,9,1,1,1,1,1,1,2,3,0,1,9,10,5000,5000
3271738,2,9,1,1,1,1,1,1,2,1,0,1,9,9,5000,5000
4504738,9,9,2,2,2,2,2,0,0,0,0,9,9,0,0,0
8793973,9,9,2,2,2,2,2,0,0,0,0,9,9,0,0,0
5954167,0,9,1,2,2,1,1,2,5,9,1,1,1,4,0,0
8869738,9,9,2,2,2,2,2,0,0,0,0,9,9,0,0,0
6906321,2,9,1,1,2,2,2,1,1,1,0,1,9,4,0,0
9675762,2,9,1,1,1,1,1,0,0,0,0,1,9,0,25000,25000
4578171,9,9,2,2,2,2,2,0,0,0,0,9,9,0,0,0
8713970,0,9,2,2,2,2,2,0,0,0,0,9,1,0,0,0
1294571,2,9,2,1,2,2,2,1,0,1,0,1,9,6,0,0
7635140,2,9,1,1,1,1,1,1,5,3,0,1,9,11,25000,25000
6298985,9,9,2,2,2,2,2,0,0,0,0,9,9,0,0,0
1888057,2,9,1,1,1,1,1,4,2,4,0,1,9,0,0,0
8991582,9,9,2,2,2,2,2,0,0,0,0,9,9,0,0,0
1965972,9,9,2,2,2,2,2,0,0,0,0,9,9,0,0,0
2515495,9,9,2,2,2,2,2,0,0,0,0,9,9,0,0,0
5872914,2,9,1,1,1,1,1,0,0,0,0,1,9,0,0,0
2607700,9,9,2,2,2,2,2,0,0,0,0,9,9,0,0,0
9080958,9,9,2,2,2,2,2,0,0,0,0,9,9,0,0,0
7502242,2,9,2,1,2,2,2,2,4,4,0,1,9,4,0,0
1896525,0,9,1,2,2,1,1,2,2,4,1,1,1,4,0,0
7044971,2,9,1,1,1,1,1,0,0,0,0,1,9,0,0,0
6661997,2,9,1,1,1,1,1,2,6,7,0,1,9,10,12500,12500
3921394,9,9,2,2,2,2,2,0,0,0,0,9,9,0,0,0
8571044,2,9,1,1,2,2,2,5,5,4,2,1,9,10,0,0
5464988,2,9,2,1,2,2,2,5,2,3,2,1,9,9,0,0
3458217,2,9,1,1,1,1,1,7,3,4,0,1,9,4,12500,12500
9888851,2,9,1,1,1,1,1,3,3,3,2,1,9,11,0,0
3818794,1,9,1,1,1,1,1,8,1,1,0,1,9,10,0,0
5301054,1,9,1,1,1,1,1,1,3,3,1,1,9,10,37000,37000
9690579,1,9,1,1,1,1,1,10,5,3,2,1,9,8,0,0
2725703,0,9,1,2,2,2,2,1,4,3,0,9,1,0,20000,20000
9235853,1,9,1,1,1,2,2,1,2,4,0,1,9,7,0,0
9846182,9,9,2,2,2,2,2,0,0,0,0,9,9,0,0,0
3366811,1,9,1,1,1,1,1,1,10,5,0,1,9,10,25000,25000
2711799,1,9,2,1,1,1,1,1,2,10,0,1,9,11,75000,75000
3217553,2,9,1,1,1,1,1,9,2,19,1,1,9,11,70000,70000
9116808,1,9,1,1,1,1,1,14,2,8,4,1,9,10,75000,75000
4736813,2,9,1,1,1,1,1,10,5,3,0,1,9,10,5000,5000
3688248,2,9,1,1,2,2,2,0,0,0,0,1,9,4,0,0
1380220,2,9,1,1,1,1,1,2,0,0,0,1,9,9,100000,100000
5018711,2,9,1,1,2,2,2,2,0,0,0,1,9,15,0,0
5397210,2,9,1,1,1,1,1,3,2,2,0,1,9,4,0,0
4608895,0,9,1,2,2,2,2,0,0,0,0,1,1,0,15000,15000
4603342,9,9,2,2,2,2,2,0,0,0,0,9,9,0,0,0
8550663,9,9,2,2,2,2,2,0,0,0,0,9,9,0,0,0
7553127,9,9,2,2,2,2,2,0,0,0,0,9,9,0,0,0
3652009,0,9,1,2,2,2,2,0,0,0,0,9,1,6,0,0
1117618,2,9,2,1,2,2,2,1,3,3,0,1,9,10,0,0
7599751,2,9,1,1,1,1,1,6,0,0,0,1,9,12,37500,37500
5590531,1,9,2,1,2,2,2,2,1,0,0,1,9,5,0,0
1324138,1,9,1,1,1,1,1,0,0,0,0,1,9,11,12500,12500
5662677,1,9,1,1,1,1,1,8,6,2,2,1,9,9,91024,91024
9357519,2,9,2,1,2,2,2,1,1,1,0,1,9,9,0,0
1537168,9,9,2,2,2,2,2,0,0,0,0,9,9,0,0,0
9889642,2,9,1,1,1,1,1,0,0,0,0,1,1,0,47816,47681
6622219,9,9,2,2,2,2,2,0,0,0,0,9,9,0,0,0
6363137,2,9,2,1,1,1,1,0,0,0,0,1,9,0,0,0
6713929,2,9,2,2,2,2,2,0,0,0,0,1,9,0,0,0
2746013,1,9,2,1,1,1,1,0,0,0,0,1,9,10,0,0
6825952,9,9,2,2,2,2,2,0,0,0,0,9,9,0,0,0
2737940,2,9,1,1,1,1,1,4,4,8,1,1,9,9,5000,5000
9522147,9,9,2,2,2,2,2,0,0,0,0,9,9,0,0,0
4267712,0,9,1,2,2,2,2,0,0,0,0,9,1,0,0,0
3585968,2,9,2,1,2,2,2,1,0,1,0,1,9,6,0,0
7211681,2,9,1,1,1,1,1,0,0,0,0,1,9,0,0,0
1021930,1,9,1,1,1,1,1,0,0,0,0,1,9,0,0,0
7185619,1,9,1,1,1,1,1,2,2,2,1,1,9,11,16061,16061
6274801,2,9,1,1,1,1,1,0,0,0,0,1,9,0,12500,12500
5823695,0,9,1,2,2,1,1,2,6,1,1,1,1,7,14862,14862
9896483,0,9,1,2,2,2,2,0,0,0,0,9,1,0,0,0
7293645,2,9,2,1,1,1,1,1,3,2,1,1,9,10,7178,7178
7445537,2,9,1,1,1,1,1,0,0,0,0,1,9,0,0,0
5697145,2,9,2,2,1,2,2,0,0,0,0,1,9,0,17685742,17685742
1969948,1,9,2,1,1,1,2,0,0,0,0,1,9,10,0,0
2448578,2,9,2,1,2,2,2,1,0,1,0,1,9,10,0,0
6179090,2,9,1,1,1,1,1,8,9,6,3,1,9,10,25000,25000
6377601,2,9,1,1,1,1,1,5,4,5,0,1,9,10,5000,5000
1902601,1,9,1,1,2,1,2,8,9,8,1,1,9,10,25000,25000
5894493,2,9,1,1,2,2,2,1,1,8,0,1,9,11,0,0
2750500,2,9,2,1,2,1,2,1,0,0,0,1,9,0,0,0
7637542,2,9,1,1,1,1,2,1,4,8,2,1,9,10,15319,15319
7988845,2,9,2,1,2,1,2,1,2,4,0,1,9,11,22500,22500
2115546,2,9,1,1,1,1,1,5,1,1,1,1,9,11,15000,15000
1261759,9,9,2,2,2,2,2,0,0,0,0,9,9,0,0,0
3753760,9,9,2,2,2,2,2,0,0,0,0,9,9,0,0,0
2014526,9,9,2,2,2,2,2,0,0,0,0,9,9,0,0,0
1011885,1,9,1,1,1,1,1,0,0,0,0,1,9,0,0,0
7216680,9,9,2,2,2,2,2,0,0,0,0,9,9,0,0,0
2311467,9,9,2,2,2,2,2,0,0,0,0,9,9,0,0,0
8632520,9,9,2,2,2,2,2,0,0,0,0,9,9,0,0,0
5554195,2,9,1,1,1,2,1,1,0,0,0,1,9,10,12500,12500
9391892,9,9,2,2,2,2,2,0,0,0,0,9,9,0,0,0
2852456,9,9,2,2,2,2,2,0,0,0,0,9,9,0,0,0
3095811,9,9,2,2,2,2,2,0,0,0,0,9,9,0,0,0
7541810,9,9,2,2,2,2,2,0,0,0,0,9,9,0,0,0
3710148,1,9,1,1,1,1,1,2,4,0,1,1,9,11,0,0
8346772,9,9,2,2,2,2,2,0,0,0,0,9,9,0,0,0
8814785,9,9,2,2,2,2,2,0,0,0,0,9,9,0,0,0
2141559,9,9,2,2,2,2,2,0,0,0,0,9,9,0,0,0
3596457,0,9,2,2,2,2,2,6,0,1,0,9,1,5,10000,10000
1720981,2,9,1,1,1,1,1,2,2,2,0,1,9,10,0,0
3962404,9,9,2,2,2,2,2,0,0,0,0,9,9,0,0,0
5139320,2,9,1,1,1,2,2,0,0,0,0,1,9,0,0,0
9611435,1,9,1,1,1,2,2,2,8,4,1,1,9,10,0,0
1259647,2,9,2,1,1,1,1,1,2,2,0,1,9,11,5000,5000
2925806,9,9,2,2,2,2,2,0,0,0,0,9,9,0,0,0
8292583,2,9,2,1,2,2,2,2,4,4,0,1,9,10,0,0
5915593,1,9,2,1,1,1,1,1,0,5,0,1,9,10,65000,65000
2507817,9,9,2,2,2,2,2,0,0,0,0,9,9,0,0,0
1349106,2,9,2,1,1,2,2,1,0,2,0,1,9,10,0,0
2421661,2,9,1,1,1,1,1,1,1,1,0,1,9,0,25000,25000
3503932,2,9,1,1,1,1,1,2,3,4,0,1,9,8,0,0
4121268,0,9,1,2,2,2,2,2,4,0,0,9,1,4,12500,12500
1887741,9,9,2,2,2,2,2,0,0,0,0,9,9,0,0,0
4279395,0,9,2,2,2,2,2,0,0,0,0,9,1,0,0,0
4879991,9,9,2,2,2,2,2,0,0,0,0,9,9,0,0,0
6637373,9,9,2,2,2,2,2,0,0,0,0,9,9,0,0,0
9827779,9,9,2,2,2,2,2,0,0,0,0,9,9,0,0,0
8180692,2,9,2,1,2,2,2,1,1,0,0,1,9,0,0,0
1915346,2,9,1,1,1,1,1,0,0,0,0,1,9,0,12500,12500
3075150,9,9,2,2,2,2,2,0,0,0,0,9,9,0,0,0
5403382,9,9,2,2,2,2,2,0,0,0,0,9,9,0,0,0
6712051,2,9,2,1,1,1,1,1,4,0,0,1,1,0,75000,75000
7155529,1,9,1,1,1,1,1,1,7,11,2,1,9,11,66000,66000
2794837,9,9,2,2,2,2,2,0,0,0,0,9,9,0,0,0
7924484,2,9,1,1,1,1,1,0,2,0,0,1,9,7,0,0
1336336,2,9,2,1,2,2,2,3,1,0,0,1,9,6,0,0
5909626,9,9,2,2,2,2,2,0,0,0,0,9,9,0,0,0
9206705,9,9,2,2,2,2,2,0,0,0,0,9,9,0,0,0
3052240,9,9,2,2,2,2,2,0,0,0,0,9,9,0,0,0
8403443,0,9,2,2,2,2,2,7,3,2,0,9,1,10,0,0
3291844,2,9,2,1,2,2,2,0,0,0,0,1,9,0,0,0
5120037,2,9,2,1,2,2,2,0,0,0,0,1,9,0,0,0
1658864,2,9,2,1,2,2,2,3,1,1,0,1,9,9,0,0
1363630,9,9,2,2,2,2,2,0,0,0,0,9,9,0,0,0
9866901,1,9,2,1,2,2,2,5,2,2,0,1,9,7,0,0
2538758,2,9,1,1,2,2,2,0,0,0,0,1,9,0,0,0
1251969,9,9,2,2,2,2,2,0,0,0,0,9,9,0,0,0
8621580,2,9,2,1,2,2,2,1,1,1,0,1,9,7,0,0
9480063,9,9,2,2,2,2,2,0,0,0,0,9,9,0,0,0
9525905,9,9,2,2,2,2,2,0,0,0,0,9,9,0,0,0
7801502,9,9,2,2,2,2,2,0,0,0,0,9,9,0,0,0
4038173,2,9,1,1,1,1,1,1,3,5,0,1,9,6,50000,10000
8141878,9,9,2,2,2,2,2,0,0,0,0,9,9,0,0,0
8294577,2,9,1,1,2,2,2,1,1,1,0,1,9,8,0,0
2147283,9,9,2,2,2,2,2,0,0,0,0,9,9,0,0,0
1949027,1,9,1,1,1,1,1,1,1,1,0,1,9,0,30000,30000
1889822,2,9,2,1,2,2,2,0,0,0,0,1,9,0,0,0
8384785,9,9,2,2,2,2,2,0,0,0,0,9,9,0,0,0
5189028,1,9,1,1,1,1,1,0,0,0,0,1,9,0,37500,37500
4270728,2,9,2,2,1,2,2,1,2,0,0,1,9,4,12500,12500
7407764,2,9,2,2,2,2,2,0,0,0,0,1,9,0,0,0
4636379,9,9,2,2,2,2,2,0,0,0,0,9,9,0,0,0
9394353,0,9,2,2,2,2,2,1,1,0,1,9,1,10,12000,12000
4890826,9,9,2,2,2,2,2,0,0,0,0,9,9,0,0,0
2168133,2,9,1,1,1,1,1,2,4,3,0,1,9,8,18424,18424
5890482,9,9,2,2,2,2,2,0,0,0,0,9,9,0,0,0
8383395,2,9,2,1,2,2,2,3,1,3,0,1,9,8,0,0
6634085,9,9,2,2,2,2,2,0,0,0,0,9,9,0,0,0
1636452,2,9,1,1,1,1,1,2,8,8,1,1,9,11,84000,84000
4346772,9,9,2,2,2,2,2,0,0,0,0,9,9,0,0,0
9220040,2,9,2,1,2,2,2,3,0,0,0,1,9,9,0,0
4499495,2,9,1,1,1,2,2,0,0,0,0,1,9,0,0,0
2640209,0,9,2,2,2,2,2,2,4,3,0,9,1,6,37500,37500
8702730,2,9,1,1,1,2,2,2,4,4,0,1,9,10,0,0
8465971,2,9,1,1,1,2,2,1,0,3,0,1,9,11,12500,12500
6162692,1,9,1,1,1,2,2,1,1,4,2,1,9,10,12500,12500
7723804,2,9,1,1,2,2,2,1,1,0,0,1,9,10,0,0
8274691,2,9,2,1,2,2,2,3,2,0,0,1,9,9,0,0
5625198,9,9,2,2,2,2,2,0,0,0,0,9,9,0,0,0
7346959,9,9,2,2,2,2,2,0,0,0,0,9,9,0,0,0
7611861,2,9,2,1,2,2,2,1,1,1,0,1,9,8,0,0
4164816,9,9,2,2,2,2,2,0,0,0,0,9,9,0,0,0
7422393,9,9,2,2,2,2,2,0,0,0,0,9,9,0,0,0
1266277,0,9,2,2,2,2,2,1,0,4,0,9,1,0,7500,7500
7474082,0,9,1,2,2,2,2,3,3,4,3,9,1,7,12500,12500
5652795,2,9,1,1,1,1,1,1,10,0,3,1,9,8,35000,35000
5964019,0,9,2,2,2,2,2,0,0,0,0,9,1,0,0,0
1987191,2,9,1,1,2,2,2,7,2,5,0,1,9,11,0,0
9798592,1,9,1,1,2,2,2,2,5,2,0,1,9,9,0,0
7511029,2,9,1,1,1,1,1,1,4,2,0,1,3,6,7500,7500
8293606,1,9,1,1,1,1,1,2,5,4,0,1,9,0,15000,0
8792118,9,9,2,2,2,2,2,0,0,0,0,9,9,0,0,0
4795312,9,9,2,2,2,2,2,0,0,0,0,9,9,0,0,0
9851224,9,9,2,2,2,2,2,0,0,0,0,9,9,0,0,0
1098081,1,9,1,1,1,1,1,1,5,8,2,1,9,11,50000,50000
5377917,2,9,2,1,1,1,1,1,4,1,2,1,1,9,100000,100000
8647005,2,9,2,1,1,1,1,0,0,0,0,1,9,10,0,0
4228290,9,9,2,2,2,2,2,0,0,0,0,9,9,0,0,0
4819583,2,9,1,1,1,1,1,4,4,4,4,1,9,4,75000,75000
7899493,2,9,1,1,1,1,1,0,0,0,0,1,9,0,25000,25000
5779455,2,9,2,1,1,1,1,2,4,4,2,1,9,13,10000,10000
2852598,1,9,1,1,1,1,1,1,4,6,1,1,9,10,50000,50000
9873716,2,9,1,1,1,1,1,0,0,0,0,1,9,10,60373,60373
3000589,2,9,1,2,2,2,2,10,2,0,0,1,9,4,0,0
3586058,9,9,2,2,2,2,2,0,0,0,0,9,9,0,0,0
2423731,2,9,1,1,1,1,1,1,2,12,1,1,9,10,26946,26946
3076849,9,9,2,2,2,2,2,0,0,0,0,9,9,0,0,0
5115691,2,9,2,1,2,2,2,0,0,0,0,1,9,0,0,0
9047445,9,9,2,2,2,2,2,0,0,0,0,9,9,0,0,0
8836994,2,9,2,1,1,1,1,0,0,0,0,1,9,0,65000,65000
6543950,1,9,2,1,1,1,1,1,0,0,0,1,9,0,0,0
4020190,2,9,1,1,1,1,1,0,0,0,0,1,9,0,21087,21087
3024551,9,9,2,2,2,2,2,0,0,0,0,9,9,0,0,0
3986032,9,9,2,2,2,2,2,0,0,0,0,9,9,0,0,0
1238360,2,9,1,1,1,1,1,0,0,0,0,1,9,10,0,0
3595594,2,9,2,1,2,2,2,6,4,1,0,1,9,5,0,0
8897444,2,9,1,1,2,2,2,0,0,0,0,1,9,0,0,0
8230292,1,9,1,1,1,2,2,8,2,12,0,1,9,11,0,0
8891891,2,9,1,1,1,1,1,0,0,0,0,1,9,0,25000,25000
2142548,2,9,1,1,2,2,2,1,0,2,0,1,9,1,0,0
7488257,2,9,1,1,1,1,1,2,2,2,1,1,9,8,35000,35000
7206170,1,9,1,1,1,1,1,2,2,2,2,1,9,10,47000,47000
3456197,9,9,2,2,2,2,2,0,0,0,0,9,9,0,0,0
9474321,0,9,1,2,2,2,2,0,0,0,0,9,1,5,0,0
9526973,2,9,2,2,2,2,2,2,2,2,0,1,9,0,0,0
3560918,2,9,1,1,1,1,1,2,2,1,1,1,9,0,21921,21921
7597174,1,9,2,1,1,1,1,1,5,3,0,1,3,8,0,0
8198553,0,9,1,2,2,2,2,2,3,4,0,9,1,4,0,0
1148596,9,9,2,2,2,2,2,0,0,0,0,9,9,0,0,0
7581406,9,9,2,2,2,2,2,0,0,0,0,9,9,0,0,0
4612068,9,9,2,2,2,2,2,0,0,0,0,9,9,0,0,0
8100160,1,9,2,1,1,1,1,0,0,0,0,1,9,0,0,0
2761885,2,9,1,1,1,1,1,0,0,0,0,1,9,0,0,0
4128581,2,9,1,1,1,2,2,1,2,1,0,1,9,10,5000,5000
7239905,2,9,1,1,2,2,2,2,2,1,0,1,9,6,0,0
9112296,9,9,2,2,2,2,2,0,0,0,0,9,9,0,0,0
2499064,2,9,2,1,2,2,2,1,0,3,0,1,9,6,0,0
3525973,2,9,1,1,1,1,1,8,5,5,1,1,9,12,0,0
4319418,2,9,1,1,1,1,1,1,2,2,0,1,9,10,152434,152434
9157995,1,9,1,1,1,1,1,1,5,6,1,1,9,11,12500,12500
1087731,2,9,1,1,1,1,1,2,6,3,1,1,9,11,20000,20000
3584294,1,9,1,1,1,1,1,1,5,3,0,1,9,8,26741,26741
4681133,9,9,2,2,2,2,2,0,0,0,0,9,9,0,0,0
4835201,9,9,2,2,2,2,2,0,0,0,0,9,9,0,0,0
3685757,9,9,2,2,2,2,2,0,0,0,0,9,9,0,0,0
2298320,9,9,2,2,2,2,2,0,0,0,0,9,9,0,0,0
6616675,0,9,1,2,2,2,2,3,5,5,0,9,1,5,0,0
1594254,9,9,2,2,2,2,2,0,0,0,0,9,9,0,0,0
8175849,9,9,2,2,2,2,2,0,0,0,0,9,9,0,0,0
7797108,9,9,2,2,2,2,2,0,0,0,0,9,9,0,0,0
3788520,1,9,1,2,1,2,2,1,1,1,1,1,9,1,0,0
4804723,9,9,2,2,2,2,2,0,0,0,0,9,9,0,0,0
1377135,9,9,2,2,2,2,2,0,0,0,0,9,9,0,0,0
1980667,1,9,1,1,1,1,1,12,0,15,1,1,9,10,50780,50000
5520500,2,9,1,1,1,1,1,1,10,10,2,1,9,12,20769,20769
5325980,9,9,2,2,2,2,2,0,0,0,0,9,9,0,0,0
5074780,9,9,2,2,2,2,2,0,0,0,0,9,9,0,0,0
5443134,1,9,1,1,1,1,1,0,5,0,0,1,9,8,0,0
8245103,2,9,1,1,1,2,2,2,4,4,0,1,9,10,0,0
3329338,9,9,2,2,2,2,2,0,0,0,0,9,9,0,0,0
1935127,9,9,2,2,2,2,2,0,0,0,0,9,9,0,0,0
3561958,9,9,2,2,2,2,2,0,0,0,0,9,9,0,0,0
1701444,9,9,2,2,2,2,2,0,0,0,0,9,9,0,0,0
5036419,2,9,1,1,1,1,1,6,0,2,0,1,9,11,5000,5000
6750874,9,9,2,2,2,2,2,0,0,0,0,9,9,0,0,0
4407176,2,9,1,1,2,2,2,2,4,4,0,1,9,10,0,0
7809129,2,9,1,1,1,1,1,0,0,0,0,1,9,0,0,0
6787434,9,9,2,2,2,2,2,0,0,0,0,9,9,0,0,0
9312155,9,9,2,2,2,2,2,0,0,0,0,9,9,0,0,0
6972382,2,9,2,2,2,2,2,0,0,0,0,1,9,0,5100,0
6011793,2,9,1,1,1,1,1,10,4,6,0,1,9,9,25000,25000
1527837,2,9,1,1,1,1,1,1,6,10,2,1,9,10,0,0
8391919,2,9,2,1,1,1,1,0,0,0,0,1,9,12,0,0
6398521,1,9,2,2,1,2,1,0,0,0,0,1,9,0,0,0
6627181,9,9,2,2,2,2,2,0,0,0,0,9,9,0,0,0
4078299,2,9,1,1,1,1,1,4,10,8,5,1,9,7,0,0
2811576,9,9,2,2,2,2,2,0,0,0,0,9,9,0,0,0
1379962,9,9,2,2,2,2,2,0,0,0,0,9,9,0,0,0
7674356,1,9,1,1,1,2,2,3,4,0,0,1,9,10,0,0
2174320,9,9,2,2,2,2,2,0,0,0,0,9,9,0,0,0
1468149,1,9,1,1,1,1,1,0,0,0,0,1,9,12,25000,25000
5015478,1,9,1,1,1,2,2,0,0,0,0,1,9,0,0,0
4600413,2,9,2,1,2,2,2,0,0,0,0,1,9,9,0,0
5547333,2,9,1,1,2,2,2,2,1,0,0,1,9,9,0,0
4342274,2,9,1,1,1,1,1,0,0,0,0,1,9,0,0,0
6881107,9,9,2,2,2,2,2,0,0,0,0,9,9,0,0,0
4999066,2,9,1,1,2,1,2,2,4,4,0,1,9,0,0,0
4785013,9,9,2,2,2,2,2,0,0,0,0,9,9,0,0,0
1635706,1,9,1,1,1,1,1,11,4,5,2,1,9,16,37000,37000
8402491,2,9,1,1,1,1,1,0,0,0,0,1,9,0,25000,0
7892493,2,9,1,1,2,2,2,0,0,0,0,1,9,0,0,0
2946576,2,9,2,1,2,2,2,2,1,0,0,1,9,11,0,0
3394864,1,9,1,1,1,1,1,1,4,10,2,1,9,11,25000,25000
5635570,9,9,2,2,2,2,2,0,0,0,0,9,9,0,0,0
5582044,9,9,2,2,2,2,2,0,0,0,0,9,9,0,0,0
5911813,2,9,1,1,2,2,2,0,0,0,0,1,9,0,0,0
1757561,1,9,2,1,1,1,1,0,0,0,0,1,9,0,47305,47305
5759269,9,9,2,2,2,2,2,0,0,0,0,9,9,0,0,0
5691065,9,9,2,2,2,2,2,0,0,0,0,9,9,0,0,0
3416515,9,9,2,2,2,2,2,0,0,0,0,9,9,0,0,0
5229120,0,9,1,2,2,2,2,1,4,1,0,9,1,6,0,0
6215757,2,9,1,1,1,1,1,0,0,0,0,1,9,0,0,0
3286695,2,9,1,1,1,1,1,2,5,4,2,1,1,11,0,0
4027216,2,9,2,1,2,2,2,1,0,1,0,1,9,10,0,0
1594617,0,9,2,2,2,2,2,5,3,1,0,9,2,0,0,0
6248971,9,9,2,2,2,2,2,0,0,0,0,9,9,0,0,0
5950721,9,9,2,2,2,2,2,0,0,0,0,9,9,0,0,0
1291874,9,9,2,2,2,2,2,0,0,0,0,9,9,0,0,0
3687871,2,9,2,2,2,2,2,2,0,0,0,1,9,5,0,0
7768946,2,9,1,1,1,1,1,2,1,4,0,1,1,8,67720,67720
4976362,9,9,2,2,2,2,2,0,0,0,0,9,9,0,0,0
9484130,2,9,1,1,1,1,1,0,0,0,0,1,9,0,37500,37500
4132327,2,9,1,1,1,1,1,1,2,1,1,1,9,10,0,0
4844887,2,9,1,1,1,1,1,3,2,3,0,1,9,6,0,0
9143471,2,9,1,1,1,1,1,2,2,4,1,1,9,3,61000,61000
4294717,2,9,1,1,1,1,1,0,0,0,0,1,9,0,25000,25000
6654543,9,9,2,2,2,2,2,0,0,0,0,9,9,0,0,0
1697549,2,9,1,1,1,1,1,2,4,4,0,1,9,12,37500,37500
5469889,2,9,2,1,2,2,2,2,4,4,0,1,9,10,0,0
4009556,2,9,2,1,2,2,2,2,4,4,0,1,9,10,0,0
6113123,9,9,2,2,2,2,2,0,0,0,0,9,9,0,0,0
4323074,9,9,2,2,2,2,2,0,0,0,0,9,9,0,0,0
9352960,2,9,1,1,1,1,1,6,5,6,0,1,9,5,0,0
3896069,9,9,2,2,2,2,2,0,0,0,0,9,9,0,0,0
6972923,2,9,2,1,2,2,2,5,5,3,0,1,9,10,0,0
6638867,2,9,2,1,2,2,2,1,1,4,0,1,9,8,0,0
2933603,9,9,2,2,2,2,2,0,0,0,0,9,9,0,0,0
3716262,1,9,1,1,1,1,2,0,0,0,0,1,9,0,0,0
3782470,1,9,1,1,1,1,1,0,0,0,0,1,9,0,25000,25000
2361213,2,9,1,1,1,2,2,3,0,4,2,1,9,11,15000,15000
5860199,9,9,2,2,2,2,2,0,0,0,0,9,9,0,0,0
1788811,2,9,2,1,1,2,2,1,1,0,0,1,9,6,0,0
4422412,2,9,2,2,1,2,2,0,0,0,0,1,9,0,0,0
9919324,2,9,1,1,1,1,1,1,5,5,0,1,9,0,25000,25000
9537512,9,9,2,2,2,2,2,0,0,0,0,9,9,0,0,0
5007077,2,9,1,1,2,2,2,4,4,3,2,1,9,10,0,0
4274575,2,9,1,1,2,2,2,2,5,3,0,1,9,10,0,0
2508504,0,9,2,2,2,2,2,2,6,6,0,9,1,7,0,0
1023331,1,9,1,1,2,1,2,2,4,4,0,1,9,9,65000,65000
2465678,9,9,2,2,2,2,2,0,0,0,0,9,9,0,0,0
7768919,2,9,2,1,2,2,2,1,2,1,0,1,9,4,0,0
6567329,9,9,2,2,2,2,2,0,0,0,0,9,9,0,0,0
3808077,1,9,1,1,1,1,1,2,4,4,2,1,9,16,0,0
2907721,9,9,2,2,2,2,2,0,0,0,0,9,9,0,0,0
1921808,2,9,1,1,2,2,2,2,2,2,2,1,9,10,0,0
2515664,9,9,2,2,2,2,2,0,0,0,0,9,9,0,0,0
6845360,2,9,2,1,2,2,2,0,0,0,0,1,9,0,0,0
6861681,9,9,2,2,2,2,2,0,0,0,0,9,9,0,0,0
5720704,9,9,2,2,2,2,2,0,0,0,0,9,9,0,0,0
5533360,1,9,1,1,1,1,1,5,5,5,5,1,9,6,75000,75000
7242330,2,9,1,1,1,1,1,1,0,0,0,1,9,10,0,0
3600558,9,9,2,2,2,2,2,0,0,0,0,9,9,0,0,0
6202944,9,9,2,2,2,2,2,0,0,0,0,9,9,0,0,0
7687069,1,9,2,1,1,1,1,1,2,2,0,1,9,12,30000,24162
7580941,2,9,1,1,1,1,1,0,0,0,0,1,1,7,75000,0
4680275,2,9,2,1,1,1,1,10,2,5,0,1,9,10,47679,47679
2912354,2,9,1,1,1,1,1,2,4,10,2,1,9,2,0,0
7300100,2,9,1,1,1,1,1,0,0,0,0,1,9,0,0,0
7022915,2,9,2,1,2,2,2,1,1,1,0,1,9,12,0,0
7484769,2,9,2,1,2,2,2,0,0,0,0,1,9,0,0,0
5642994,9,9,2,2,2,2,2,0,0,0,0,9,9,0,0,0
1123095,2,9,2,1,1,1,1,1,3,0,0,1,9,0,5000,5000
6417096,9,9,2,2,2,2,2,0,0,0,0,9,9,0,0,0
9756868,9,9,2,2,2,2,2,0,0,0,0,9,9,0,0,0
5524785,0,9,2,2,2,2,2,12,15,10,2,1,1,3,10000,10000
5445671,2,9,2,2,1,2,1,0,0,0,0,2,9,0,0,0
1342282,9,9,2,2,2,2,2,0,0,0,0,9,9,0,0,0
1189310,2,9,2,1,2,2,2,1,0,0,0,1,9,6,0,0
6590082,1,9,2,1,1,1,1,20,4,4,0,1,9,8,0,0
1723463,9,9,2,2,2,2,2,0,0,0,0,9,9,0,0,0
3202644,2,9,1,1,1,1,1,6,2,0,0,1,9,8,0,0
7050388,1,9,1,1,1,1,1,6,2,0,0,1,9,8,100000,100000
1624362,2,9,1,1,1,1,1,0,0,0,0,1,9,0,30000,30000
6719989,9,9,2,2,2,2,2,0,0,0,0,9,9,0,0,0
7678262,2,9,1,1,1,1,1,0,0,0,0,1,1,0,0,0
3399377,2,9,1,1,1,1,1,0,0,0,0,1,9,0,0,0
8927674,2,9,1,1,1,1,1,0,0,0,0,1,9,0,2000,2000
4835190,9,9,2,2,2,2,2,0,0,0,0,9,9,0,0,0
5636873,2,9,1,1,2,2,2,2,1,1,1,1,9,8,0,0
7903974,9,9,2,2,2,2,2,0,0,0,0,9,9,0,0,0
4844161,2,9,1,1,1,1,1,10,7,10,0,1,9,11,15000,12000
2838671,9,9,2,2,2,2,2,0,0,0,0,9,9,0,0,0
5953888,9,9,2,2,2,2,2,0,0,0,0,9,9,0,0,0
6690026,2,9,1,1,1,1,1,0,0,0,0,1,1,10,0,0
9450078,9,9,2,2,2,2,2,0,0,0,0,9,9,0,0,0
7751994,2,9,1,1,1,1,1,2,3,4,1,1,9,12,25000,25000
2956650,1,9,1,1,1,1,1,0,0,0,0,1,9,0,24500,24500
7557472,2,9,1,1,1,1,1,4,1,0,0,1,9,0,0,0
5974841,2,9,1,1,1,1,1,0,0,0,0,1,9,12,0,0
8761032,2,9,1,1,1,1,1,0,0,0,0,1,9,0,12500,0
2668190,2,9,1,1,1,1,1,1,10,8,2,1,9,11,37500,37500
4645097,9,9,2,2,2,2,2,0,0,0,0,9,9,0,0,0
9358781,2,9,1,2,1,1,1,2,4,8,1,1,1,6,0,0
4352761,9,9,2,2,2,2,2,0,0,0,0,9,9,0,0,0
1827762,1,9,1,1,1,1,1,3,4,4,0,1,9,11,0,0
3307486,1,9,1,1,1,1,1,2,5,5,0,1,9,4,35781,35781
7670597,2,9,1,1,2,2,2,2,4,4,1,1,9,10,0,0
3996830,9,9,2,2,2,2,2,0,0,0,0,9,9,0,0,0
9754225,9,9,2,2,2,2,2,0,0,0,0,9,9,0,0,0
8165032,2,9,2,1,1,1,1,4,2,0,0,1,9,0,12500,12500
9947612,9,9,2,2,2,2,2,0,0,0,0,9,9,0,0,0
2081260,9,9,2,2,2,2,2,0,0,0,0,9,9,0,0,0
4010489,1,9,1,1,1,1,1,6,3,2,0,1,9,11,0,0
5287264,0,9,2,2,2,2,2,5,2,0,0,9,1,5,0,0
4695668,1,9,1,1,1,2,2,0,0,0,0,1,9,0,0,0
7810263,2,9,2,2,2,2,2,0,0,0,0,1,9,0,0,0
6632610,1,9,1,1,1,1,1,4,6,4,2,1,1,10,20000,20000
6136534,2,9,1,1,2,2,2,3,0,0,0,1,9,7,0,0
5224816,9,9,2,2,2,2,2,0,0,0,0,9,9,0,0,0
5678379,2,9,1,1,2,2,2,2,1,0,0,1,9,10,0,0
3291553,9,9,2,2,2,2,2,0,0,0,0,9,9,0,0,0
1804261,9,9,2,2,2,2,2,0,0,0,0,9,9,0,0,0
7587237,2,9,1,1,1,1,1,5,6,0,0,1,9,11,15000,12000
5810447,0,9,1,2,2,2,2,0,0,0,0,9,1,0,0,0
6192713,2,9,1,1,1,1,1,0,0,0,0,1,9,0,0,0
6807728,2,9,1,1,1,1,1,1,6,7,0,1,9,12,0,0
6895540,2,9,2,2,2,2,2,3,2,2,1,1,9,0,0,0
3153343,1,9,1,1,1,1,1,2,10,20,2,1,9,0,0,0
4246411,2,9,1,1,1,1,1,1,2,2,0,1,9,10,12126,12126
1387124,2,9,1,1,1,1,1,5,2,2,1,1,1,5,30000,30000
6251063,9,9,2,2,2,2,2,0,0,0,0,9,9,0,0,0
7291929,2,9,1,1,1,1,1,2,3,2,0,1,9,6,40000,40000
3075373,2,9,2,1,2,2,2,1,0,0,0,1,9,8,0,0
7567947,1,9,1,1,1,1,1,0,0,0,0,1,9,0,0,0
8646096,2,9,2,1,2,2,2,2,0,0,0,1,9,0,0,0
8863655,2,9,1,1,2,2,2,0,0,0,0,1,9,0,0,0
3060290,2,9,1,1,1,1,1,0,0,0,0,1,9,0,0,0
5886087,2,9,2,1,2,2,2,4,1,2,1,1,9,8,0,0
1566310,2,9,1,1,1,1,1,1,2,3,0,1,9,10,37500,37500
6628683,2,9,1,1,1,1,1,2,2,2,2,1,9,2,0,0
9234290,1,9,1,1,1,1,1,10,12,8,2,1,9,12,12500,12500
5325672,1,9,1,1,1,1,1,2,10,4,0,1,9,0,0,0
1310401,1,9,2,1,1,1,1,1,4,5,1,1,9,11,0,0
1361815,9,9,2,2,2,2,2,0,0,0,0,9,9,0,0,0
7221814,9,9,2,2,2,2,2,0,0,0,0,9,9,0,0,0
8808673,2,9,1,1,1,1,1,2,4,1,1,1,9,5,12500,12500
5017291,9,9,2,2,2,2,2,0,0,0,0,9,9,0,0,0
4502574,2,9,1,1,1,2,2,0,0,0,0,1,9,7,5000,5000
6563586,1,9,1,1,1,1,1,0,0,0,0,1,9,0,37500,37500
1547587,1,9,1,1,1,1,1,0,0,0,0,1,9,0,0,0
8493333,1,9,1,1,1,1,1,0,0,0,0,1,9,0,0,0
5704476,0,9,2,2,2,2,2,0,2,0,0,9,1,15,0,0
3176639,2,9,2,1,2,2,2,1,1,1,0,1,9,7,0,0
4300885,9,9,2,2,2,2,2,0,0,0,0,9,9,0,0,0
4371666,2,9,1,1,1,1,1,1,4,4,0,1,9,10,37500,37500
3586124,9,9,2,2,2,2,2,0,0,0,0,9,9,0,0,0
7488551,2,9,1,1,1,1,1,0,0,0,0,1,9,0,0,0
6866335,2,9,1,1,2,2,2,0,0,0,0,1,9,0,0,0
3836922,1,9,1,1,1,1,1,0,0,0,0,1,9,0,0,0
2672207,2,9,2,1,1,1,1,1,1,0,0,1,9,10,24933,24933
8358508,9,9,2,2,2,2,2,0,0,0,0,9,9,0,0,0
9662235,2,9,1,1,1,1,1,2,10,15,0,1,9,12,0,0
4162991,2,9,1,1,1,1,1,4,4,4,2,1,1,10,0,0
8631260,2,9,2,1,1,1,1,13,6,6,1,1,9,10,50000,50000
1032071,0,9,2,2,2,2,2,1,0,4,0,9,1,7,0,0
8415029,2,9,2,1,2,2,2,8,2,3,3,1,9,8,0,0
4104630,9,9,2,2,2,2,2,0,0,0,0,9,9,0,0,0
5162825,1,9,1,1,2,2,2,1,4,4,1,1,9,9,0,0
6278193,2,9,1,1,1,1,1,6,4,6,1,1,9,10,25000,25000
3161065,2,9,1,1,2,2,2,4,6,3,1,1,9,8,0,0
9042863,9,9,2,2,2,2,2,0,0,0,0,9,9,0,0,0
3298299,2,9,2,1,2,2,2,1,3,5,0,1,9,0,0,0
5703164,2,9,2,1,1,1,1,4,4,5,0,1,9,0,32500,32500
1795070,2,9,2,1,1,1,1,2,5,4,0,1,1,10,37500,37500
3423739,2,9,2,1,2,2,2,1,2,4,2,1,9,5,0,0
5785485,1,9,1,1,1,1,1,0,0,6,0,1,9,0,50000,50000
6061520,2,9,1,1,1,1,1,2,2,6,1,1,9,9,0,0
8760902,0,9,1,2,2,2,2,1,2,3,0,9,1,5,74960,74960
1927719,2,9,1,1,2,2,2,3,2,2,2,1,9,5,0,0
3855601,9,9,2,2,2,2,2,0,0,0,0,9,9,0,0,0
1381439,1,9,1,1,1,1,1,0,0,0,0,1,9,0,0,0
8543080,1,9,1,1,1,1,1,2,1,12,1,1,9,12,12500,12500
6320274,9,9,2,2,2,2,2,0,0,0,0,9,9,0,0,0
3217127,2,9,1,1,1,1,1,12,8,8,5,1,9,10,72899,72899
8172298,1,9,1,1,1,1,1,2,3,5,0,1,9,10,37500,37500
5745033,2,9,2,1,2,2,2,2,0,2,0,1,9,6,0,0
4952946,2,9,1,1,1,1,1,1,3,8,2,1,9,10,25000,25000
7847293,2,9,1,1,1,2,2,0,0,0,0,1,9,0,12500,12500
8819819,2,9,1,1,1,1,1,0,0,0,0,1,9,0,0,0
8333641,2,9,2,1,2,2,2,2,1,2,0,1,9,8,0,0
8742084,2,9,2,1,1,1,1,1,3,3,0,1,9,9,15500,15500
7739785,2,9,1,1,1,1,1,14,12,3,0,1,9,16,0,0
2409737,1,9,1,1,1,2,2,1,2,8,0,1,9,8,25000,25000
6550018,1,9,1,1,1,1,1,0,0,0,0,1,9,0,0,0
7211917,2,9,1,1,1,1,1,0,0,0,0,1,9,0,65945,65945
9503302,2,9,2,1,2,2,2,0,0,0,0,1,9,5,0,0
6163686,2,9,2,1,2,2,2,1,1,0,0,1,9,11,0,0
4353494,1,9,1,1,1,1,1,1,1,2,0,1,9,11,37500,37500
8700161,2,9,2,1,2,2,2,0,0,0,0,1,9,0,0,0
7067154,1,9,1,1,1,1,1,1,1,20,0,1,9,10,0,0
4269452,2,9,2,1,2,2,2,1,0,3,0,1,9,10,0,0
8255864,2,9,2,1,2,2,2,1,1,0,2,1,9,4,0,0
5749039,2,9,1,1,1,1,1,3,1,0,0,1,9,4,25000,25000
1098532,2,9,1,1,1,1,1,0,0,0,0,1,9,9,0,0
3786165,9,9,2,2,2,2,2,0,0,0,0,9,9,0,0,0
6432717,2,9,1,1,1,2,2,0,0,0,0,1,9,0,0,0
6605608,2,9,1,1,1,1,1,1,4,4,0,1,9,10,25000,25000
8067674,2,9,1,1,2,2,2,2,2,2,0,1,9,8,0,0
9001185,2,9,1,1,2,2,2,2,0,2,0,1,9,7,0,0
2484487,9,9,2,2,2,2,2,0,0,0,0,9,9,0,0,0
8656120,2,9,1,1,1,1,1,2,4,4,1,1,1,12,27515,27515
1454041,2,9,2,1,1,1,1,0,0,0,0,1,1,0,0,0
4558266,2,9,2,1,1,2,2,0,0,0,0,1,9,0,2500,2500
6914219,2,9,1,1,2,2,2,5,2,2,0,1,9,10,0,0
3254036,9,9,2,2,2,2,2,0,0,0,0,9,9,0,0,0
5485063,9,9,2,2,2,2,2,0,0,0,0,9,9,0,0,0
6840175,2,9,1,1,2,2,2,2,4,4,0,1,9,10,0,0
2299145,9,9,2,2,2,2,2,0,0,0,0,9,9,0,0,0
9021174,1,9,1,1,1,1,1,1,8,1,0,1,9,10,0,0
7042575,2,9,1,1,1,1,1,3,5,5,0,1,9,4,0,0
7843159,2,9,1,1,2,2,2,2,4,4,0,1,9,10,0,0
8181975,2,9,1,1,1,2,2,0,0,0,0,1,9,0,12500,12500
3522380,9,9,2,2,2,2,2,0,0,0,0,9,9,0,0,0
5601796,1,9,1,1,1,1,1,0,0,0,0,1,9,0,37500,37500
7500049,2,9,2,2,1,2,1,2,2,1,1,1,9,3,0,0
1761510,2,9,1,1,1,1,1,2,4,0,1,1,9,10,0,0
8724989,9,9,2,2,2,2,2,0,0,0,0,9,9,0,0,0
4432836,9,9,2,2,2,2,2,0,0,0,0,9,9,0,0,0
2036206,9,9,2,2,2,2,2,0,0,0,0,9,9,0,0,0
1295243,9,9,2,2,2,2,2,0,0,0,0,9,9,0,0,0
5272181,9,9,2,2,2,2,2,0,0,0,0,9,9,0,0,0
2903808,1,9,2,1,1,1,1,1,6,6,0,1,9,17,45997,45997
3576313,9,9,2,2,2,2,2,0,0,0,0,9,9,0,0,0
3058399,2,9,1,1,1,2,2,0,0,0,0,1,9,0,0,0
9914286,1,9,2,1,1,1,1,1,2,5,0,1,9,10,25000,25000
1568648,2,9,2,1,2,2,2,3,2,2,0,1,9,7,0,0
4256718,9,9,2,2,2,2,2,0,0,0,0,9,9,0,0,0
9646643,2,9,2,1,1,1,1,0,0,0,0,1,9,0,0,0
1269230,2,9,2,1,1,1,1,0,0,0,0,1,9,0,0,0
1034437,9,9,2,2,2,2,2,0,0,0,0,9,9,0,0,0
7379042,9,9,2,2,2,2,2,0,0,0,0,9,9,0,0,0
1499602,9,9,2,2,2,2,2,0,0,0,0,9,9,0,0,0
2788390,9,9,2,2,2,2,2,0,0,0,0,9,9,0,0,0
2826689,9,9,2,2,2,2,2,0,0,0,0,9,9,0,0,0
5161438,2,9,1,1,1,1,1,7,5,11,3,1,9,10,25000,25000
3277398,9,9,2,2,2,2,2,0,0,0,0,9,9,0,0,0
8452183,9,9,2,2,2,2,2,0,0,0,0,9,9,0,0,0
1883475,0,9,1,2,2,2,2,6,2,2,2,9,1,10,0,0
6894515,9,9,2,2,2,2,2,0,0,0,0,9,9,0,0,0
1840900,9,9,2,2,2,2,2,0,0,0,0,9,9,0,0,0
9283726,1,9,1,1,1,1,1,0,0,0,0,1,9,10,0,0
8409784,1,9,1,1,1,1,1,2,3,2,1,1,9,7,50000,50000
4547383,9,9,2,2,2,2,2,0,0,0,0,9,9,0,0,0
1119585,9,9,2,2,2,2,2,0,0,0,0,9,9,0,0,0
7182188,2,9,1,1,1,1,1,0,0,0,0,1,9,10,0,0
3933003,9,9,2,2,2,2,2,0,0,0,0,9,9,0,0,0
9504570,9,9,2,2,2,2,2,0,0,0,0,9,9,0,0,0
2583432,9,9,2,2,2,2,2,0,0,0,0,9,9,0,0,0
8981858,9,9,2,2,2,2,2,0,0,0,0,9,9,0,0,0
4965794,2,9,1,1,1,1,1,2,2,1,1,1,9,10,0,0
1787109,1,9,2,1,1,1,1,0,0,0,0,1,9,0,0,0
6867190,0,9,2,2,2,2,2,5,11,6,7,9,1,12,0,0
6322900,2,9,1,1,1,2,2,0,0,0,0,1,9,0,0,0
2533576,2,9,1,1,1,1,1,1,2,3,1,1,1,3,0,0
4687368,0,9,2,2,2,2,2,2,1,1,1,9,1,8,20000,20000
3843242,9,9,2,2,2,2,2,0,0,0,0,9,9,0,0,0
3860600,9,9,2,2,2,2,2,0,0,0,0,9,9,0,0,0
6579099,9,9,2,2,2,2,2,0,0,0,0,9,9,0,0,0
1804359,9,9,2,2,2,2,2,0,0,0,0,9,9,0,0,0
1132210,9,9,2,2,2,2,2,0,0,0,0,9,9,0,0,0
6245346,9,9,2,2,2,2,2,0,0,0,0,9,9,0,0,0
4142692,9,9,2,2,2,2,2,0,0,0,0,9,9,0,0,0
5187936,9,9,2,2,2,2,2,0,0,0,0,9,9,0,0,0
3663958,1,9,1,1,1,1,1,6,4,2,3,1,3,10,75000,75000
1347408,2,9,1,1,1,1,1,0,0,0,0,1,2,0,0,0
4619247,9,9,2,2,2,2,2,0,0,0,0,9,9,0,0,0
8132237,9,9,2,2,2,2,2,0,0,0,0,9,9,0,0,0
7002494,9,9,2,2,2,2,2,0,0,0,0,9,9,0,0,0
6612055,2,9,1,1,1,2,2,1,1,1,0,1,9,8,0,0
3890876,1,9,2,1,1,1,1,1,0,7,3,1,1,10,25000,25000
1938786,2,9,1,1,1,1,1,2,2,0,0,1,1,10,0,0
3148458,1,9,1,1,1,1,1,2,1,1,1,1,1,10,35000,35000
6291545,9,9,2,2,2,2,2,0,0,0,0,9,9,0,0,0
3623693,9,9,2,2,2,2,2,0,0,0,0,9,9,0,0,0
2594981,2,9,1,1,1,1,1,1,8,11,2,1,1,11,0,0
8212198,1,9,1,1,1,1,1,0,0,0,0,1,1,10,0,0
1432510,1,9,2,1,1,1,1,5,2,5,1,1,3,8,0,0
2113346,1,9,1,1,1,1,1,0,0,0,0,1,1,10,0,0
9546227,2,9,2,1,1,1,1,0,0,0,0,1,1,0,0,0
1897042,2,9,1,1,1,1,1,1,1,1,0,1,3,10,25000,25000
3566401,1,9,2,1,1,1,1,5,2,10,1,1,1,8,50000,50000
3143675,2,9,1,1,1,1,1,3,2,1,1,1,9,10,0,0
6102605,2,9,1,1,1,2,2,0,0,0,0,1,9,0,0,0
9897183,0,9,1,2,2,2,2,0,0,0,0,9,1,0,0,0
2715848,2,9,2,1,1,2,2,0,0,0,0,1,9,0,0,0
3810587,9,9,2,2,2,2,2,0,0,0,0,9,9,0,0,0
6466906,9,9,2,2,2,2,2,0,0,0,0,9,9,0,0,0
5651073,0,9,2,2,2,2,2,0,2,1,0,9,1,2,0,0
9106276,0,9,2,2,2,2,2,2,4,4,0,9,1,0,0,0
6916925,0,9,1,2,2,2,2,0,0,0,0,9,1,0,0,0
3607157,0,9,2,2,2,2,2,0,0,0,0,9,1,0,0,0
3037970,0,9,2,2,2,2,2,0,0,0,0,9,1,0,0,0
7271861,0,9,1,2,2,2,2,0,0,0,0,9,1,4,0,0
2491221,0,9,2,2,2,2,2,2,1,0,0,9,1,10,0,0
4235392,0,9,1,2,2,2,2,2,0,0,0,9,1,6,0,0
3041830,0,9,2,2,2,2,2,0,0,0,0,9,1,0,0,0
8455582,0,9,1,2,2,2,2,3,3,3,1,9,1,0,0,0
2028107,0,9,1,2,2,2,2,0,0,0,0,9,1,0,10000,10000
1775433,0,9,1,2,2,2,2,0,0,0,0,9,1,0,0,0
9004301,0,9,2,2,2,2,2,2,4,2,0,9,1,2,0,0
2470458,0,9,1,2,2,2,2,0,0,0,0,9,1,0,0,0
5546833,0,9,2,2,2,2,2,1,1,2,0,9,1,0,25000,25000
3642373,0,9,1,2,2,2,2,20,25,10,5,9,1,10,12500,12500
3128058,0,9,2,2,2,2,2,0,0,0,0,9,1,0,0,0
2626577,0,9,1,2,2,2,2,0,0,0,0,9,1,0,0,0
3717066,2,9,1,1,1,1,1,2,3,5,3,1,9,8,0,0
4150880,9,9,2,2,2,2,2,0,0,0,0,9,9,0,0,0
3892940,9,9,2,2,2,2,2,0,0,0,0,9,9,0,0,0
5224849,9,9,2,2,2,2,2,0,0,0,0,9,9,0,0,0
9082410,2,9,2,1,2,1,2,1,1,1,1,1,9,10,37500,37500
1567496,9,9,2,2,2,2,2,0,0,0,0,9,9,0,0,0
6593489,2,9,1,1,1,2,2,4,3,4,4,1,9,9,25000,25000
2853385,9,9,2,2,2,2,2,0,0,0,0,9,9,0,0,0
5745326,2,9,1,1,1,1,1,1,3,4,1,1,9,10,0,0
7323003,9,9,2,2,2,2,2,0,0,0,0,9,9,0,0,0
7090817,1,9,2,1,1,2,2,2,2,5,0,1,9,0,5000,5000
7385144,2,9,1,1,1,1,1,10,5,7,1,1,9,10,75000,75000
3319423,2,9,2,1,1,2,2,0,0,0,0,1,9,0,0,0
8820688,9,9,2,2,2,2,2,0,0,0,0,9,9,0,0,0
7973836,2,9,2,1,1,2,2,5,0,0,0,1,9,9,0,0
6560949,1,9,1,1,1,1,1,5,5,5,5,1,9,8,0,0
7070076,9,9,2,2,2,2,2,0,0,0,0,9,9,0,0,0
2914499,1,9,1,1,1,2,2,10,8,10,2,1,9,11,10473,10473
9318300,9,9,2,2,2,2,2,0,0,0,0,9,9,0,0,0
3066529,9,9,2,2,2,2,2,0,0,0,0,9,9,0,0,0
1396054,1,9,2,1,1,2,1,0,0,0,0,1,9,0,0,0
1710751,1,9,2,1,1,1,1,4,12,10,4,1,9,5,0,0
2189560,2,9,2,1,1,1,1,0,0,2,0,1,9,11,0,0
5221315,2,9,2,1,1,2,2,1,0,1,0,1,9,0,0,0
9013215,0,9,1,2,2,2,2,0,0,0,0,9,1,0,0,0
8442767,2,9,2,1,1,1,1,0,0,0,0,1,9,0,0,0
9667932,1,9,2,1,1,2,2,0,0,0,0,1,9,0,0,0
3595573,2,9,2,1,1,2,2,0,0,0,0,1,9,0,0,0
9400834,2,9,1,1,1,1,1,0,0,0,0,1,9,2,0,0
7354787,9,9,2,2,2,2,2,0,0,0,0,9,9,0,0,0
3146773,2,9,2,1,1,2,2,0,0,0,0,1,9,0,0,0
3981792,2,9,2,1,1,2,2,2,2,1,1,1,9,6,0,0
1251779,2,9,2,1,1,2,2,0,0,0,0,1,9,0,0,0
7782829,2,9,1,2,1,2,2,1,1,1,0,1,9,2,0,0
9164702,2,9,1,1,1,2,2,1,0,0,0,1,9,8,0,0
8045439,2,9,1,1,1,2,2,1,1,1,0,1,9,1,0,0
