date,ward_id,rainfall,temperature,humidity,aqi
2026-01-01,W001,76.73,24.25,64.63,107
2026-01-01,W002,16.74,25.02,80.92,189
2026-01-01,W003,10.43,28.22,56.04,105
2026-01-01,W004,27.92,30.02,74.64,233
2026-01-01,W005,77.99,29.45,62.72,200
2026-01-01,W006,33.38,32.69,81.56,90
2026-01-01,W007,83.78,27.4,60.44,245
2026-01-01,W008,40.39,24.93,58.39,138
2026-01-01,W009,72.45,32.07,80.54,187
2026-01-01,W010,14.98,33.22,57.76,125
2026-01-02,W001,99.53,30.19,85.16,197
2026-01-02,W002,23.07,24.7,78.14,247
2026-01-02,W003,34.73,24.8,63.15,75
2026-01-02,W004,45.62,28.53,84.19,91
2026-01-02,W005,44.42,26.1,64.34,224
2026-01-02,W006,77.76,30.09,60.99,236
2026-01-02,W007,29.38,28.62,64.45,213
2026-01-02,W008,82.58,26.2,66.35,246
2026-01-02,W009,93.12,26.29,56.12,130
2026-01-02,W010,48.14,24.66,86.96,195
2026-01-03,W001,105.16,27.15,77.94,151
2026-01-03,W002,106.16,30.43,60.0,85
2026-01-03,W003,29.6,29.61,64.2,199
2026-01-03,W004,51.41,29.84,67.67,85
2026-01-03,W005,61.14,24.91,56.65,78
2026-01-03,W006,18.34,25.6,78.82,202
2026-01-03,W007,7.62,27.82,89.86,185
2026-01-03,W008,30.17,29.53,87.99,224
2026-01-03,W009,86.49,30.82,73.79,118
2026-01-03,W010,92.23,27.4,65.27,90
2026-01-04,W001,54.45,33.54,85.65,117
2026-01-04,W002,116.63,31.62,72.77,77
2026-01-04,W003,104.46,26.98,77.36,205
2026-01-04,W004,23.87,27.74,60.65,249
2026-01-04,W005,110.69,33.18,75.96,175
2026-01-04,W006,2.34,33.29,85.76,128
2026-01-04,W007,28.73,26.41,74.86,70
2026-01-04,W008,10.28,28.86,57.42,244
2026-01-04,W009,63.92,25.26,78.09,190
2026-01-04,W010,19.82,29.28,76.23,104
2026-01-05,W001,111.47,31.55,79.15,232
2026-01-05,W002,37.41,33.95,77.75,162
2026-01-05,W003,107.95,28.51,63.68,66
2026-01-05,W004,40.57,29.88,63.05,106
2026-01-05,W005,0.86,31.08,57.06,67
2026-01-05,W006,108.65,32.6,57.48,110
2026-01-05,W007,33.42,28.85,73.87,235
2026-01-05,W008,112.26,29.71,71.54,250
2026-01-05,W009,56.76,28.07,58.3,218
2026-01-05,W010,51.73,28.24,71.35,236
2026-01-06,W001,6.5,30.53,77.62,65
2026-01-06,W002,48.31,27.39,85.16,113
2026-01-06,W003,22.99,29.36,59.91,96
2026-01-06,W004,33.43,26.5,87.31,163
2026-01-06,W005,96.96,32.56,58.43,216
2026-01-06,W006,119.91,32.36,88.91,242
2026-01-06,W007,101.84,25.66,72.0,104
2026-01-06,W008,103.76,33.02,60.76,50
2026-01-06,W009,118.24,26.65,82.44,166
2026-01-06,W010,34.23,30.97,80.57,250
2026-01-07,W001,66.69,31.18,60.42,125
2026-01-07,W002,26.12,24.58,80.75,65
2026-01-07,W003,89.76,24.57,75.45,178
2026-01-07,W004,110.33,29.31,56.99,180
2026-01-07,W005,9.61,25.86,75.83,222
2026-01-07,W006,103.42,28.04,87.96,195
2026-01-07,W007,29.55,29.95,76.68,157
2026-01-07,W008,78.88,29.65,66.07,116
2026-01-07,W009,24.51,31.16,63.35,151
2026-01-07,W010,15.71,30.46,71.0,242
2026-01-08,W001,112.29,24.09,76.74,194
2026-01-08,W002,119.53,24.73,62.46,117
2026-01-08,W003,15.89,27.49,57.41,112
2026-01-08,W004,44.34,25.58,84.18,230
2026-01-08,W005,36.3,33.84,83.25,185
2026-01-08,W006,0.94,32.17,65.48,219
2026-01-08,W007,12.43,32.78,64.26,77
2026-01-08,W008,89.09,25.55,64.86,103
2026-01-08,W009,86.11,26.04,77.2,117
2026-01-08,W010,60.65,26.51,86.79,63
2026-01-09,W001,11.08,28.24,64.68,50
2026-01-09,W002,40.03,25.31,89.29,91
2026-01-09,W003,88.95,29.52,69.97,52
2026-01-09,W004,13.42,33.45,79.19,88
2026-01-09,W005,65.47,32.35,75.39,87
2026-01-09,W006,51.57,24.42,67.76,60
2026-01-09,W007,107.87,26.1,63.73,76
2026-01-09,W008,42.44,29.6,85.61,208
2026-01-09,W009,89.94,33.26,63.29,91
2026-01-09,W010,117.14,32.11,85.85,56
2026-01-10,W001,21.52,33.24,82.38,155
2026-01-10,W002,96.27,32.64,83.38,118
2026-01-10,W003,19.1,31.01,68.39,59
2026-01-10,W004,103.03,26.22,83.58,167
2026-01-10,W005,41.96,32.21,85.5,107
2026-01-10,W006,2.84,25.93,66.49,67
2026-01-10,W007,116.03,26.79,77.45,152
2026-01-10,W008,81.54,32.44,66.59,57
2026-01-10,W009,13.84,33.7,61.25,117
2026-01-10,W010,4.59,29.97,67.1,130
2026-01-11,W001,52.37,33.84,59.05,197
2026-01-11,W002,22.81,24.44,70.26,183
2026-01-11,W003,111.07,29.38,80.18,239
2026-01-11,W004,88.44,25.97,70.1,220
2026-01-11,W005,110.49,30.23,78.22,81
2026-01-11,W006,86.37,27.0,65.82,154
2026-01-11,W007,39.14,30.97,74.4,99
2026-01-11,W008,50.45,33.4,78.71,94
2026-01-11,W009,73.86,27.01,74.18,50
2026-01-11,W010,36.46,26.1,82.5,205
2026-01-12,W001,78.56,28.65,70.48,104
2026-01-12,W002,61.34,31.94,88.59,238
2026-01-12,W003,20.36,24.85,73.04,212
2026-01-12,W004,74.31,24.93,88.32,110
2026-01-12,W005,80.74,26.25,61.97,56
2026-01-12,W006,5.55,33.84,76.39,246
2026-01-12,W007,8.74,28.14,77.04,99
2026-01-12,W008,86.2,27.84,68.99,87
2026-01-12,W009,78.73,24.06,81.28,247
2026-01-12,W010,106.26,31.78,62.66,228
2026-01-13,W001,62.15,24.5,63.72,81
2026-01-13,W002,54.78,32.01,78.37,193
2026-01-13,W003,71.45,33.5,86.2,206
2026-01-13,W004,97.8,32.92,69.94,190
2026-01-13,W005,53.51,25.59,85.15,165
2026-01-13,W006,31.1,26.47,77.32,246
2026-01-13,W007,93.32,28.85,63.37,162
2026-01-13,W008,9.3,26.86,64.51,131
2026-01-13,W009,107.16,24.81,60.28,148
2026-01-13,W010,83.27,31.06,57.25,154
2026-01-14,W001,39.71,28.66,57.18,157
2026-01-14,W002,46.74,31.7,88.11,55
2026-01-14,W003,102.81,31.66,68.31,51
2026-01-14,W004,113.13,26.99,68.65,157
2026-01-14,W005,64.59,31.35,83.0,106
2026-01-14,W006,58.59,26.73,72.0,149
2026-01-14,W007,40.34,30.79,69.15,92
2026-01-14,W008,100.86,33.2,89.33,186
2026-01-14,W009,3.24,27.94,74.75,56
2026-01-14,W010,10.07,28.29,85.34,96
2026-01-15,W001,6.03,27.79,62.41,133
2026-01-15,W002,40.5,32.8,64.74,157
2026-01-15,W003,30.27,24.82,55.68,188
2026-01-15,W004,6.25,33.52,62.85,67
2026-01-15,W005,93.75,30.52,81.4,113
2026-01-15,W006,23.92,24.2,60.33,82
2026-01-15,W007,56.83,25.14,88.17,169
2026-01-15,W008,83.94,31.67,60.87,205
2026-01-15,W009,115.65,31.18,82.22,91
2026-01-15,W010,115.77,25.08,55.9,129
2026-01-16,W001,69.1,33.08,68.14,233
2026-01-16,W002,23.8,29.92,84.07,112
2026-01-16,W003,12.23,31.72,84.76,203
2026-01-16,W004,96.66,31.96,74.81,60
2026-01-16,W005,41.66,28.28,67.97,179
2026-01-16,W006,77.71,24.13,69.7,175
2026-01-16,W007,12.66,33.61,77.25,167
2026-01-16,W008,84.88,28.35,80.68,216
2026-01-16,W009,32.41,32.08,73.84,173
2026-01-16,W010,55.78,32.26,75.74,132
2026-01-17,W001,102.21,32.31,58.03,165
2026-01-17,W002,29.26,28.65,76.36,147
2026-01-17,W003,40.37,28.94,66.38,174
2026-01-17,W004,25.45,31.98,66.91,202
2026-01-17,W005,84.14,26.76,55.36,98
2026-01-17,W006,10.27,31.2,72.1,244
2026-01-17,W007,28.84,28.76,79.91,164
2026-01-17,W008,95.15,24.93,62.76,227
2026-01-17,W009,29.2,30.64,67.92,191
2026-01-17,W010,63.71,28.26,81.11,134
2026-01-18,W001,42.22,28.54,65.73,109
2026-01-18,W002,14.48,25.93,59.18,187
2026-01-18,W003,114.11,30.9,61.7,239
2026-01-18,W004,58.1,31.25,89.18,184
2026-01-18,W005,71.61,33.81,84.14,125
2026-01-18,W006,27.3,25.79,55.5,186
2026-01-18,W007,15.19,24.46,56.91,124
2026-01-18,W008,83.69,25.26,85.4,175
2026-01-18,W009,12.31,24.12,64.95,172
2026-01-18,W010,52.86,25.84,56.8,172
2026-01-19,W001,13.69,24.65,72.21,197
2026-01-19,W002,75.53,24.54,60.22,194
2026-01-19,W003,113.9,24.85,63.69,192
2026-01-19,W004,91.73,30.06,82.68,107
2026-01-19,W005,93.08,27.8,86.8,126
2026-01-19,W006,103.22,33.9,65.69,208
2026-01-19,W007,7.23,33.6,58.47,245
2026-01-19,W008,24.93,26.11,78.11,90
2026-01-19,W009,28.78,29.52,60.48,154
2026-01-19,W010,54.06,29.94,65.19,109
2026-01-20,W001,34.57,26.83,85.09,68
2026-01-20,W002,82.49,33.24,82.57,210
2026-01-20,W003,70.77,32.04,61.92,79
2026-01-20,W004,65.35,30.48,86.79,86
2026-01-20,W005,8.57,25.66,65.77,241
2026-01-20,W006,98.91,33.21,70.37,169
2026-01-20,W007,82.64,31.0,87.99,178
2026-01-20,W008,64.8,28.38,75.93,160
2026-01-20,W009,88.14,30.04,55.91,108
2026-01-20,W010,115.43,32.36,75.13,55
2026-01-21,W001,119.95,30.72,64.43,60
2026-01-21,W002,91.57,25.75,73.16,163
2026-01-21,W003,109.93,25.81,75.49,212
2026-01-21,W004,97.71,33.69,71.45,154
2026-01-21,W005,40.0,30.7,85.02,134
2026-01-21,W006,49.4,28.95,78.19,152
2026-01-21,W007,97.63,29.5,70.92,130
2026-01-21,W008,30.29,25.16,82.04,181
2026-01-21,W009,98.99,24.01,85.43,168
2026-01-21,W010,49.59,25.88,67.66,243
2026-01-22,W001,59.82,28.42,56.81,118
2026-01-22,W002,65.91,33.28,70.33,228
2026-01-22,W003,58.17,24.29,77.05,111
2026-01-22,W004,85.17,27.11,55.48,154
2026-01-22,W005,11.19,33.92,86.95,168
2026-01-22,W006,113.65,30.48,60.39,233
2026-01-22,W007,35.02,31.05,69.54,173
2026-01-22,W008,117.63,26.44,74.29,148
2026-01-22,W009,22.87,29.99,81.12,84
2026-01-22,W010,103.68,26.76,82.65,156
2026-01-23,W001,40.79,31.88,64.35,50
2026-01-23,W002,33.94,26.99,75.54,218
2026-01-23,W003,58.76,25.49,73.85,138
2026-01-23,W004,39.89,31.63,68.2,132
2026-01-23,W005,104.35,33.81,63.36,148
2026-01-23,W006,28.03,31.76,56.53,240
2026-01-23,W007,56.76,33.13,68.34,219
2026-01-23,W008,95.09,30.52,60.32,59
2026-01-23,W009,15.15,33.65,66.62,75
2026-01-23,W010,104.9,28.4,73.41,166
2026-01-24,W001,1.84,25.44,85.48,89
2026-01-24,W002,8.98,31.82,64.28,209
2026-01-24,W003,83.12,30.5,84.81,222
2026-01-24,W004,103.12,27.8,66.08,233
2026-01-24,W005,106.49,28.88,73.94,208
2026-01-24,W006,8.21,30.31,87.23,108
2026-01-24,W007,89.61,28.34,58.45,212
2026-01-24,W008,84.47,25.01,60.82,126
2026-01-24,W009,108.41,24.46,82.87,125
2026-01-24,W010,43.02,28.31,63.55,155
2026-01-25,W001,67.91,31.93,60.95,70
2026-01-25,W002,73.14,27.83,78.91,177
2026-01-25,W003,109.54,25.43,71.14,115
2026-01-25,W004,55.15,30.67,86.46,169
2026-01-25,W005,108.15,30.78,60.53,163
2026-01-25,W006,113.43,33.88,65.47,158
2026-01-25,W007,82.84,28.57,65.57,148
2026-01-25,W008,102.4,25.07,68.35,141
2026-01-25,W009,68.98,33.93,65.33,218
2026-01-25,W010,47.5,24.08,85.28,249
2026-01-26,W001,89.36,24.49,76.22,177
2026-01-26,W002,99.94,33.03,82.15,108
2026-01-26,W003,72.85,27.52,77.28,208
2026-01-26,W004,30.08,31.56,81.86,224
2026-01-26,W005,100.6,30.28,86.62,215
2026-01-26,W006,4.73,31.89,56.17,143
2026-01-26,W007,87.88,24.9,65.33,241
2026-01-26,W008,49.86,26.01,82.53,143
2026-01-26,W009,63.7,33.13,84.07,115
2026-01-26,W010,109.69,33.44,88.86,125
2026-01-27,W001,89.59,27.39,59.03,69
2026-01-27,W002,16.89,33.67,85.1,235
2026-01-27,W003,80.93,27.97,84.6,192
2026-01-27,W004,43.89,31.91,55.49,187
2026-01-27,W005,14.83,27.69,81.22,117
2026-01-27,W006,70.15,32.22,87.91,77
2026-01-27,W007,80.98,28.71,76.68,193
2026-01-27,W008,39.36,30.1,77.67,212
2026-01-27,W009,98.86,33.09,65.58,154
2026-01-27,W010,14.0,24.45,56.3,176
2026-01-28,W001,13.93,26.35,73.81,149
2026-01-28,W002,54.44,30.7,81.01,188
2026-01-28,W003,50.3,31.42,60.41,156
2026-01-28,W004,78.59,32.34,76.55,121
2026-01-28,W005,3.93,27.71,70.52,110
2026-01-28,W006,102.65,24.99,79.0,189
2026-01-28,W007,108.2,30.45,57.12,120
2026-01-28,W008,22.78,25.22,84.68,166
2026-01-28,W009,11.0,26.12,77.38,55
2026-01-28,W010,6.07,27.34,89.61,194
2026-01-29,W001,24.62,32.3,74.4,200
2026-01-29,W002,25.91,32.7,66.5,87
2026-01-29,W003,94.64,29.96,64.7,87
2026-01-29,W004,118.5,29.4,82.95,78
2026-01-29,W005,79.33,24.26,55.52,110
2026-01-29,W006,70.66,24.16,64.29,82
2026-01-29,W007,89.01,29.26,81.1,171
2026-01-29,W008,53.79,27.62,75.78,165
2026-01-29,W009,60.46,33.45,56.52,250
2026-01-29,W010,109.05,30.59,65.56,214
2026-01-30,W001,115.68,24.61,71.76,152
2026-01-30,W002,51.15,25.08,79.93,163
2026-01-30,W003,8.82,24.81,76.29,66
2026-01-30,W004,15.14,30.24,75.49,232
2026-01-30,W005,39.02,33.95,73.57,166
2026-01-30,W006,60.67,28.3,82.76,79
2026-01-30,W007,102.34,30.51,81.91,234
2026-01-30,W008,103.86,28.3,86.08,155
2026-01-30,W009,40.67,28.53,69.56,74
2026-01-30,W010,37.51,27.13,63.92,89
2026-01-31,W001,82.42,28.74,58.19,71
2026-01-31,W002,11.19,24.97,80.86,83
2026-01-31,W003,66.76,29.86,74.66,134
2026-01-31,W004,80.4,28.11,85.58,242
2026-01-31,W005,50.75,33.16,56.8,123
2026-01-31,W006,72.05,27.52,75.23,104
2026-01-31,W007,18.57,28.82,84.65,139
2026-01-31,W008,101.44,27.68,81.69,196
2026-01-31,W009,27.14,28.29,74.63,246
2026-01-31,W010,98.21,30.14,77.49,56
2026-02-01,W001,73.08,30.58,79.27,57
2026-02-01,W002,21.65,31.03,65.81,136
2026-02-01,W003,42.12,25.81,60.01,218
2026-02-01,W004,48.09,25.42,77.16,57
2026-02-01,W005,11.01,29.3,68.17,166
2026-02-01,W006,40.91,27.7,80.26,248
2026-02-01,W007,112.97,29.96,85.92,89
2026-02-01,W008,18.89,30.18,78.59,119
2026-02-01,W009,53.17,28.24,76.25,156
2026-02-01,W010,32.78,31.55,58.98,160
2026-02-02,W001,13.31,30.78,75.76,184
2026-02-02,W002,80.06,24.45,68.83,203
2026-02-02,W003,6.57,26.04,88.09,246
2026-02-02,W004,16.47,26.56,66.48,51
2026-02-02,W005,59.69,28.31,59.52,186
2026-02-02,W006,84.44,29.0,84.17,140
2026-02-02,W007,8.65,32.62,56.48,54
2026-02-02,W008,55.17,24.78,65.96,159
2026-02-02,W009,68.81,31.09,69.62,79
2026-02-02,W010,48.6,33.66,61.02,208
2026-02-03,W001,55.21,30.9,67.66,161
2026-02-03,W002,101.34,26.43,75.61,184
2026-02-03,W003,9.44,32.71,81.1,106
2026-02-03,W004,39.97,25.68,72.87,79
2026-02-03,W005,63.67,25.94,82.17,139
2026-02-03,W006,87.29,32.19,83.53,110
2026-02-03,W007,12.34,26.56,61.07,89
2026-02-03,W008,91.23,30.56,61.2,247
2026-02-03,W009,75.35,28.64,74.73,198
2026-02-03,W010,53.87,33.24,74.76,212
2026-02-04,W001,118.38,27.23,88.98,130
2026-02-04,W002,18.11,24.68,70.48,127
2026-02-04,W003,95.56,29.91,67.32,68
2026-02-04,W004,37.25,28.52,56.99,123
2026-02-04,W005,9.21,32.64,84.94,207
2026-02-04,W006,71.29,27.84,75.31,239
2026-02-04,W007,107.51,28.5,83.34,216
2026-02-04,W008,22.59,30.05,72.55,65
2026-02-04,W009,54.06,32.11,84.31,232
2026-02-04,W010,10.12,30.46,56.37,231
2026-02-05,W001,52.53,28.39,73.3,90
2026-02-05,W002,43.67,33.18,68.56,248
2026-02-05,W003,40.6,29.98,82.62,215
2026-02-05,W004,40.16,27.3,74.53,148
2026-02-05,W005,34.1,31.24,77.98,204
2026-02-05,W006,104.79,27.33,75.4,86
2026-02-05,W007,110.01,27.1,77.96,219
2026-02-05,W008,47.03,29.95,87.83,129
2026-02-05,W009,67.07,30.43,66.5,82
2026-02-05,W010,80.41,32.29,80.86,225
2026-02-06,W001,109.49,24.93,78.47,180
2026-02-06,W002,43.42,27.63,61.31,104
2026-02-06,W003,41.01,31.66,61.72,85
2026-02-06,W004,18.59,26.96,82.58,179
2026-02-06,W005,92.5,32.35,85.93,59
2026-02-06,W006,79.43,32.76,76.63,202
2026-02-06,W007,45.21,25.62,84.1,247
2026-02-06,W008,74.97,33.03,80.24,61
2026-02-06,W009,49.3,30.76,63.31,163
2026-02-06,W010,73.27,31.52,82.43,109
2026-02-07,W001,64.08,27.09,83.3,170
2026-02-07,W002,108.48,25.94,78.74,196
2026-02-07,W003,118.13,28.62,64.86,147
2026-02-07,W004,60.35,28.19,60.67,101
2026-02-07,W005,96.15,25.38,63.75,214
2026-02-07,W006,57.67,27.71,87.7,232
2026-02-07,W007,101.51,32.51,64.98,245
2026-02-07,W008,19.24,28.49,72.97,161
2026-02-07,W009,11.01,33.11,83.58,139
2026-02-07,W010,111.66,28.15,68.88,145
2026-02-08,W001,28.29,33.95,68.12,57
2026-02-08,W002,38.24,24.99,80.01,135
2026-02-08,W003,94.97,25.38,65.04,170
2026-02-08,W004,83.53,25.39,79.69,164
2026-02-08,W005,73.84,33.06,55.67,105
2026-02-08,W006,100.2,29.49,80.45,185
2026-02-08,W007,50.79,31.76,63.32,81
2026-02-08,W008,5.73,28.2,82.79,167
2026-02-08,W009,7.54,32.37,72.49,187
2026-02-08,W010,1.97,29.15,63.47,86
2026-02-09,W001,34.95,24.02,67.35,196
2026-02-09,W002,49.99,30.64,58.0,142
2026-02-09,W003,8.12,29.26,72.76,179
2026-02-09,W004,66.5,27.9,71.45,212
2026-02-09,W005,46.43,27.73,81.16,141
2026-02-09,W006,94.62,27.45,80.65,210
2026-02-09,W007,12.44,29.82,81.48,84
2026-02-09,W008,5.32,29.46,83.47,94
2026-02-09,W009,99.65,30.85,89.33,172
2026-02-09,W010,75.81,32.11,57.21,248
2026-02-10,W001,113.23,24.37,62.06,101
2026-02-10,W002,106.29,27.16,65.85,151
2026-02-10,W003,118.69,29.43,63.87,242
2026-02-10,W004,77.63,26.86,85.17,62
2026-02-10,W005,103.9,27.32,59.36,144
2026-02-10,W006,52.43,28.0,70.39,148
2026-02-10,W007,40.68,25.87,79.22,144
2026-02-10,W008,110.92,29.19,83.04,236
2026-02-10,W009,50.94,28.31,89.83,96
2026-02-10,W010,65.46,27.21,57.8,219
2026-02-11,W001,35.48,28.46,80.12,92
2026-02-11,W002,82.77,27.52,56.48,140
2026-02-11,W003,73.78,28.35,77.38,64
2026-02-11,W004,9.0,30.38,67.72,241
2026-02-11,W005,81.53,33.53,60.0,205
2026-02-11,W006,81.37,28.38,59.42,110
2026-02-11,W007,93.42,27.66,68.4,195
2026-02-11,W008,3.89,25.53,70.75,144
2026-02-11,W009,44.64,31.63,75.09,185
2026-02-11,W010,44.03,27.14,64.75,79
2026-02-12,W001,3.11,25.86,73.12,193
2026-02-12,W002,14.13,31.75,79.64,104
2026-02-12,W003,119.56,26.86,87.08,175
2026-02-12,W004,24.02,25.36,57.59,94
2026-02-12,W005,107.84,28.45,58.07,224
2026-02-12,W006,116.11,33.87,78.37,231
2026-02-12,W007,7.79,29.42,86.2,90
2026-02-12,W008,85.42,33.27,77.32,142
2026-02-12,W009,61.05,25.21,62.03,85
2026-02-12,W010,28.41,28.94,67.63,196
2026-02-13,W001,44.27,32.04,74.31,206
2026-02-13,W002,106.11,24.66,68.94,233
2026-02-13,W003,86.26,29.26,81.92,197
2026-02-13,W004,8.85,33.72,77.48,165
2026-02-13,W005,55.9,29.17,59.49,249
2026-02-13,W006,66.16,29.88,81.87,83
2026-02-13,W007,51.91,33.11,56.94,81
2026-02-13,W008,62.17,27.04,60.67,231
2026-02-13,W009,27.06,33.47,73.16,122
2026-02-13,W010,101.51,26.51,77.23,191
2026-02-14,W001,32.93,30.25,76.5,73
2026-02-14,W002,60.31,25.69,87.96,89
2026-02-14,W003,20.54,30.24,86.57,136
2026-02-14,W004,101.1,29.64,83.88,57
2026-02-14,W005,9.75,33.49,81.99,117
2026-02-14,W006,78.14,31.67,69.58,213
2026-02-14,W007,3.63,32.89,74.1,214
2026-02-14,W008,114.8,28.83,83.16,225
2026-02-14,W009,48.73,28.54,79.1,90
2026-02-14,W010,52.75,28.84,62.14,205
2026-02-15,W001,17.24,32.61,66.18,138
2026-02-15,W002,117.04,25.31,67.97,193
2026-02-15,W003,12.74,26.42,59.29,165
2026-02-15,W004,29.75,24.97,65.16,148
2026-02-15,W005,103.7,28.18,88.69,90
2026-02-15,W006,97.62,33.34,80.24,98
2026-02-15,W007,91.57,28.98,73.02,177
2026-02-15,W008,105.49,28.97,58.15,150
2026-02-15,W009,60.65,33.67,62.53,140
2026-02-15,W010,5.84,26.81,75.91,217
2026-02-16,W001,80.7,26.86,55.29,77
2026-02-16,W002,51.71,32.82,80.46,245
2026-02-16,W003,48.39,24.45,56.79,193
2026-02-16,W004,23.36,29.53,57.57,179
2026-02-16,W005,54.04,29.5,83.89,209
2026-02-16,W006,81.65,25.19,89.13,150
2026-02-16,W007,44.78,33.87,74.52,143
2026-02-16,W008,90.6,25.99,72.82,178
2026-02-16,W009,4.83,24.39,79.98,171
2026-02-16,W010,62.32,25.49,86.26,85
2026-02-17,W001,39.36,30.13,60.69,207
2026-02-17,W002,88.72,26.99,66.77,180
2026-02-17,W003,63.88,31.09,65.49,54
2026-02-17,W004,44.2,30.74,89.3,199
2026-02-17,W005,36.92,32.99,85.52,211
2026-02-17,W006,3.2,28.75,88.85,250
2026-02-17,W007,116.65,29.78,62.96,63
2026-02-17,W008,70.02,25.71,77.02,208
2026-02-17,W009,92.95,27.8,83.76,112
2026-02-17,W010,3.79,33.48,58.85,54
2026-02-18,W001,52.92,28.19,69.45,102
2026-02-18,W002,49.25,31.75,87.22,238
2026-02-18,W003,87.29,31.06,73.15,193
2026-02-18,W004,39.01,30.62,73.39,130
2026-02-18,W005,114.8,28.6,73.66,189
2026-02-18,W006,42.51,31.72,80.23,214
2026-02-18,W007,96.44,26.64,71.95,113
2026-02-18,W008,33.48,26.98,87.95,126
2026-02-18,W009,92.54,31.05,79.16,175
2026-02-18,W010,38.04,27.49,87.68,234
2026-02-19,W001,32.81,25.22,78.68,147
2026-02-19,W002,107.49,27.95,67.08,247
2026-02-19,W003,96.55,26.9,65.07,232
2026-02-19,W004,9.48,33.24,77.96,241
2026-02-19,W005,57.49,26.02,73.85,193
2026-02-19,W006,83.54,25.37,76.55,200
2026-02-19,W007,28.71,24.51,86.68,107
2026-02-19,W008,76.55,24.52,69.47,233
2026-02-19,W009,56.69,30.81,59.81,190
2026-02-19,W010,117.35,25.58,77.85,171
2026-02-20,W001,57.29,25.99,88.74,132
2026-02-20,W002,34.25,24.59,81.91,216
2026-02-20,W003,68.9,29.35,80.31,59
2026-02-20,W004,109.59,25.75,85.88,95
2026-02-20,W005,112.07,24.36,84.27,176
2026-02-20,W006,22.36,31.49,85.53,124
2026-02-20,W007,105.21,24.09,74.88,77
2026-02-20,W008,111.41,27.35,70.9,214
2026-02-20,W009,65.2,28.94,87.85,179
2026-02-20,W010,56.16,25.93,58.94,91
2026-02-21,W001,87.73,30.48,80.15,53
2026-02-21,W002,88.39,31.91,74.87,243
2026-02-21,W003,23.18,30.11,77.36,153
2026-02-21,W004,99.24,29.15,58.04,221
2026-02-21,W005,11.45,33.82,71.71,113
2026-02-21,W006,0.82,27.84,70.64,118
2026-02-21,W007,114.48,27.02,80.3,52
2026-02-21,W008,31.39,27.6,63.27,220
2026-02-21,W009,14.19,27.07,69.19,178
2026-02-21,W010,110.77,32.88,81.94,226
2026-02-22,W001,14.09,33.16,65.33,207
2026-02-22,W002,26.5,33.57,71.74,166
2026-02-22,W003,89.73,30.06,69.55,190
2026-02-22,W004,109.54,31.57,83.07,105
2026-02-22,W005,91.42,30.8,75.85,70
2026-02-22,W006,63.06,29.28,67.66,194
2026-02-22,W007,13.47,32.29,86.6,101
2026-02-22,W008,68.72,25.5,66.48,183
2026-02-22,W009,53.02,30.8,80.09,175
2026-02-22,W010,10.91,29.1,83.3,166
2026-02-23,W001,15.83,28.15,74.74,193
2026-02-23,W002,55.49,32.07,80.31,151
2026-02-23,W003,30.53,24.03,62.63,68
2026-02-23,W004,5.43,27.45,57.23,65
2026-02-23,W005,112.15,24.69,87.68,58
2026-02-23,W006,34.45,25.8,59.74,214
2026-02-23,W007,117.4,30.46,69.71,147
2026-02-23,W008,53.82,33.17,68.21,70
2026-02-23,W009,81.93,30.62,73.88,217
2026-02-23,W010,103.23,25.19,89.75,150
2026-02-24,W001,63.46,31.28,62.79,50
2026-02-24,W002,90.74,33.78,71.21,234
2026-02-24,W003,65.33,29.32,83.82,113
2026-02-24,W004,55.28,25.55,61.6,235
2026-02-24,W005,91.86,24.32,78.11,207
2026-02-24,W006,91.93,32.84,55.55,102
2026-02-24,W007,8.07,29.94,70.63,222
2026-02-24,W008,84.39,24.49,80.92,152
2026-02-24,W009,52.68,29.4,81.4,248
2026-02-24,W010,6.77,29.04,65.12,237
2026-02-25,W001,69.13,29.77,82.04,132
2026-02-25,W002,28.43,32.76,89.5,183
2026-02-25,W003,26.53,27.01,57.13,201
2026-02-25,W004,105.57,33.12,76.91,159
2026-02-25,W005,66.7,24.47,67.05,214
2026-02-25,W006,80.56,31.86,66.16,156
2026-02-25,W007,48.99,27.0,61.44,187
2026-02-25,W008,56.82,32.49,65.53,231
2026-02-25,W009,17.32,28.63,57.02,155
2026-02-25,W010,116.13,29.57,59.69,112
2026-02-26,W001,30.6,27.3,57.77,165
2026-02-26,W002,101.66,24.92,80.36,98
2026-02-26,W003,6.18,27.77,76.17,60
2026-02-26,W004,104.83,25.88,81.66,235
2026-02-26,W005,80.57,26.17,62.31,135
2026-02-26,W006,36.38,33.09,62.41,98
2026-02-26,W007,115.45,25.17,89.99,172
2026-02-26,W008,109.73,30.96,79.63,151
2026-02-26,W009,109.82,29.52,82.14,147
2026-02-26,W010,55.95,30.49,65.79,142
2026-02-27,W001,61.54,28.97,58.45,234
2026-02-27,W002,56.34,32.4,87.0,144
2026-02-27,W003,37.55,24.46,85.24,239
2026-02-27,W004,17.51,26.61,87.72,198
2026-02-27,W005,86.4,26.95,61.87,108
2026-02-27,W006,45.58,32.33,72.48,217
2026-02-27,W007,113.22,27.38,81.72,175
2026-02-27,W008,115.98,30.42,72.17,93
2026-02-27,W009,87.93,27.52,59.9,189
2026-02-27,W010,58.6,33.17,73.97,214
2026-02-28,W001,114.87,29.24,84.37,69
2026-02-28,W002,113.42,30.68,81.75,155
2026-02-28,W003,16.5,30.31,57.38,88
2026-02-28,W004,1.1,29.06,68.06,208
2026-02-28,W005,76.53,33.34,86.95,218
2026-02-28,W006,58.54,24.07,74.31,53
2026-02-28,W007,2.01,31.22,73.75,123
2026-02-28,W008,2.06,32.13,78.59,95
2026-02-28,W009,12.84,24.96,60.21,99
2026-02-28,W010,74.37,26.52,67.41,151
2026-03-01,W001,9.48,33.59,71.06,112
2026-03-01,W002,118.83,26.26,78.94,70
2026-03-01,W003,78.45,32.58,81.59,73
2026-03-01,W004,48.63,27.77,71.66,213
2026-03-01,W005,1.13,25.71,72.5,161
2026-03-01,W006,77.39,27.31,89.21,74
2026-03-01,W007,107.37,33.19,63.04,227
2026-03-01,W008,106.51,28.76,56.63,69
2026-03-01,W009,82.13,26.8,74.01,218
2026-03-01,W010,3.95,33.29,66.01,103
2026-03-02,W001,70.44,31.52,79.94,151
2026-03-02,W002,111.46,26.99,74.74,195
2026-03-02,W003,100.16,27.89,86.38,134
2026-03-02,W004,46.06,31.4,82.67,226
2026-03-02,W005,86.9,29.01,89.1,63
2026-03-02,W006,11.72,26.32,57.66,204
2026-03-02,W007,92.28,33.55,68.88,248
2026-03-02,W008,39.17,30.34,82.42,165
2026-03-02,W009,58.87,27.56,87.94,160
2026-03-02,W010,22.29,29.86,68.3,247
2026-03-03,W001,74.23,31.98,79.96,71
2026-03-03,W002,32.16,27.8,82.44,89
2026-03-03,W003,88.76,27.17,58.73,51
2026-03-03,W004,113.16,28.45,81.65,76
2026-03-03,W005,15.9,25.87,70.71,192
2026-03-03,W006,61.49,25.03,58.14,191
2026-03-03,W007,11.17,29.98,66.36,148
2026-03-03,W008,1.48,28.14,82.27,235
2026-03-03,W009,108.14,33.05,89.24,196
2026-03-03,W010,62.53,30.85,60.93,118
2026-03-04,W001,36.14,28.93,57.21,161
2026-03-04,W002,33.12,27.0,82.39,142
2026-03-04,W003,30.2,26.47,76.88,202
2026-03-04,W004,74.0,28.58,59.74,51
2026-03-04,W005,113.86,27.32,76.71,134
2026-03-04,W006,52.83,28.31,83.82,216
2026-03-04,W007,116.91,25.36,66.22,227
2026-03-04,W008,24.1,27.14,88.76,131
2026-03-04,W009,34.97,30.95,72.19,197
2026-03-04,W010,93.84,27.26,64.81,150
2026-03-05,W001,43.8,33.32,61.99,189
2026-03-05,W002,21.59,31.68,55.94,236
2026-03-05,W003,55.39,31.08,70.35,124
2026-03-05,W004,99.75,24.69,84.67,154
2026-03-05,W005,80.76,25.39,65.6,114
2026-03-05,W006,79.04,31.15,82.62,68
2026-03-05,W007,53.89,29.98,75.38,186
2026-03-05,W008,60.79,33.2,79.21,189
2026-03-05,W009,4.41,33.68,79.56,187
2026-03-05,W010,71.26,33.14,58.83,113
2026-03-06,W001,78.91,27.55,77.64,61
2026-03-06,W002,67.59,30.45,77.64,242
2026-03-06,W003,39.79,31.96,58.71,75
2026-03-06,W004,31.05,29.11,73.16,198
2026-03-06,W005,82.52,26.21,68.09,168
2026-03-06,W006,92.68,29.89,72.52,138
2026-03-06,W007,119.72,28.83,65.34,71
2026-03-06,W008,13.93,33.41,59.96,129
2026-03-06,W009,41.17,31.84,73.24,139
2026-03-06,W010,57.14,28.38,79.39,131
2026-03-07,W001,8.06,24.45,79.88,55
2026-03-07,W002,101.9,30.48,78.7,92
2026-03-07,W003,111.59,31.4,73.06,191
2026-03-07,W004,19.22,29.6,88.55,109
2026-03-07,W005,95.73,30.3,61.52,218
2026-03-07,W006,51.86,24.29,76.49,100
2026-03-07,W007,53.95,28.3,55.16,104
2026-03-07,W008,24.69,31.52,83.31,66
2026-03-07,W009,69.28,32.0,73.79,143
2026-03-07,W010,39.12,28.58,64.18,175
2026-03-08,W001,63.33,30.39,75.89,206
2026-03-08,W002,47.11,25.14,67.32,167
2026-03-08,W003,74.08,32.14,79.71,126
2026-03-08,W004,110.24,29.9,78.52,130
2026-03-08,W005,14.14,27.05,61.41,227
2026-03-08,W006,16.96,27.88,75.87,197
2026-03-08,W007,46.05,25.86,77.24,227
2026-03-08,W008,110.3,33.31,61.06,92
2026-03-08,W009,58.76,25.4,66.01,165
2026-03-08,W010,74.33,32.66,88.31,174
2026-03-09,W001,16.38,32.15,88.73,179
2026-03-09,W002,78.37,28.09,72.21,231
2026-03-09,W003,100.79,28.89,57.89,57
2026-03-09,W004,95.51,26.21,56.14,107
2026-03-09,W005,64.51,25.68,71.01,240
2026-03-09,W006,92.71,28.95,72.88,196
2026-03-09,W007,13.7,31.75,83.81,143
2026-03-09,W008,65.05,31.57,81.6,162
2026-03-09,W009,65.56,33.9,58.58,217
2026-03-09,W010,90.16,26.98,89.98,165
2026-03-10,W001,31.54,32.62,58.04,80
2026-03-10,W002,93.08,26.37,83.37,200
2026-03-10,W003,82.7,32.61,76.36,159
2026-03-10,W004,19.92,25.39,62.23,102
2026-03-10,W005,96.65,29.7,73.63,202
2026-03-10,W006,64.65,27.24,79.64,124
2026-03-10,W007,68.73,33.52,73.0,223
2026-03-10,W008,97.82,25.36,81.25,155
2026-03-10,W009,110.25,33.92,85.35,82
2026-03-10,W010,84.17,25.33,60.12,132
2026-03-11,W001,99.42,31.61,78.67,175
2026-03-11,W002,17.06,30.32,76.97,146
2026-03-11,W003,54.24,30.34,85.8,73
2026-03-11,W004,48.34,31.5,79.31,144
2026-03-11,W005,54.56,28.88,75.37,248
2026-03-11,W006,101.66,24.93,89.03,212
2026-03-11,W007,79.7,27.58,57.22,186
2026-03-11,W008,47.73,33.68,83.87,176
2026-03-11,W009,32.22,32.28,66.82,197
2026-03-11,W010,15.67,32.52,82.59,224
2026-03-12,W001,91.47,24.46,76.92,167
2026-03-12,W002,1.95,33.29,60.53,166
2026-03-12,W003,0.08,33.58,62.08,226
2026-03-12,W004,109.13,32.82,65.57,120
2026-03-12,W005,11.2,27.6,57.88,220
2026-03-12,W006,108.46,25.66,68.87,128
2026-03-12,W007,87.12,31.55,70.02,73
2026-03-12,W008,84.44,24.01,71.69,83
2026-03-12,W009,71.24,29.19,70.58,52
2026-03-12,W010,83.47,32.17,89.59,158
2026-03-13,W001,83.28,28.78,63.01,72
2026-03-13,W002,87.69,25.02,65.97,126
2026-03-13,W003,16.46,31.73,81.36,84
2026-03-13,W004,76.99,30.77,57.39,194
2026-03-13,W005,1.02,30.5,70.4,234
2026-03-13,W006,25.57,31.48,87.2,207
2026-03-13,W007,82.39,32.6,58.03,75
2026-03-13,W008,16.8,25.23,80.55,139
2026-03-13,W009,115.59,27.15,59.89,120
2026-03-13,W010,77.35,26.48,76.03,234
2026-03-14,W001,72.91,31.79,79.17,218
2026-03-14,W002,105.1,26.05,76.24,98
2026-03-14,W003,89.74,26.96,56.91,111
2026-03-14,W004,59.39,25.13,72.49,202
2026-03-14,W005,8.52,32.89,55.42,142
2026-03-14,W006,112.07,25.32,85.13,195
2026-03-14,W007,50.5,29.46,61.05,170
2026-03-14,W008,114.53,31.7,55.58,67
2026-03-14,W009,1.66,26.16,87.29,151
2026-03-14,W010,60.79,30.29,72.54,156
2026-03-15,W001,50.83,28.02,77.42,187
2026-03-15,W002,73.93,26.77,65.85,180
2026-03-15,W003,110.51,33.74,60.44,133
2026-03-15,W004,46.89,30.34,84.21,224
2026-03-15,W005,77.18,27.1,70.31,111
2026-03-15,W006,6.95,24.86,70.21,166
2026-03-15,W007,73.48,24.55,78.31,218
2026-03-15,W008,88.88,25.19,79.78,229
2026-03-15,W009,1.36,28.96,67.13,182
2026-03-15,W010,93.96,31.21,60.84,82
2026-03-16,W001,89.97,32.73,80.65,80
2026-03-16,W002,92.57,24.29,83.25,119
2026-03-16,W003,62.86,26.63,89.13,210
2026-03-16,W004,9.25,28.55,67.6,177
2026-03-16,W005,103.12,25.67,60.51,247
2026-03-16,W006,12.35,29.74,80.3,108
2026-03-16,W007,88.89,24.03,85.05,53
2026-03-16,W008,29.35,28.72,68.4,88
2026-03-16,W009,21.48,33.6,56.24,232
2026-03-16,W010,88.88,28.19,66.26,156
2026-03-17,W001,109.9,27.2,83.91,196
2026-03-17,W002,44.74,29.02,86.57,95
2026-03-17,W003,26.78,29.16,56.61,152
2026-03-17,W004,8.27,28.65,64.88,129
2026-03-17,W005,39.28,29.53,55.28,101
2026-03-17,W006,34.99,31.85,80.89,112
2026-03-17,W007,55.67,29.92,72.27,247
2026-03-17,W008,93.11,31.32,74.13,112
2026-03-17,W009,18.07,33.32,55.84,188
2026-03-17,W010,41.57,32.4,85.7,135
2026-03-18,W001,0.18,30.57,84.72,236
2026-03-18,W002,36.9,26.05,89.41,157
2026-03-18,W003,59.04,24.6,89.89,232
2026-03-18,W004,33.58,24.44,63.1,183
2026-03-18,W005,49.57,32.96,71.05,241
2026-03-18,W006,10.19,24.96,59.67,150
2026-03-18,W007,8.98,29.68,70.22,83
2026-03-18,W008,28.41,26.61,66.03,150
2026-03-18,W009,84.09,31.35,66.13,119
2026-03-18,W010,28.03,33.44,59.76,247
2026-03-19,W001,70.16,25.55,60.75,169
2026-03-19,W002,37.68,25.21,67.54,247
2026-03-19,W003,24.92,27.08,64.28,80
2026-03-19,W004,10.85,32.08,65.65,230
2026-03-19,W005,83.63,24.4,84.26,133
2026-03-19,W006,17.8,31.11,88.89,151
2026-03-19,W007,61.62,30.77,64.11,94
2026-03-19,W008,3.73,28.04,70.83,241
2026-03-19,W009,66.01,24.95,58.57,85
2026-03-19,W010,14.57,24.62,82.33,106
2026-03-20,W001,15.69,32.24,68.03,211
2026-03-20,W002,112.51,24.84,75.51,69
2026-03-20,W003,2.62,24.64,86.59,163
2026-03-20,W004,97.12,24.92,84.65,134
2026-03-20,W005,14.7,33.42,56.77,196
2026-03-20,W006,51.98,31.24,72.36,147
2026-03-20,W007,81.99,25.73,62.52,97
2026-03-20,W008,33.0,28.46,60.2,207
2026-03-20,W009,74.3,26.46,65.33,155
2026-03-20,W010,105.93,28.79,58.07,148
2026-03-21,W001,16.47,25.99,85.96,184
2026-03-21,W002,29.9,33.94,74.03,54
2026-03-21,W003,118.73,31.82,67.57,189
2026-03-21,W004,93.77,27.44,74.8,132
2026-03-21,W005,46.61,25.8,66.16,106
2026-03-21,W006,3.52,32.11,64.83,170
2026-03-21,W007,63.53,31.67,89.99,90
2026-03-21,W008,12.02,30.57,64.33,238
2026-03-21,W009,6.71,33.96,62.68,149
2026-03-21,W010,42.58,32.39,84.58,95
2026-03-22,W001,28.39,27.18,80.83,141
2026-03-22,W002,109.68,24.28,79.52,195
2026-03-22,W003,67.63,29.63,61.59,176
2026-03-22,W004,65.05,25.76,56.33,64
2026-03-22,W005,27.91,26.19,73.43,50
2026-03-22,W006,39.81,30.14,83.23,137
2026-03-22,W007,86.03,33.19,84.55,132
2026-03-22,W008,7.15,25.48,79.66,86
2026-03-22,W009,92.92,32.46,85.12,68
2026-03-22,W010,44.83,33.42,68.85,75
2026-03-23,W001,40.39,27.23,89.16,237
2026-03-23,W002,113.84,31.92,88.62,216
2026-03-23,W003,38.07,31.07,74.67,207
2026-03-23,W004,94.44,26.23,75.61,94
2026-03-23,W005,45.41,31.34,65.31,95
2026-03-23,W006,87.46,33.49,88.2,150
2026-03-23,W007,102.09,31.71,74.86,96
2026-03-23,W008,72.29,33.21,88.86,106
2026-03-23,W009,76.76,25.04,72.37,134
2026-03-23,W010,89.44,26.38,89.38,92
2026-03-24,W001,76.34,33.63,83.76,221
2026-03-24,W002,76.69,32.87,70.63,117
2026-03-24,W003,25.16,30.93,67.27,77
2026-03-24,W004,86.45,24.48,70.34,157
2026-03-24,W005,116.29,32.85,72.26,146
2026-03-24,W006,42.15,27.75,84.01,197
2026-03-24,W007,78.12,30.87,60.69,68
2026-03-24,W008,95.9,24.33,55.7,116
2026-03-24,W009,114.2,24.74,60.95,146
2026-03-24,W010,19.31,24.75,87.96,73
2026-03-25,W001,40.55,33.85,86.26,230
2026-03-25,W002,3.72,33.42,60.77,161
2026-03-25,W003,18.85,25.01,62.19,98
2026-03-25,W004,49.11,29.54,87.4,188
2026-03-25,W005,31.83,26.82,63.31,62
2026-03-25,W006,47.15,29.5,72.18,63
2026-03-25,W007,43.3,28.28,65.31,219
2026-03-25,W008,75.01,28.8,58.39,102
2026-03-25,W009,20.5,26.92,57.87,79
2026-03-25,W010,37.0,27.97,72.12,219
2026-03-26,W001,31.8,30.42,68.56,144
2026-03-26,W002,106.26,27.69,70.6,117
2026-03-26,W003,52.77,26.63,84.3,194
2026-03-26,W004,7.4,31.52,78.36,71
2026-03-26,W005,80.18,32.08,69.49,243
2026-03-26,W006,70.77,29.54,84.43,183
2026-03-26,W007,50.24,29.36,85.34,171
2026-03-26,W008,68.73,26.36,65.46,151
2026-03-26,W009,108.33,31.14,72.57,182
2026-03-26,W010,96.05,30.78,76.71,80
2026-03-27,W001,113.91,28.49,88.22,92
2026-03-27,W002,116.66,32.08,59.42,158
2026-03-27,W003,9.4,30.83,62.07,210
2026-03-27,W004,17.75,29.95,66.19,236
2026-03-27,W005,109.7,24.67,68.58,151
2026-03-27,W006,66.25,32.57,73.19,53
2026-03-27,W007,94.39,30.23,73.29,157
2026-03-27,W008,13.5,25.5,74.83,199
2026-03-27,W009,91.01,33.4,87.37,194
2026-03-27,W010,93.55,31.86,85.36,138
2026-03-28,W001,105.35,26.64,77.92,196
2026-03-28,W002,73.08,24.37,64.64,86
2026-03-28,W003,74.19,30.81,69.06,151
2026-03-28,W004,106.75,27.31,63.32,240
2026-03-28,W005,57.03,26.69,68.04,136
2026-03-28,W006,98.09,27.03,64.81,175
2026-03-28,W007,102.99,30.85,89.04,108
2026-03-28,W008,16.13,33.74,70.51,132
2026-03-28,W009,32.33,28.17,77.59,98
2026-03-28,W010,53.01,33.13,69.25,174
2026-03-29,W001,91.14,32.67,83.74,181
2026-03-29,W002,94.98,24.66,79.83,153
2026-03-29,W003,16.28,32.51,85.78,57
2026-03-29,W004,20.85,32.75,62.03,64
2026-03-29,W005,29.94,28.56,87.13,230
2026-03-29,W006,23.89,27.68,71.25,151
2026-03-29,W007,76.25,25.24,56.07,145
2026-03-29,W008,58.65,28.46,88.62,171
2026-03-29,W009,70.43,27.5,60.72,116
2026-03-29,W010,89.88,30.89,64.98,148
2026-03-30,W001,5.96,32.54,82.29,104
2026-03-30,W002,102.85,30.47,78.72,118
2026-03-30,W003,78.19,29.13,85.26,246
2026-03-30,W004,81.86,28.74,59.63,94
2026-03-30,W005,72.14,24.08,63.83,128
2026-03-30,W006,85.53,31.09,64.64,146
2026-03-30,W007,102.19,28.59,62.64,127
2026-03-30,W008,81.26,32.24,68.9,76
2026-03-30,W009,0.88,33.99,88.83,145
2026-03-30,W010,67.37,29.94,64.89,225
2026-03-31,W001,12.97,24.64,89.59,213
2026-03-31,W002,39.02,26.77,77.96,216
2026-03-31,W003,35.85,25.5,81.79,64
2026-03-31,W004,96.65,32.02,76.0,219
2026-03-31,W005,38.35,25.4,55.89,177
2026-03-31,W006,119.7,26.59,69.65,149
2026-03-31,W007,88.41,29.83,89.82,98
2026-03-31,W008,41.18,31.13,79.02,213
2026-03-31,W009,94.19,33.07,78.52,179
2026-03-31,W010,36.02,25.7,78.02,192
2026-04-01,W001,21.74,24.98,59.48,116
2026-04-01,W002,87.02,29.59,86.94,224
2026-04-01,W003,107.95,30.54,62.78,107
2026-04-01,W004,89.31,27.07,82.58,134
2026-04-01,W005,44.6,29.86,71.23,80
2026-04-01,W006,56.46,32.66,75.43,208
2026-04-01,W007,8.55,32.89,72.52,224
2026-04-01,W008,45.8,26.98,56.89,88
2026-04-01,W009,16.48,26.0,69.32,195
2026-04-01,W010,107.14,33.87,60.01,233
2026-04-02,W001,21.64,24.81,66.64,95
2026-04-02,W002,37.61,24.58,70.82,103
2026-04-02,W003,91.34,25.69,81.76,175
2026-04-02,W004,94.23,31.8,59.53,161
2026-04-02,W005,76.02,28.03,88.79,148
2026-04-02,W006,0.56,29.34,80.57,53
2026-04-02,W007,107.04,31.57,73.59,54
2026-04-02,W008,81.21,30.27,63.71,227
2026-04-02,W009,105.24,27.12,58.59,178
2026-04-02,W010,70.64,25.67,83.83,126
2026-04-03,W001,113.82,28.56,73.21,184
2026-04-03,W002,40.54,32.88,89.84,137
2026-04-03,W003,119.54,28.9,81.25,92
2026-04-03,W004,113.77,33.18,69.12,108
2026-04-03,W005,26.92,33.85,62.39,55
2026-04-03,W006,70.76,25.69,67.83,216
2026-04-03,W007,95.06,27.75,77.41,247
2026-04-03,W008,64.17,24.49,89.81,219
2026-04-03,W009,12.97,32.36,56.69,79
2026-04-03,W010,50.01,27.8,74.15,171
2026-04-04,W001,84.22,26.05,79.0,52
2026-04-04,W002,36.13,30.62,78.19,119
2026-04-04,W003,74.74,31.01,69.66,76
2026-04-04,W004,61.39,30.18,64.89,250
2026-04-04,W005,12.75,25.99,61.99,117
2026-04-04,W006,99.78,33.73,67.53,154
2026-04-04,W007,35.44,24.39,72.37,103
2026-04-04,W008,82.58,28.81,63.21,53
2026-04-04,W009,80.6,33.07,84.23,221
2026-04-04,W010,59.29,33.49,82.28,69
2026-04-05,W001,86.83,25.01,63.96,109
2026-04-05,W002,54.81,33.77,64.24,62
2026-04-05,W003,11.98,25.75,56.38,124
2026-04-05,W004,43.23,30.77,69.91,79
2026-04-05,W005,11.4,31.58,56.61,85
2026-04-05,W006,79.6,25.71,67.51,162
2026-04-05,W007,114.61,26.68,80.66,145
2026-04-05,W008,97.8,25.83,69.03,166
2026-04-05,W009,32.62,27.86,84.77,157
2026-04-05,W010,77.86,31.97,58.96,228
2026-04-06,W001,87.17,33.82,84.55,76
2026-04-06,W002,49.92,29.91,83.08,223
2026-04-06,W003,52.58,30.11,82.27,206
2026-04-06,W004,3.46,30.84,84.35,83
2026-04-06,W005,57.97,28.88,86.07,162
2026-04-06,W006,5.52,26.62,66.0,230
2026-04-06,W007,104.2,29.25,81.03,235
2026-04-06,W008,67.8,33.78,78.44,136
2026-04-06,W009,62.29,30.88,76.64,160
2026-04-06,W010,79.41,26.49,67.1,223
2026-04-07,W001,76.97,25.49,83.93,206
2026-04-07,W002,6.55,30.43,60.49,170
2026-04-07,W003,102.22,32.69,57.62,175
2026-04-07,W004,38.48,27.31,64.74,179
2026-04-07,W005,26.72,30.43,69.11,110
2026-04-07,W006,9.46,28.44,75.06,72
2026-04-07,W007,102.79,28.47,59.15,177
2026-04-07,W008,89.43,24.18,69.12,59
2026-04-07,W009,66.86,24.0,58.18,204
2026-04-07,W010,115.58,30.38,86.15,193
2026-04-08,W001,24.82,30.71,88.26,143
2026-04-08,W002,99.04,32.17,84.55,134
2026-04-08,W003,67.22,30.2,71.56,218
2026-04-08,W004,43.6,28.53,58.41,218
2026-04-08,W005,26.61,27.41,84.05,124
2026-04-08,W006,65.72,27.74,58.72,92
2026-04-08,W007,59.09,32.22,80.99,154
2026-04-08,W008,12.84,30.11,61.56,150
2026-04-08,W009,25.87,32.25,61.67,136
2026-04-08,W010,12.93,28.14,87.43,222
2026-04-09,W001,70.66,31.72,70.77,218
2026-04-09,W002,70.72,29.04,88.73,51
2026-04-09,W003,63.64,24.49,87.74,199
2026-04-09,W004,57.95,29.08,87.24,95
2026-04-09,W005,83.02,25.74,83.53,76
2026-04-09,W006,46.49,30.01,85.89,179
2026-04-09,W007,105.77,28.19,76.31,227
2026-04-09,W008,91.48,26.74,88.73,125
2026-04-09,W009,54.34,25.33,69.45,229
2026-04-09,W010,106.37,29.12,84.51,190
2026-04-10,W001,103.28,31.12,87.74,211
2026-04-10,W002,26.08,26.1,80.0,225
2026-04-10,W003,41.44,30.72,89.35,216
2026-04-10,W004,117.02,25.78,73.99,213
2026-04-10,W005,38.69,25.15,67.33,172
2026-04-10,W006,69.94,33.43,79.85,222
2026-04-10,W007,89.74,32.41,65.01,158
2026-04-10,W008,97.0,29.23,55.88,87
2026-04-10,W009,6.37,24.57,64.34,91
2026-04-10,W010,118.02,30.83,60.12,65
2026-04-11,W001,82.87,26.95,81.38,58
2026-04-11,W002,43.04,28.53,76.56,222
2026-04-11,W003,88.74,32.65,80.98,193
2026-04-11,W004,46.67,29.11,82.89,228
2026-04-11,W005,34.52,30.64,87.43,149
2026-04-11,W006,49.99,31.88,78.98,191
2026-04-11,W007,6.46,31.44,62.11,249
2026-04-11,W008,103.25,28.43,62.89,212
2026-04-11,W009,84.56,30.48,81.43,189
2026-04-11,W010,88.61,25.96,80.37,99
2026-04-12,W001,35.3,25.77,78.89,97
2026-04-12,W002,115.5,31.35,59.18,60
2026-04-12,W003,51.42,29.57,59.55,199
2026-04-12,W004,101.52,24.06,71.32,89
2026-04-12,W005,4.79,33.29,75.89,248
2026-04-12,W006,111.89,30.16,78.17,175
2026-04-12,W007,94.79,29.5,57.55,231
2026-04-12,W008,38.14,26.2,61.44,67
2026-04-12,W009,94.35,25.59,74.01,153
2026-04-12,W010,11.03,26.21,62.47,134
2026-04-13,W001,39.73,26.94,88.26,208
2026-04-13,W002,63.66,33.97,83.83,216
2026-04-13,W003,1.06,30.69,70.6,214
2026-04-13,W004,73.64,30.21,88.56,224
2026-04-13,W005,106.28,27.81,82.87,79
2026-04-13,W006,46.31,29.4,64.9,182
2026-04-13,W007,98.65,27.75,83.1,164
2026-04-13,W008,58.42,26.96,77.8,132
2026-04-13,W009,61.67,33.48,60.86,247
2026-04-13,W010,64.56,24.07,57.29,221
2026-04-14,W001,75.54,26.13,78.99,76
2026-04-14,W002,24.67,32.29,85.75,239
2026-04-14,W003,93.02,30.47,87.89,241
2026-04-14,W004,82.33,24.24,80.09,59
2026-04-14,W005,10.5,24.54,82.8,192
2026-04-14,W006,8.45,32.22,86.88,154
2026-04-14,W007,46.56,30.3,70.16,54
2026-04-14,W008,46.74,25.18,55.21,234
2026-04-14,W009,74.2,31.56,75.5,229
2026-04-14,W010,101.79,27.58,72.6,124
2026-04-15,W001,94.43,27.01,58.03,245
2026-04-15,W002,111.2,27.81,83.77,57
2026-04-15,W003,56.88,29.33,59.77,150
2026-04-15,W004,95.61,32.49,65.32,212
2026-04-15,W005,17.29,30.77,87.0,236
2026-04-15,W006,77.75,33.57,55.39,192
2026-04-15,W007,16.96,24.42,75.05,150
2026-04-15,W008,64.46,33.47,65.66,241
2026-04-15,W009,88.97,31.26,62.41,215
2026-04-15,W010,102.18,25.42,61.44,207
2026-04-16,W001,100.17,25.94,61.35,195
2026-04-16,W002,102.27,32.51,87.63,190
2026-04-16,W003,55.35,29.5,65.17,67
2026-04-16,W004,30.08,25.97,75.32,134
2026-04-16,W005,42.86,30.71,63.21,122
2026-04-16,W006,74.34,33.0,66.12,165
2026-04-16,W007,39.4,30.59,79.27,89
2026-04-16,W008,67.87,27.64,66.07,159
2026-04-16,W009,20.24,27.13,82.5,232
2026-04-16,W010,88.78,28.36,84.4,84
2026-04-17,W001,81.55,27.32,71.8,164
2026-04-17,W002,43.05,27.05,74.31,94
2026-04-17,W003,77.47,24.82,64.82,85
2026-04-17,W004,106.96,25.96,80.67,210
2026-04-17,W005,9.18,24.75,55.65,179
2026-04-17,W006,75.8,32.13,75.26,246
2026-04-17,W007,70.8,33.06,74.31,189
2026-04-17,W008,107.28,29.4,77.89,88
2026-04-17,W009,43.9,26.23,82.03,237
2026-04-17,W010,102.86,25.34,72.54,73
2026-04-18,W001,47.61,29.02,78.19,207
2026-04-18,W002,82.1,31.57,59.91,90
2026-04-18,W003,21.5,33.49,78.08,87
2026-04-18,W004,88.31,28.84,67.56,106
2026-04-18,W005,91.38,26.32,64.25,109
2026-04-18,W006,5.14,26.07,86.77,142
2026-04-18,W007,46.57,33.18,85.85,60
2026-04-18,W008,117.67,27.24,79.63,183
2026-04-18,W009,76.03,26.73,80.97,198
2026-04-18,W010,65.32,25.74,77.88,143
2026-04-19,W001,70.52,32.98,57.72,114
2026-04-19,W002,45.16,33.07,73.07,140
2026-04-19,W003,98.07,27.45,82.74,204
2026-04-19,W004,0.79,32.82,70.4,108
2026-04-19,W005,9.25,30.43,62.4,97
2026-04-19,W006,18.88,30.02,83.59,219
2026-04-19,W007,27.64,32.11,80.21,173
2026-04-19,W008,81.03,28.79,75.68,215
2026-04-19,W009,100.0,24.22,56.51,196
2026-04-19,W010,71.08,25.35,72.94,196
2026-04-20,W001,17.62,25.66,87.29,182
2026-04-20,W002,114.99,29.99,74.73,54
2026-04-20,W003,105.42,31.28,83.75,71
2026-04-20,W004,25.99,30.07,71.5,173
2026-04-20,W005,20.47,32.3,76.03,199
2026-04-20,W006,98.45,25.82,78.09,117
2026-04-20,W007,20.13,30.86,87.28,202
2026-04-20,W008,70.87,26.3,68.49,77
2026-04-20,W009,1.99,29.23,86.83,225
2026-04-20,W010,50.38,25.5,58.37,171
2026-04-21,W001,108.19,30.0,85.72,186
2026-04-21,W002,60.4,25.18,71.88,83
2026-04-21,W003,108.24,29.39,55.04,248
2026-04-21,W004,81.43,28.31,69.72,61
2026-04-21,W005,83.72,28.29,87.84,173
2026-04-21,W006,94.75,27.81,75.62,239
2026-04-21,W007,108.94,32.37,75.16,158
2026-04-21,W008,16.07,28.77,63.14,71
2026-04-21,W009,33.99,32.77,69.3,98
2026-04-21,W010,0.66,31.44,55.25,183
2026-04-22,W001,14.14,24.07,77.91,226
2026-04-22,W002,96.51,28.09,58.73,159
2026-04-22,W003,78.19,26.54,84.92,158
2026-04-22,W004,67.76,30.12,89.71,151
2026-04-22,W005,90.6,28.13,82.43,173
2026-04-22,W006,21.45,29.59,71.93,128
2026-04-22,W007,69.32,31.74,68.93,85
2026-04-22,W008,102.6,30.59,81.17,164
2026-04-22,W009,93.97,33.49,58.51,180
2026-04-22,W010,48.07,27.38,74.27,228
2026-04-23,W001,82.15,24.52,68.62,212
2026-04-23,W002,0.63,24.91,60.09,203
2026-04-23,W003,52.25,24.64,62.76,70
2026-04-23,W004,73.08,31.24,87.57,152
2026-04-23,W005,73.68,29.21,79.91,202
2026-04-23,W006,6.9,31.74,61.13,176
2026-04-23,W007,52.68,26.02,77.99,182
2026-04-23,W008,34.32,24.34,75.98,182
2026-04-23,W009,83.81,30.15,78.59,142
2026-04-23,W010,28.71,24.0,60.51,120
2026-04-24,W001,93.56,27.53,68.83,200
2026-04-24,W002,24.04,24.15,79.63,73
2026-04-24,W003,65.95,31.26,74.57,199
2026-04-24,W004,41.77,33.63,64.68,205
2026-04-24,W005,115.57,28.55,69.14,51
2026-04-24,W006,31.33,28.07,58.73,68
2026-04-24,W007,60.38,27.4,59.1,181
2026-04-24,W008,114.81,32.76,83.46,197
2026-04-24,W009,30.02,28.43,68.2,173
2026-04-24,W010,92.4,31.57,88.64,167
2026-04-25,W001,81.79,32.97,85.17,173
2026-04-25,W002,13.95,24.68,77.18,106
2026-04-25,W003,81.23,26.3,66.05,140
2026-04-25,W004,61.98,24.1,84.13,113
2026-04-25,W005,34.47,27.99,81.21,137
2026-04-25,W006,9.12,33.31,71.68,140
2026-04-25,W007,26.23,29.74,61.4,241
2026-04-25,W008,81.97,33.1,72.46,101
2026-04-25,W009,28.18,26.42,64.29,108
2026-04-25,W010,24.33,26.5,76.65,89
2026-04-26,W001,93.47,25.2,57.75,219
2026-04-26,W002,59.12,24.07,85.0,60
2026-04-26,W003,101.76,27.71,66.04,197
2026-04-26,W004,104.25,28.91,89.45,180
2026-04-26,W005,33.63,26.22,75.18,63
2026-04-26,W006,63.09,28.23,87.89,58
2026-04-26,W007,60.3,27.94,79.02,94
2026-04-26,W008,54.86,25.2,73.14,130
2026-04-26,W009,82.71,24.12,62.38,198
2026-04-26,W010,12.09,27.62,85.16,97
2026-04-27,W001,65.83,26.37,71.5,206
2026-04-27,W002,41.17,25.84,69.84,157
2026-04-27,W003,84.09,27.72,84.9,121
2026-04-27,W004,54.09,29.71,89.27,225
2026-04-27,W005,27.43,25.0,64.45,110
2026-04-27,W006,66.64,32.56,61.86,239
2026-04-27,W007,17.95,32.06,61.18,177
2026-04-27,W008,16.14,32.93,77.07,186
2026-04-27,W009,86.47,31.85,65.5,193
2026-04-27,W010,103.02,24.48,58.46,91
2026-04-28,W001,7.2,32.14,71.68,211
2026-04-28,W002,11.56,31.45,64.09,142
2026-04-28,W003,67.24,33.32,64.02,55
2026-04-28,W004,49.41,27.51,78.79,205
2026-04-28,W005,23.87,29.76,77.72,94
2026-04-28,W006,117.52,26.85,66.38,180
2026-04-28,W007,58.5,31.37,86.14,147
2026-04-28,W008,73.64,28.64,88.48,92
2026-04-28,W009,76.87,33.29,69.76,206
2026-04-28,W010,68.6,32.49,57.5,91
2026-04-29,W001,41.24,27.13,77.86,231
2026-04-29,W002,32.1,30.45,64.49,163
2026-04-29,W003,93.72,33.39,81.18,183
2026-04-29,W004,115.86,28.14,61.44,55
2026-04-29,W005,15.0,26.35,63.81,240
2026-04-29,W006,84.08,24.8,60.84,76
2026-04-29,W007,11.47,33.37,71.56,63
2026-04-29,W008,3.16,27.97,81.77,71
2026-04-29,W009,12.47,30.18,57.95,149
2026-04-29,W010,37.12,26.47,64.95,210
2026-04-30,W001,15.17,29.27,60.97,58
2026-04-30,W002,79.63,32.6,66.38,171
2026-04-30,W003,56.06,32.71,87.72,190
2026-04-30,W004,53.38,33.7,79.42,95
2026-04-30,W005,70.9,28.57,81.21,194
2026-04-30,W006,52.2,30.4,73.68,138
2026-04-30,W007,57.8,26.27,58.13,128
2026-04-30,W008,43.89,26.6,65.63,50
2026-04-30,W009,62.8,31.58,59.77,123
2026-04-30,W010,56.3,24.08,87.27,243
2026-05-01,W001,57.25,24.09,70.07,124
2026-05-01,W002,71.64,31.97,74.19,98
2026-05-01,W003,49.41,29.61,68.82,91
2026-05-01,W004,85.79,30.46,83.99,106
2026-05-01,W005,31.56,28.22,63.38,245
2026-05-01,W006,96.0,30.13,79.29,119
2026-05-01,W007,34.16,31.43,83.31,155
2026-05-01,W008,22.56,24.68,59.78,78
2026-05-01,W009,76.43,30.18,64.52,209
2026-05-01,W010,59.04,27.21,60.33,186
2026-05-02,W001,2.66,33.72,64.87,82
2026-05-02,W002,85.82,31.27,63.15,88
2026-05-02,W003,1.77,26.17,69.71,177
2026-05-02,W004,119.76,28.64,82.7,134
2026-05-02,W005,9.63,31.51,60.11,118
2026-05-02,W006,93.08,24.71,71.46,99
2026-05-02,W007,107.48,26.5,68.36,53
2026-05-02,W008,14.64,31.68,63.71,247
2026-05-02,W009,117.0,26.47,89.81,100
2026-05-02,W010,55.3,31.71,73.24,103
2026-05-03,W001,56.74,30.81,65.92,132
2026-05-03,W002,19.03,31.28,81.07,190
2026-05-03,W003,62.51,26.53,77.35,100
2026-05-03,W004,43.25,24.52,78.33,78
2026-05-03,W005,28.32,28.34,55.53,120
2026-05-03,W006,70.16,27.96,63.51,60
2026-05-03,W007,69.73,30.91,79.09,89
2026-05-03,W008,44.57,24.89,60.52,73
2026-05-03,W009,82.31,27.38,88.94,244
2026-05-03,W010,75.02,24.6,77.56,229
2026-05-04,W001,64.36,25.07,72.07,131
2026-05-04,W002,117.8,31.89,81.48,162
2026-05-04,W003,87.98,24.21,68.22,235
2026-05-04,W004,16.17,32.99,71.99,162
2026-05-04,W005,67.08,29.43,72.15,195
2026-05-04,W006,22.4,27.48,80.63,120
2026-05-04,W007,104.12,29.99,85.12,91
2026-05-04,W008,8.27,25.55,65.35,117
2026-05-04,W009,64.99,28.54,82.16,179
2026-05-04,W010,45.49,25.86,55.66,143
2026-05-05,W001,93.12,26.39,80.24,218
2026-05-05,W002,116.06,32.19,61.65,224
2026-05-05,W003,59.71,29.51,76.46,132
2026-05-05,W004,49.18,27.22,58.37,218
2026-05-05,W005,8.0,32.35,59.54,58
2026-05-05,W006,24.25,28.85,58.46,196
2026-05-05,W007,77.01,27.89,72.15,209
2026-05-05,W008,84.16,26.56,67.82,205
2026-05-05,W009,86.14,24.13,87.24,217
2026-05-05,W010,58.97,32.9,57.8,213
2026-05-06,W001,7.28,29.58,87.84,156
2026-05-06,W002,98.64,31.94,57.04,207
2026-05-06,W003,31.9,24.41,57.46,127
2026-05-06,W004,9.35,26.16,73.18,75
2026-05-06,W005,87.02,29.32,61.63,184
2026-05-06,W006,78.83,29.7,88.16,192
2026-05-06,W007,89.9,28.15,58.69,213
2026-05-06,W008,69.19,30.74,79.59,159
2026-05-06,W009,105.94,25.67,61.31,152
2026-05-06,W010,60.56,30.58,73.69,203
2026-05-07,W001,53.16,27.52,66.03,133
2026-05-07,W002,101.38,28.12,77.16,235
2026-05-07,W003,38.81,26.41,74.1,146
2026-05-07,W004,91.88,33.26,63.89,165
2026-05-07,W005,53.7,27.97,80.42,122
2026-05-07,W006,71.49,29.18,89.77,127
2026-05-07,W007,0.79,33.84,62.52,130
2026-05-07,W008,2.6,32.22,79.14,120
2026-05-07,W009,110.29,29.11,74.97,196
2026-05-07,W010,18.57,24.38,67.45,85
2026-05-08,W001,31.8,32.9,63.74,115
2026-05-08,W002,97.33,24.92,68.99,105
2026-05-08,W003,88.11,31.24,82.75,94
2026-05-08,W004,58.59,32.99,79.6,74
2026-05-08,W005,71.43,27.0,80.58,197
2026-05-08,W006,45.79,31.8,87.27,135
2026-05-08,W007,41.75,32.17,69.58,80
2026-05-08,W008,104.37,26.27,77.85,204
2026-05-08,W009,111.44,30.34,77.13,63
2026-05-08,W010,36.57,24.41,73.9,88
2026-05-09,W001,39.22,30.98,60.36,222
2026-05-09,W002,87.79,27.93,70.6,202
2026-05-09,W003,69.03,24.9,70.12,150
2026-05-09,W004,17.76,27.36,71.65,240
2026-05-09,W005,5.92,27.99,57.98,178
2026-05-09,W006,52.14,30.98,81.67,173
2026-05-09,W007,67.12,28.88,77.83,100
2026-05-09,W008,67.34,33.97,73.35,112
2026-05-09,W009,8.6,31.77,66.32,197
2026-05-09,W010,10.75,30.72,69.82,139
2026-05-10,W001,22.86,27.45,77.94,247
2026-05-10,W002,36.58,33.88,76.57,163
2026-05-10,W003,74.78,28.4,87.35,109
2026-05-10,W004,23.96,27.74,81.52,71
2026-05-10,W005,13.48,24.55,88.21,87
2026-05-10,W006,104.25,32.2,55.48,227
2026-05-10,W007,96.51,27.05,71.49,134
2026-05-10,W008,25.08,29.38,62.13,183
2026-05-10,W009,90.04,29.49,76.81,86
2026-05-10,W010,83.41,30.68,68.18,219
2026-05-11,W001,63.22,26.55,57.1,101
2026-05-11,W002,94.7,30.18,56.86,217
2026-05-11,W003,113.42,24.67,78.11,219
2026-05-11,W004,102.25,30.6,85.25,54
2026-05-11,W005,35.1,32.83,68.53,147
2026-05-11,W006,61.02,31.1,86.64,174
2026-05-11,W007,104.01,29.32,61.52,178
2026-05-11,W008,116.01,29.61,79.94,60
2026-05-11,W009,29.69,29.29,66.67,150
2026-05-11,W010,89.33,24.18,78.95,140
2026-05-12,W001,75.03,26.36,89.24,178
2026-05-12,W002,33.11,24.62,64.02,149
2026-05-12,W003,106.85,32.15,56.03,192
2026-05-12,W004,113.89,26.26,66.96,150
2026-05-12,W005,78.83,24.88,68.38,223
2026-05-12,W006,73.49,30.26,62.96,111
2026-05-12,W007,68.75,28.26,65.93,204
2026-05-12,W008,39.51,29.42,62.24,85
2026-05-12,W009,69.72,30.84,62.08,85
2026-05-12,W010,37.08,31.05,73.33,84
2026-05-13,W001,51.61,33.09,81.95,217
2026-05-13,W002,111.96,33.17,66.11,192
2026-05-13,W003,63.96,31.19,61.44,87
2026-05-13,W004,87.25,31.65,85.8,155
2026-05-13,W005,115.34,27.03,81.1,213
2026-05-13,W006,111.99,26.74,82.27,77
2026-05-13,W007,15.79,24.26,89.51,207
2026-05-13,W008,32.02,29.67,63.08,109
2026-05-13,W009,27.71,24.26,57.78,249
2026-05-13,W010,57.19,29.02,76.16,232
2026-05-14,W001,77.95,25.84,68.56,171
2026-05-14,W002,16.5,25.93,56.13,245
2026-05-14,W003,116.26,33.25,88.26,106
2026-05-14,W004,89.08,33.88,81.52,66
2026-05-14,W005,21.25,33.55,70.37,207
2026-05-14,W006,58.79,27.25,71.01,113
2026-05-14,W007,51.31,31.76,76.28,147
2026-05-14,W008,86.42,27.94,87.87,196
2026-05-14,W009,71.26,29.25,85.65,59
2026-05-14,W010,62.48,28.52,83.95,60
2026-05-15,W001,105.33,26.46,73.83,238
2026-05-15,W002,4.71,27.87,81.78,62
2026-05-15,W003,22.78,28.4,85.95,248
2026-05-15,W004,99.31,28.61,69.79,206
2026-05-15,W005,110.28,30.9,86.63,168
2026-05-15,W006,99.59,28.52,80.29,78
2026-05-15,W007,21.57,29.85,86.3,189
2026-05-15,W008,16.24,28.14,70.78,95
2026-05-15,W009,54.44,32.97,86.35,166
2026-05-15,W010,10.82,27.24,77.7,232
2026-05-16,W001,95.58,31.18,59.32,79
2026-05-16,W002,84.75,30.34,57.99,231
2026-05-16,W003,46.09,31.91,72.91,90
2026-05-16,W004,45.44,27.81,81.89,135
2026-05-16,W005,67.86,30.6,60.25,87
2026-05-16,W006,21.46,31.12,69.69,129
2026-05-16,W007,87.62,33.61,65.11,96
2026-05-16,W008,14.11,25.32,62.1,209
2026-05-16,W009,91.85,24.12,72.42,177
2026-05-16,W010,65.22,24.06,85.89,110
2026-05-17,W001,26.02,30.59,70.88,163
2026-05-17,W002,9.53,30.0,63.56,190
2026-05-17,W003,33.37,30.29,83.7,103
2026-05-17,W004,5.87,25.48,77.86,59
2026-05-17,W005,17.44,24.32,75.23,204
2026-05-17,W006,35.81,33.2,56.72,156
2026-05-17,W007,119.25,25.61,64.95,219
2026-05-17,W008,82.98,29.95,82.56,95
2026-05-17,W009,115.96,31.49,67.61,59
2026-05-17,W010,11.18,26.99,67.9,147
2026-05-18,W001,98.43,31.58,84.52,66
2026-05-18,W002,35.14,25.35,79.31,120
2026-05-18,W003,39.51,28.14,62.34,103
2026-05-18,W004,73.45,25.09,80.54,211
2026-05-18,W005,63.47,24.88,80.34,204
2026-05-18,W006,112.07,33.86,65.05,205
2026-05-18,W007,101.74,26.6,75.13,209
2026-05-18,W008,42.46,25.3,74.69,183
2026-05-18,W009,87.5,28.98,83.28,206
2026-05-18,W010,27.93,26.9,61.77,80
2026-05-19,W001,2.88,30.25,59.13,103
2026-05-19,W002,95.95,33.99,69.49,135
2026-05-19,W003,41.96,32.06,62.43,213
2026-05-19,W004,24.14,26.82,82.66,128
2026-05-19,W005,36.03,29.5,81.85,79
2026-05-19,W006,82.3,27.41,80.35,207
2026-05-19,W007,115.21,32.32,61.79,136
2026-05-19,W008,110.67,28.79,71.61,59
2026-05-19,W009,77.48,28.81,76.95,187
2026-05-19,W010,107.51,28.62,83.5,240
2026-05-20,W001,6.72,29.21,74.77,223
2026-05-20,W002,37.86,29.36,62.29,225
2026-05-20,W003,39.81,33.16,82.85,66
2026-05-20,W004,116.35,26.8,56.09,146
2026-05-20,W005,75.18,32.42,74.98,149
2026-05-20,W006,22.49,25.17,82.38,128
2026-05-20,W007,84.63,27.14,56.11,155
2026-05-20,W008,10.42,32.77,68.01,127
2026-05-20,W009,25.94,27.02,58.93,250
2026-05-20,W010,4.49,26.02,58.24,179
2026-05-21,W001,2.99,28.83,72.5,98
2026-05-21,W002,40.81,28.83,85.59,129
2026-05-21,W003,93.06,25.43,85.51,182
2026-05-21,W004,81.21,25.33,80.36,167
2026-05-21,W005,46.51,32.65,59.05,129
2026-05-21,W006,111.88,30.87,75.8,72
2026-05-21,W007,39.99,32.89,58.61,246
2026-05-21,W008,79.08,27.12,75.21,129
2026-05-21,W009,76.66,26.1,62.02,123
2026-05-21,W010,33.2,27.19,70.44,80
2026-05-22,W001,32.72,25.57,59.01,209
2026-05-22,W002,67.16,25.02,73.99,190
2026-05-22,W003,38.22,25.42,79.65,122
2026-05-22,W004,68.89,25.71,65.9,136
2026-05-22,W005,64.87,24.51,56.01,222
2026-05-22,W006,6.05,27.84,58.01,150
2026-05-22,W007,21.48,29.96,75.75,226
2026-05-22,W008,83.92,30.16,65.94,100
2026-05-22,W009,85.55,30.71,73.67,243
2026-05-22,W010,91.73,29.68,58.25,228
2026-05-23,W001,56.19,28.56,78.96,231
2026-05-23,W002,91.98,28.71,88.16,86
2026-05-23,W003,103.33,30.17,86.95,150
2026-05-23,W004,22.0,33.17,66.56,133
2026-05-23,W005,54.39,24.3,71.64,139
2026-05-23,W006,57.44,32.46,64.88,139
2026-05-23,W007,72.53,25.27,58.6,232
2026-05-23,W008,95.61,27.26,77.73,127
2026-05-23,W009,63.93,28.01,69.47,208
2026-05-23,W010,29.24,25.59,71.88,66
2026-05-24,W001,40.89,32.14,75.68,250
2026-05-24,W002,117.62,29.67,66.98,227
2026-05-24,W003,28.34,30.63,57.73,232
2026-05-24,W004,68.9,28.87,75.73,168
2026-05-24,W005,39.05,24.98,70.58,128
2026-05-24,W006,114.71,24.7,58.81,202
2026-05-24,W007,92.56,27.79,72.3,219
2026-05-24,W008,7.38,26.18,59.86,198
2026-05-24,W009,108.39,30.36,55.01,87
2026-05-24,W010,79.31,28.53,65.2,207
2026-05-25,W001,69.35,25.96,78.85,131
2026-05-25,W002,35.97,31.94,78.78,161
2026-05-25,W003,86.13,33.15,89.66,199
2026-05-25,W004,0.97,33.86,69.15,82
2026-05-25,W005,102.3,24.62,86.54,63
2026-05-25,W006,0.1,29.6,89.25,78
2026-05-25,W007,103.35,32.66,63.23,229
2026-05-25,W008,70.82,30.25,79.91,153
2026-05-25,W009,45.79,29.45,78.19,171
2026-05-25,W010,16.69,29.55,84.52,142
2026-05-26,W001,100.8,25.54,89.91,221
2026-05-26,W002,15.07,24.12,77.69,86
2026-05-26,W003,86.56,28.87,70.29,84
2026-05-26,W004,10.16,30.42,69.55,166
2026-05-26,W005,107.23,30.95,87.56,209
2026-05-26,W006,21.58,29.09,74.32,165
2026-05-26,W007,46.17,26.26,69.87,51
2026-05-26,W008,69.35,32.47,63.29,178
2026-05-26,W009,32.31,33.27,75.17,58
2026-05-26,W010,117.39,29.68,79.67,78
2026-05-27,W001,69.63,33.62,57.8,236
2026-05-27,W002,87.76,33.84,89.43,249
2026-05-27,W003,33.53,29.17,73.32,206
2026-05-27,W004,10.61,28.72,80.96,221
2026-05-27,W005,9.37,30.34,82.93,129
2026-05-27,W006,73.56,33.04,73.73,52
2026-05-27,W007,56.26,29.13,71.42,237
2026-05-27,W008,39.78,27.53,89.22,125
2026-05-27,W009,34.71,24.35,87.3,241
2026-05-27,W010,36.49,31.85,64.12,211
2026-05-28,W001,56.78,25.69,56.81,124
2026-05-28,W002,97.07,30.24,65.04,71
2026-05-28,W003,15.22,24.77,82.43,114
2026-05-28,W004,15.9,26.81,85.03,53
2026-05-28,W005,88.97,30.04,86.85,239
2026-05-28,W006,18.14,28.47,83.27,116
2026-05-28,W007,93.9,26.36,61.33,185
2026-05-28,W008,103.44,27.43,57.95,87
2026-05-28,W009,71.47,32.22,84.32,242
2026-05-28,W010,119.23,31.7,63.33,162
2026-05-29,W001,87.12,25.67,75.22,138
2026-05-29,W002,6.52,26.64,83.68,63
2026-05-29,W003,20.11,27.99,65.55,241
2026-05-29,W004,113.79,33.22,63.18,224
2026-05-29,W005,84.67,28.75,60.08,161
2026-05-29,W006,1.42,33.27,70.71,223
2026-05-29,W007,37.88,29.3,88.46,74
2026-05-29,W008,110.13,30.37,88.47,160
2026-05-29,W009,73.26,30.52,64.54,119
2026-05-29,W010,32.05,24.98,77.9,150
2026-05-30,W001,55.33,30.75,63.46,222
2026-05-30,W002,70.65,25.95,66.81,226
2026-05-30,W003,119.19,27.13,55.37,52
2026-05-30,W004,99.8,24.12,58.42,76
2026-05-30,W005,82.26,27.52,80.38,114
2026-05-30,W006,23.17,24.24,58.22,202
2026-05-30,W007,78.79,32.35,88.27,213
2026-05-30,W008,14.61,33.58,58.02,204
2026-05-30,W009,15.59,30.56,86.5,194
2026-05-30,W010,96.38,25.85,58.88,97
2026-05-31,W001,30.4,28.67,87.77,213
2026-05-31,W002,54.41,33.95,81.93,227
2026-05-31,W003,108.41,31.7,66.32,91
2026-05-31,W004,93.69,26.77,57.18,149
2026-05-31,W005,39.92,24.6,88.45,117
2026-05-31,W006,21.35,24.69,89.28,101
2026-05-31,W007,73.24,25.78,72.22,86
2026-05-31,W008,64.88,28.31,76.49,77
2026-05-31,W009,109.51,31.15,58.62,68
2026-05-31,W010,8.45,31.28,82.2,54
2026-06-01,W001,107.58,25.49,77.41,59
2026-06-01,W002,79.75,26.66,79.5,150
2026-06-01,W003,68.96,29.15,87.9,175
2026-06-01,W004,57.38,28.04,80.47,67
2026-06-01,W005,64.82,24.03,88.4,249
2026-06-01,W006,57.85,29.67,87.73,141
2026-06-01,W007,40.01,27.03,56.93,215
2026-06-01,W008,10.88,29.35,88.63,70
2026-06-01,W009,100.94,31.6,65.15,101
2026-06-01,W010,21.19,24.39,68.45,98
2026-06-02,W001,35.86,27.9,58.74,226
2026-06-02,W002,43.11,24.85,77.15,238
2026-06-02,W003,22.74,24.36,55.89,201
2026-06-02,W004,28.62,27.89,82.75,214
2026-06-02,W005,36.93,29.34,84.2,165
2026-06-02,W006,115.99,24.16,66.87,136
2026-06-02,W007,94.53,24.43,59.14,217
2026-06-02,W008,80.08,28.58,78.73,187
2026-06-02,W009,17.87,29.79,87.37,59
2026-06-02,W010,88.26,28.89,55.67,208
2026-06-03,W001,5.5,31.01,59.57,94
2026-06-03,W002,75.92,33.05,83.73,74
2026-06-03,W003,54.74,25.71,75.69,77
2026-06-03,W004,13.7,29.95,76.55,66
2026-06-03,W005,96.53,28.26,83.4,238
2026-06-03,W006,81.41,27.24,89.15,197
2026-06-03,W007,65.51,27.22,88.76,104
2026-06-03,W008,91.71,29.93,66.74,80
2026-06-03,W009,32.87,31.58,60.88,144
2026-06-03,W010,66.41,28.39,87.4,60
2026-06-04,W001,16.0,31.91,77.13,146
2026-06-04,W002,93.32,24.16,72.04,51
2026-06-04,W003,0.87,33.26,79.74,201
2026-06-04,W004,106.43,28.16,83.26,247
2026-06-04,W005,57.12,25.27,60.01,119
2026-06-04,W006,62.77,28.12,87.83,206
2026-06-04,W007,83.0,29.96,80.1,206
2026-06-04,W008,114.04,30.27,82.39,139
2026-06-04,W009,50.25,29.58,61.72,185
2026-06-04,W010,117.21,30.19,85.2,188
2026-06-05,W001,60.9,28.64,76.93,103
2026-06-05,W002,33.17,25.94,82.88,225
2026-06-05,W003,101.25,33.11,72.41,90
2026-06-05,W004,80.42,24.43,77.57,122
2026-06-05,W005,25.15,26.51,76.59,244
2026-06-05,W006,54.38,25.04,56.84,187
2026-06-05,W007,21.11,31.85,71.98,79
2026-06-05,W008,8.5,26.35,70.57,198
2026-06-05,W009,39.12,25.99,78.69,133
2026-06-05,W010,27.61,25.1,62.97,110
2026-06-06,W001,88.53,32.7,68.14,106
2026-06-06,W002,8.82,29.85,56.9,161
2026-06-06,W003,17.39,33.28,70.92,149
2026-06-06,W004,44.82,28.58,61.8,141
2026-06-06,W005,117.07,26.02,59.45,227
2026-06-06,W006,68.24,26.81,58.89,169
2026-06-06,W007,55.03,25.71,67.03,125
2026-06-06,W008,72.44,31.9,77.33,206
2026-06-06,W009,108.67,29.78,74.35,108
2026-06-06,W010,10.38,32.57,72.12,105
2026-06-07,W001,70.99,32.37,64.77,236
2026-06-07,W002,51.37,32.73,63.67,161
2026-06-07,W003,69.54,32.92,75.71,88
2026-06-07,W004,109.65,32.98,69.62,61
2026-06-07,W005,4.81,28.71,81.9,58
2026-06-07,W006,51.08,27.94,83.34,228
2026-06-07,W007,98.55,28.52,63.42,192
2026-06-07,W008,90.37,30.93,69.23,105
2026-06-07,W009,15.93,26.96,77.67,73
2026-06-07,W010,1.91,30.69,60.66,167
2026-06-08,W001,102.95,31.47,55.85,166
2026-06-08,W002,55.65,25.39,79.61,97
2026-06-08,W003,94.78,27.7,71.25,212
2026-06-08,W004,0.16,30.27,68.47,226
2026-06-08,W005,39.95,24.33,69.91,119
2026-06-08,W006,83.77,30.13,75.13,103
2026-06-08,W007,94.52,24.81,85.83,238
2026-06-08,W008,111.87,29.15,86.85,143
2026-06-08,W009,106.56,25.11,67.8,208
2026-06-08,W010,4.9,27.66,77.69,230
2026-06-09,W001,8.04,31.09,62.16,135
2026-06-09,W002,28.64,25.14,71.75,242
2026-06-09,W003,69.61,33.59,62.34,240
2026-06-09,W004,91.31,27.2,86.43,178
2026-06-09,W005,81.63,26.77,57.22,138
2026-06-09,W006,54.29,29.01,84.03,170
2026-06-09,W007,85.18,30.78,73.65,124
2026-06-09,W008,54.24,27.68,78.57,227
2026-06-09,W009,97.06,33.41,57.3,167
2026-06-09,W010,10.48,27.91,61.26,69
2026-06-10,W001,13.12,26.76,79.4,177
2026-06-10,W002,18.06,26.04,88.32,55
2026-06-10,W003,35.18,33.7,73.95,83
2026-06-10,W004,56.87,28.2,80.82,55
2026-06-10,W005,34.98,24.63,85.51,109
2026-06-10,W006,100.19,29.2,66.76,198
2026-06-10,W007,41.14,30.46,66.42,201
2026-06-10,W008,79.9,29.3,74.2,167
2026-06-10,W009,36.49,25.32,82.63,93
2026-06-10,W010,94.71,26.27,68.02,123
2026-06-11,W001,92.37,24.47,67.36,166
2026-06-11,W002,114.75,30.19,60.63,187
2026-06-11,W003,34.23,33.73,84.38,227
2026-06-11,W004,108.57,31.94,60.64,79
2026-06-11,W005,4.94,27.17,59.43,116
2026-06-11,W006,44.36,26.05,79.75,220
2026-06-11,W007,38.03,27.44,68.05,188
2026-06-11,W008,117.06,29.34,59.25,56
2026-06-11,W009,48.55,28.99,60.09,167
2026-06-11,W010,111.34,25.56,88.96,189
2026-06-12,W001,117.07,27.31,79.69,171
2026-06-12,W002,107.52,33.7,81.4,196
2026-06-12,W003,80.03,32.0,80.5,163
2026-06-12,W004,40.64,25.12,71.76,60
2026-06-12,W005,16.73,29.51,65.78,152
2026-06-12,W006,74.1,26.2,67.51,133
2026-06-12,W007,6.6,30.41,75.42,106
2026-06-12,W008,93.75,31.67,61.85,71
2026-06-12,W009,64.61,28.45,78.5,72
2026-06-12,W010,117.1,27.94,72.17,204
2026-06-13,W001,72.61,33.43,86.8,142
2026-06-13,W002,47.71,31.16,69.97,148
2026-06-13,W003,44.74,26.85,67.3,164
2026-06-13,W004,104.92,24.88,80.47,163
2026-06-13,W005,88.98,28.16,70.49,91
2026-06-13,W006,96.68,33.7,69.83,156
2026-06-13,W007,16.75,29.87,58.01,103
2026-06-13,W008,36.39,33.88,73.39,135
2026-06-13,W009,7.93,33.6,81.46,72
2026-06-13,W010,0.79,30.39,64.57,94
2026-06-14,W001,66.7,31.1,81.43,85
2026-06-14,W002,23.91,32.32,65.13,175
2026-06-14,W003,5.07,32.26,84.21,127
2026-06-14,W004,59.29,31.4,62.86,50
2026-06-14,W005,18.48,27.0,77.42,212
2026-06-14,W006,56.7,30.54,86.24,156
2026-06-14,W007,21.52,33.07,77.57,57
2026-06-14,W008,14.32,26.77,89.8,67
2026-06-14,W009,71.87,27.62,71.82,161
2026-06-14,W010,104.2,30.28,71.66,227
2026-06-15,W001,98.19,27.73,80.65,54
2026-06-15,W002,101.43,25.63,57.05,131
2026-06-15,W003,55.33,30.93,67.51,63
2026-06-15,W004,32.72,28.2,86.92,141
2026-06-15,W005,5.85,26.92,77.36,69
2026-06-15,W006,61.66,31.66,61.41,74
2026-06-15,W007,71.85,25.67,66.29,130
2026-06-15,W008,99.22,30.85,65.54,225
2026-06-15,W009,83.76,27.63,73.7,140
2026-06-15,W010,98.8,24.13,73.14,145
2026-06-16,W001,93.46,28.12,87.23,91
2026-06-16,W002,12.29,25.55,62.74,98
2026-06-16,W003,95.41,29.59,79.14,184
2026-06-16,W004,101.53,31.13,79.58,79
2026-06-16,W005,50.08,33.16,59.08,83
2026-06-16,W006,110.81,28.8,65.91,142
2026-06-16,W007,16.68,28.42,89.57,183
2026-06-16,W008,91.63,27.42,79.85,57
2026-06-16,W009,89.34,25.19,59.51,227
2026-06-16,W010,17.08,26.27,59.39,83
2026-06-17,W001,117.73,28.25,81.71,78
2026-06-17,W002,9.33,31.75,81.51,60
2026-06-17,W003,23.56,24.33,78.09,201
2026-06-17,W004,7.11,25.19,63.86,66
2026-06-17,W005,36.2,24.1,58.38,81
2026-06-17,W006,110.41,26.05,86.54,97
2026-06-17,W007,80.47,24.29,60.09,241
2026-06-17,W008,113.02,33.49,67.17,91
2026-06-17,W009,102.62,31.81,76.45,179
2026-06-17,W010,68.43,24.99,75.23,53
2026-06-18,W001,63.46,31.16,88.75,93
2026-06-18,W002,108.2,29.37,89.08,75
2026-06-18,W003,110.91,33.2,84.8,171
2026-06-18,W004,43.98,29.89,70.39,77
2026-06-18,W005,21.7,27.55,68.29,104
2026-06-18,W006,61.71,28.08,81.65,130
2026-06-18,W007,14.83,25.1,59.76,245
2026-06-18,W008,43.35,26.88,80.27,71
2026-06-18,W009,39.37,25.16,64.93,203
2026-06-18,W010,88.34,30.87,84.44,107
2026-06-19,W001,66.47,26.91,84.94,98
2026-06-19,W002,102.81,32.95,83.09,223
2026-06-19,W003,44.09,24.13,78.6,222
2026-06-19,W004,12.62,28.38,78.05,71
2026-06-19,W005,14.31,27.95,79.33,76
2026-06-19,W006,88.97,32.92,60.91,143
2026-06-19,W007,117.02,27.39,75.82,153
2026-06-19,W008,14.73,32.38,80.38,121
2026-06-19,W009,91.78,31.66,75.78,243
2026-06-19,W010,94.74,30.44,69.01,171
2026-06-20,W001,80.0,33.5,89.56,180
2026-06-20,W002,33.47,31.68,58.78,114
2026-06-20,W003,58.72,26.31,87.98,57
2026-06-20,W004,11.95,24.53,57.39,223
2026-06-20,W005,3.21,25.79,76.16,133
2026-06-20,W006,18.33,30.22,58.37,69
2026-06-20,W007,79.33,29.2,72.23,169
2026-06-20,W008,24.23,30.62,72.16,116
2026-06-20,W009,65.09,32.09,73.92,54
2026-06-20,W010,114.31,24.32,70.06,80
2026-06-21,W001,46.04,27.15,68.17,167
2026-06-21,W002,4.32,25.77,78.08,249
2026-06-21,W003,36.37,31.06,72.2,84
2026-06-21,W004,37.5,27.89,81.74,195
2026-06-21,W005,81.0,30.6,78.99,196
2026-06-21,W006,56.38,29.62,60.47,64
2026-06-21,W007,46.97,28.95,88.98,207
2026-06-21,W008,81.18,31.66,64.96,65
2026-06-21,W009,3.38,24.45,84.29,139
2026-06-21,W010,97.15,29.84,81.78,210
2026-06-22,W001,40.95,24.97,67.08,141
2026-06-22,W002,49.43,24.56,63.55,110
2026-06-22,W003,77.77,29.93,86.86,66
2026-06-22,W004,104.27,25.14,60.94,187
2026-06-22,W005,39.13,28.61,85.22,195
2026-06-22,W006,61.77,28.21,55.71,170
2026-06-22,W007,70.56,33.86,68.22,149
2026-06-22,W008,38.69,24.98,72.09,226
2026-06-22,W009,81.01,27.36,72.6,245
2026-06-22,W010,80.09,25.67,65.48,161
2026-06-23,W001,24.21,30.35,89.09,69
2026-06-23,W002,100.85,29.36,65.06,62
2026-06-23,W003,35.68,29.74,83.16,209
2026-06-23,W004,89.15,24.92,84.55,74
2026-06-23,W005,71.02,26.73,74.82,185
2026-06-23,W006,57.03,26.1,82.85,216
2026-06-23,W007,98.85,29.05,65.5,219
2026-06-23,W008,64.79,26.0,69.08,209
2026-06-23,W009,61.84,30.72,74.16,54
2026-06-23,W010,75.34,29.16,61.53,177
2026-06-24,W001,25.55,33.62,80.98,169
2026-06-24,W002,32.15,30.38,83.31,246
2026-06-24,W003,108.82,33.35,80.43,65
2026-06-24,W004,62.67,27.64,60.17,88
2026-06-24,W005,89.57,31.66,84.54,155
2026-06-24,W006,38.24,32.3,57.25,102
2026-06-24,W007,101.52,26.67,65.05,91
2026-06-24,W008,30.77,30.01,69.21,79
2026-06-24,W009,18.0,24.28,82.9,129
2026-06-24,W010,55.7,29.6,70.26,215
2026-06-25,W001,108.68,26.02,64.54,57
2026-06-25,W002,31.01,32.04,78.05,95
2026-06-25,W003,77.32,24.42,80.29,250
2026-06-25,W004,2.39,32.6,57.94,204
2026-06-25,W005,35.76,24.64,88.43,143
2026-06-25,W006,80.6,32.86,68.89,235
2026-06-25,W007,101.13,26.36,74.98,178
2026-06-25,W008,111.95,29.22,84.01,248
2026-06-25,W009,111.79,26.52,85.96,110
2026-06-25,W010,71.98,31.73,65.97,199
2026-06-26,W001,88.47,32.06,81.04,158
2026-06-26,W002,26.16,25.07,62.49,120
2026-06-26,W003,52.74,26.54,75.63,175
2026-06-26,W004,64.02,31.0,58.95,189
2026-06-26,W005,50.85,30.83,88.72,250
2026-06-26,W006,112.44,27.63,80.05,128
2026-06-26,W007,2.53,33.67,76.2,239
2026-06-26,W008,79.47,33.41,79.17,221
2026-06-26,W009,28.76,29.53,65.82,229
2026-06-26,W010,43.54,32.12,59.27,110
2026-06-27,W001,102.92,27.88,86.84,150
2026-06-27,W002,111.3,33.18,65.53,243
2026-06-27,W003,28.26,26.1,86.16,162
2026-06-27,W004,75.76,32.79,81.84,154
2026-06-27,W005,94.72,26.74,57.8,249
2026-06-27,W006,112.86,28.71,69.45,135
2026-06-27,W007,86.09,32.77,83.71,91
2026-06-27,W008,83.82,29.06,67.31,204
2026-06-27,W009,87.51,29.48,66.44,227
2026-06-27,W010,3.28,24.52,77.46,211
2026-06-28,W001,53.21,30.41,55.11,101
2026-06-28,W002,75.4,27.14,57.88,90
2026-06-28,W003,29.95,31.14,81.87,216
2026-06-28,W004,91.58,32.47,79.0,131
2026-06-28,W005,54.18,32.74,59.67,94
2026-06-28,W006,82.5,32.27,82.98,100
2026-06-28,W007,10.13,27.68,68.77,146
2026-06-28,W008,113.37,32.84,62.86,55
2026-06-28,W009,110.77,30.47,76.93,72
2026-06-28,W010,116.9,25.98,79.54,93
2026-06-29,W001,5.97,30.18,76.01,88
2026-06-29,W002,10.69,27.68,88.15,80
2026-06-29,W003,1.69,29.26,82.07,166
2026-06-29,W004,99.27,28.94,62.86,102
2026-06-29,W005,22.87,32.62,82.37,123
2026-06-29,W006,89.57,27.82,70.1,102
2026-06-29,W007,72.01,33.95,64.9,223
2026-06-29,W008,22.72,25.8,82.74,57
2026-06-29,W009,34.82,26.62,76.62,113
2026-06-29,W010,44.36,30.84,71.04,52
2026-06-30,W001,56.27,32.71,89.1,151
2026-06-30,W002,82.42,31.13,79.8,238
2026-06-30,W003,71.66,24.73,74.49,63
2026-06-30,W004,39.94,26.35,86.79,205
2026-06-30,W005,112.72,33.67,75.94,241
2026-06-30,W006,97.18,24.05,72.66,147
2026-06-30,W007,36.3,27.95,67.98,193
2026-06-30,W008,4.93,25.79,60.95,176
2026-06-30,W009,111.64,32.78,59.62,131
2026-06-30,W010,85.23,28.33,64.11,130
